"abbreviation","full","suggested rules",,,
"com","committee","if a board member, then com=committee",,,"This list captures all abbreviations present in the data."
"com","communications","if com follows ""of"" then communications?",,,"These do not need to have 1:1 mappings - conflicts will exist"
"sr","senior",,,,
"jr","junior",,,,
"j","junior",,,,
"adv","advisor","if at the end of the title, then advisor likely",,,
"adv","advancement","if in between words then advancement",,,
"gm","general manager",,,,
"dd","deputy director",,,,
"d","director",,,,
"m","manager","not sure",,,
"m","member","not sure",,,
"m","museum","not sure",,,
"inst","institutional","if in between words or if followed by advancement, then institutional",,,
"inst","instructor","if at the end of a title, then instructor",,,
"chf","chief",,,,
"exp","experience",,,,
"ofcr","officer",,,,
"ofc","officer",,,,
"t","trustee","not sure",,,
"t","treasurer","not sure",,,
"int'l","international",,,,
