"title-var","title","domain","emp","ceo","c-level","s-dir-vp","dir-vp","s-mgr","mgr","s-spec","spec","board","pres","vp","sec","tres","com",,
"ED","CEO","management","X","X","X",,,,,,,,,,,,,"all title=X should have the same taxonomy codes","each title occurs only once on the title-mapping tab"
"EXEC DIR","CEO","management","X","X","X",,,,,,,,,,,,,,
"CEO","CEO","management","X","X","X",,,,,,,,,,,,,,
"CHIEF EXEC","CEO","management","X","X","X",,,,,,,,,,,,,,
,,,,,,,,,,,,,,,,,,,
"VICE PRES MARKETING","VP OF MARKETING","marketing","X",,,,"X",,,,,,,,,,,,
"CHAIRMAN OF THE BOARD","BOARD PRESIDENT","board",,,,,,,,,,"X","X",,,,,,
,,,,,,,,,,,,,,,,,,,
,,,,,,,,,,,,,,,,,,,
"role-position","employee or board member (should be mutually exclusive after titles separated)",,,,,,,,,,,,,,,,,,
,"emp=employee, board=board member",,,,,,,,,,,,,,,,,,
,"role-status (current, former, interim): see subsequent tabs",,,,,,,,,,,,,,,,,,
,,,,,,,,,,,,,,,,,,,
"hierarchy","each role should belong to a hierarchy and are mostly but not always mutually exclusive (ceo + c-level, for example)",,,,,,,,,,,,,,,,,,
"(employee)","ceo=exec dir,   c-level=chief level leadership position,   dir-vp=vp or director or (not c-level),   mgr=manager,   spec=specialist,   s-xxx=senior",,,,,,,,,,,,,,,,,,
"(board)","pres=president of the board,   vp=vice president of the board,   sec=secretary of the board,   tres=treasurer of the board,   com=board committee member",,,,,,,,,,,,,,,,,,
,,,,,,,,,,,,,,,,,,,
"domain","functional domains of responsibility",,,,,,,,,,,,,,,,,,
,,,,,,,,,,,,,,,,,,,
,"General Management",,,,,,,,,,,,,,,,,,
,"1. CEO (D2)",,,,,,,,,,,,,,,,,,
,"2. COO (D2)",,,,,,,,,,,,,,,,,,
,"3. Etc…",,,,,,,,,,,,,,,,,,
,"Operations Generic (Corporate)",,,,,,,,,,,,,,,,,,
,"1. Marketing",,,,,,,,,,,,,,,,,,
,"2. IT",,,,,,,,,,,,,,,,,,
,"3. Facilities management",,,,,,,,,,,,,,,,,,
,"4. Human resources",,,,,,,,,,,,,,,,,,
,"5. Finance",,,,,,,,,,,,,,,,,,
,"6. Development / fundraising",,,,,,,,,,,,,,,,,,
,"Programs or Operations Specific to a Domain",,,,,,,,,,,,,,,,,,
,"1. Museum curator",,,,,,,,,,,,,,,,,,
,"2. Nursing",,,,,,,,,,,,,,,,,,
,"3. Faculty",,,,,,,,,,,,,,,,,,
