"Notes for discussion or cases that you do not know how to categorize.",,,
,,,
"should ""as of""/""since"" be classified as interim or future?",,,
"it's sometimes ambiguous when ""president"" refers to ceo and when it refers to board pres",,,"if president  = officer and paid, or former and paid ==> president = ceo"
"""immediate pa"" = ?",,,
"""term"" = short for ""terminated""",,,
,,,
"Standardize order of titles with ""of"":",,,
"human resource director --> director of human resources",,,
"operations vp --> vice president of operations",,,
,,,
"Turn ""co-"" into duplex code and remove status from title?",,,
,,,
,,,
,,,
,,,
,,,
"Unique SOC L3 soc.lables for DIR/VP",,,
"Advertising and Promotions Managers",,,
"Marketing and Sales Managers",,,
"Public Relations and Fundraising Managers",,,
"Administrative Services and Facilities Managers",,,
"Computer and Information Systems Managers",,,
"Financial Managers",,,
"Industrial Production Managers",,,
"Purchasing Managers",,,
"Transportation, Storage, and Distribution Managers",,,
"Compensation and Benefits Managers",,,
"Human Resources Managers",,,
"Training and Development Managers",,,
"Farmers, Ranchers, and Other Agricultural Managers",,,
"Construction Managers",,,
"Education and Childcare Administrators",,,
"Architectural and Engineering Managers",,,
"Food Service Managers",,,
"Entertainment and Recreation Managers",,,
"Lodging Managers",,,
"Medical and Health Services Managers",,,
"Natural Sciences Managers",,,
"Postmasters and Mail Superintendents",,,
"Property, Real Estate, and Community Association Managers",,,
"Social and Community Service Managers",,,
"Emergency Management Directors",,,
"Personal Service Managers",,,
"Miscellaneous Managers",,,
