"ROLE",,,
,"role position","employee vs board",
,"role status","former, interim, current, future, co, at large, ex-oficio, etc.",
,,,
"HIERARCHY",,,
,"employee hierarchy",,
,,"1. CEO / Director",
,,"2. C-Level Officer",
,,"3. Senior VP / Senior Director",
,,"4. VP / Director",
,,"5. Senior Manager",
,,"6. Manager",
,,"7. Senior Specialist",
,,"8. Specialist",
,"board hierarchy",,
,,"1. President / Chairman",
,,"2. Vice-President",
,,"3. Secretary",
,,"4. Treasurer",
,,"5. Committee Member",
,,"6. Regular board member",
,,,
"DOMAIN","functional domains of responsibility (to select by activity, not by title)",,
,,,
,,,
,"domain-cat","domain-cat-detail",
,"General Management",,
,,"CEO",
,,"COO",
,,"Etc…",
,"Operations General",,
,,"Marketing","CMO"
,,"IT",
,,"Facilities management",
,,"Human resources",
,,"Finance","CFO"
,,"Development / fundraising",
,"Programs or Domain Specific Operations",,
,,"Museum curator",
,,"Teacher",
,,"Physician",
,"Other",,
