"title.standard","domain.category","domainl.label","soc.label","major.group","minor.group","broad.group","detailed.occupation","emp","ceo","c.level","dir.vp","mgr","spec","board","pres","vp","sec","treas","com","FLAG"
"ACCOUNTANT","operations","finance","Accountants and Auditors","13","13-2000","13-2010","13-2011","X",,,,,"X",,,,,,,
"ACTOR","industry-specific","arts and history","Actors, producers, and directors","27","27-2000","27-2010","27-2011","X",,,,,"X",,,,,,,
"ADMINISTRATIVE ASSISTANT","operations","administration","Secretaries and administrative assistants","43","43-6000","43-6010",,"X",,,,,"X",,,,,,,
"ADMINISTRATOR","operations","administration","Administrative services and facilities managers","11","11-3000","11-3010","11-3012","X",,,,"X",,,,,,,,
"ADOPTION COUNSELOR","industry-specific","social services","Counselors","21","21-1000","21-1010",,"X",,,,,"X",,,,,,,
"ADVISOR","operations","business development",,,,,,"X",,,,,"X",,,,,,,
"ALTERNATE","non-job title","xxx",,,,,,,,,,,,,,,,,,
"AMBASSADOR","non-job title","xxx",,,,,,,,,,,,,,,,,,
"ANALYST","operations","administration","management analysts","13","13-1000","13-1110","13-1111","X",,,,,"X",,,,,,,
"ARCHITECT","industry-specific","engineering and architecture","Architects, except naval","17","17-1000","17-1010",,"X",,,,,"X",,,,,,,
"ARCHIVES DIRECTOR","industry-specific","arts and history",,,,,,"X",,,"X",,,,,,,,,
"ARCHIVIST","industry-specific","arts and history","Archivists, Curators, and Museum Technicians","25","25-4000","25-4010","25-4011","X",,,,,"X",,,,,,,
"ARTIST","industry-specific","arts and history","Artists and related workers","27","27-1000","27-1010","27-2013","X",,,,,"X",,,,,,,
"ARTISTIC DIRECTOR","industry-specific","arts and history","Artists and related workers","27","27-1000","27-1010","27-1011","X",,,"X",,,,,,,,,
"ASSISTANT","operations","administration","Secretaries and administrative assistants","43","43-6000","43-6010",,"X",,,,,"X",,,,,,,
"ATHLETE","industry-specific","recreation and sports","Athletes, coaches, umpires, and related workers","27","27-2000","27-2020","27-2023","X",,,,,"X",,,,,,,
"ATTORNEY","operations","legal","Lawyers","23","23-1000","23-1010","23-1011","X",,,,,"X",,,,,,,
"AUDITOR","operations","finance","Accountants and Auditors","13","13-2000","13-2010","13-2011","X",,,,,"X",,,,,,,
"BAND DIRECTOR","industry-specific","arts and history","Musicians, singers, and related workers","27","27-2000","27-2040","27-2041","X",,,"X",,,,,,,,,
"BOARD CHAIR","board","board",,,,,,,,,,,,"X",,,,,,
"BOARD MEMBER","board","board","board","board","board","board","board",,,,,,,"X",,,,,,
"BOARD PRESIDENT","board","board","board","board","board","board","board",,,,,,,"X","X",,,,,
"BOARD SECRETARY","board","board","board","board","board","board","board",,,,,,,"X",,,"X",,,
"BOARD SECRETARY TREASURER","board","board",,,,,,,,,,,,"X",,,"X","X",,
"BOARD TREASURER","board","board",,,,,,,,,,,,"X",,,,"X",,
"BOARD VICE PRESIDENT","board","board","board","board","board","board","board",,,,,,,"X",,"X",,,,
"BOARD VICE PRESIDENT TREASURER","board","board",,,,,,,,,,,,"X",,"X",,"X",,
"BOOKKEEPER","operations","finance","Bookkeeping, accounting, and auditing clerks","43","43-3000","43-3030","43-3031","X",,,,,"X",,,,,,,
"BUSINESS ADVISOR","operations","business development",,,,,,"X",,,,,"X",,,,,,,
"BUSINESS AGENT","operations","administration","Miscellaneous business operations specialists","13","13-1000","13-1190","13-1199",,,,,,"X",,,,,,,
"BUSINESS GAENT","operations","business development",,,,,,"X",,,,,"X",,,,,,,
"BUSINESS MANAGER","operations","business development",,,,,,"X",,,,,"X",,,,,,,
"BUSINESS REPRESENTATIVE","operations","administration","Business operations specialists","13","13-1000","13-1190","13-1199",,,,,,"X",,,,,,,
"CAPTAIN","industry-specific","military",,,,,,"X",,,,,,,,,,,,
"CAUCUS COUNCILOR","board","board",,,,,,,,,,,,"X",,,,,,
"CHIEF EXECUTIVE OFFICER","operations","administration","Chief executives","11","11-1000","11-1010","11-1011","X","X","X",,,,,,,,,,
"CHIEF FINANCE OFFICER","operations","finance","Financial manager","11","11-3000","11-3030","11-3031","X",,"X",,,,,,,,,,
"CHAPLAIN","industry-specific","religious","Religious workers","21","21-2000","21-2090","21-2099","X",,,,,"X",,,,,,,
"CHEF","xxx","xxx",,,,,,,,,,,,,,,,,,
"CHIEF","xxx","xxx",,,,,,,,,,,,,,,,,,
"CHIEF ACADEMICS OFFICER","industry-specific","higher education",,,,,,,,"X",,,,,,,,,,
"CHIEF ACCOUNTANT","operations","finance","Accountants and Auditors","13","13-2000","13-2010","13-2011","X",,,,"X",,,,,,,,
"CHIEF ADMINISTRATIVE OFFICER","operations","administration","General and operations manager","11","11-1000","11-1020","11-1021","X",,"X",,,,,,,,,,
"CHIEF ADVANCEMENT OFFICER","operations","fundraising and membership","General and operations manager","11","11-1000","11-1020","11-1021","X",,"X",,,,,,,,,,
"CHIEF ARCHITECT","industry-specific","engineering and architecture","Architects, except naval/ architectural manager (11-9041)","17","17-1000","17-1010",,"X",,,,"X",,,,,,,,
"CHIEF ARTISTIC OFFICER","industry-specific","arts and history","General and operations manager","11","11-1000","11-1020","11-1021","X",,"X",,,,,,,,,,
"CHIEF BUSINESS DEVELOPMENT OFFICER","operations","business development","General and operations manager","11","11-1000","11-1020","11-1021","X",,"X",,,,,,,,,,
"CHIEF CIVIC PROGRAMS OFFICER","operations","programs and events","Social and community service managers","11","11-9000","11-9050","11-9051","X",,"X",,,,,,,,,,
"CHIEF CLERK","operations","administration","Financial clerk?",,,,,"X",,,,"X",,,,,,,,
"CHIEF CLINICAL OFFICER","industry-specific","medical",,,,,,,,"X",,,,,,,,,,
"CHIEF COLLECTIONS OFFICER","industry-specific","arts and history","General and operations manager","11","11-1000","11-1020","11-1021","X",,"X",,,,,,,,,,
"CHIEF CONTENT OFFICER","industry-specific","marketing-sales","General and operations manager","11","11-1000","11-1020","11-1021","X",,"X",,,,,,,,,,
"CHIEF CURATOR","industry-specific","arts and history","General and operations manager","11","11-1000","11-1020","11-1021","X",,"X",,,,,,,,,,
"CHIEF DEVELOPMENT OFFICER","operations","fundraising and membership","General and operations manager","11","11-1000","11-1020","11-1021","X",,"X",,,,,,,,,,
"CHIEF DIGITAL OFFICER","operations","technology","General and operations manager","11","11-1000","11-1020","11-1021","X",,"X",,,,,,,,,,
"CHIEF ENGAGEMENT OFFICER","operations","comms-pr","General and operations manager","11","11-1000","11-1020","11-1021","X",,"X",,,,,,,,,,
"CHIEF FINANCIAL OFFICER","operations","finance",,,,,,,,"X",,,,,,,,,,
"CHIEF HISTORIAN","industry-specific","arts and history","General and operations manager","11","11-1000","11-1020","11-1021","X",,"X",,,,,,,,,,
"CHIEF HUMAN RESOURCES OFFICER","operations","human resources","General and operations manager","11","11-1000","11-1020","11-1021","X",,"X",,,,,,,,,,
"CHIEF IMAM","industry-specific","religious","Religious workers","21","21-2000","21-2090","21-2099","X",,,,"X",,,,,,,,
"CHIEF INFORMATION OFFICER","operations","technology","General and operations manager","11","11-1000","11-1020","11-1021","X",,"X",,,,,,,,,,
"CHIEF INNOVATION OFFICER","operations","business development","General and operations manager","11","11-1000","11-1020","11-1021","X",,"X",,,,,,,,,,
"CHIEF INSIGHTS OFFICER","operations","administration","General and operations manager","11","11-1000","11-1020","11-1021","X",,"X",,,,,,,,,,
"CHIEF INVESTMENT OFFICER","operations","finance",,,,,,,,"X",,,,,,,,,,
"CHIEF LEGAL OFFICER","operations","legal","General and operations manager","11","11-1000","11-1020","11-1021","X",,"X",,,,,,,,,,
"CHIEF MARKETING OFFICER","operations","marketing-sales","General and operations manager","11","11-1000","11-1020","11-1021","X",,"X",,,,,,,,,,
"CHIEF MARSHAL","industry-specific","xxx",,,,,,"X",,,,"X",,,,,,,,
"CHIEF MECHANICAL OFFICER","operations","engineering and architecture","General and operations manager","11","11-1000","11-1020","11-1021","X",,"X",,,,,,,,,,
"CHIEF MEDICAL OFFICER","industry-specific","medical",,,,,,,,"X",,,,,,,,,,
"CHIEF NURSING OFFICER","industry-specific","medical",,,,,,,,"X",,,,,,,,,,
"CHIEF OF STAFF","operations","administration","Executive Secretaries and Executive Administrative Assistants","43","43-6000","43-6010","43-6011","X",,,,"X",,,,,,,,
"CHIEF PARTNERSHIP OFFICER","operations","comms-pr","General and operations manager","11","11-1000","11-1020","11-1021","X",,"X",,,,,,,,,,
"CHIEF PHILANTHROPY OFFICER","operations","fundraising and membership","General and operations manager","11","11-1000","11-1020","11-1021","X",,"X",,,,,,,,,,
"CHIEF PROGRAMS OFFICER","operations","programs and events","General and operations manager","11","11-1000","11-1020","11-1021","X",,"X",,,,,,,,,,
"CHIEF RELATIONS OFFICER","operations","comms-pr","General and operations manager","11","11-1000","11-1020","11-1021","X",,"X",,,,,,,,,,
"CHIEF SCIENTIFIC OFFICER","operations","research and development","General and operations manager","11","11-1000","11-1020","11-1021","X",,"X",,,,,,,,,,
"CHIEF STRATEGY OFFICER","operations","business development","General and operations manager","11","11-1000","11-1020","11-1021","X",,"X",,,,,,,,,,
"CHIEF SUSTAINABILITY OFFICER","operations","facilities","General and operations manager","11","11-1000","11-1020","11-1021","X",,"X",,,,,,,,,,
"CHIEF TECHNOLOGY OFFICER","operations","technology","General and operations manager","11","11-1000","11-1020","11-1021","X",,"X",,,,,,,,,,
"CIVIC DIRECTOR","industry-specific (operations?)","comms-pr","Social and community service managers","11","11-9000","11-9050","11-9051","X",,,"X",,,,,,,,,
"CLERK","operations","administration","Financial clerk?",,,,,"X",,,,,"X",,,,,,,
"CLINICAL DIRECTOR","industry-specific","medical",,,,,,,,,"X",,,,,,,,,
"CLUB MANAGER","operations","administration","Miscellaneous Managers","11","11-9000","11-9190","11-9199","X",,,,"X",,,,,,,,
"COLLECTIONS MANAGER","industry-specific","arts and history",,,,,,,,,,"X",,,,,,,,
"COMMISSIONER","xxx","xxx",,,,,,,,,,,,,,,,,,
"COMMODO",,,,,,,,,,,,,,,,,,,,
"COMMUNICATIONS","operations","comms-pr","Miscellaneous Media and Communication Workers","27","27-3000","27-3090","27-3099","X",,,,,"X",,,,,,,
"COMMUNITY RELATIONS","operations","comms-pr",,,,,,,,,,,"X",,,,,,,
"COMPLIANCE DIRECTOR","operations","legal",,,,,,,,,"X",,,,,,,,,
"COMPLIANCE OFFICER","operations","legal",,,,,,,,,,,"X",,,,,,,
"COMPOSER","industry-specific","arts and history","Musicians, singers, and related workers","27","27-2000","27-2040","27-2041","X",,,,,"X",,,,,,,
"COMPTROLLER","operations","finance","Miscellaneous Financial Specialists","13","13-2000","13-2090","13-2099","X",,,,,"X",,,,,,,
"COMPTROLLER","operations","finance",,,,,,,,,,,"X",,,,,,,
"CONCESSIONS",,,,,,,,,,,,,,,,,,,,
"CONDUCTOR","industry-specific","arts and history","Musicians, singers, and related workers","27","27-2000","27-2040",,"X",,,,,"X",,,,,,,
"CONSULTANT","operations","business development",,,,,,,,,,,"X",,,,,,,
"CONTRACT COMPLIANCE","operations","legal",,,,,,,,,,,"X",,,,,,,
"CONTRACTOR TRUSTEE","board","board",,,,,,,,,,,,"X",,,,,,
"CHIEF OPERATIONS OFFICER","operations","administration","General and operations manager","11","11-1000","11-1020","11-1021","X",,"X",,,,,,,,,,
"COORDINATOR","operations","administration",,,,,,,,,,,"X",,,,,,,
"CORPORATE SECRETARY","operations","administration","Secretaries and administrative assistants","43","43-6000","43-6010",,"X",,,,,"X",,,,,,,
"COUNCIL CHAIR","board","board",,,,,,,,,,,,"X",,,,,,
"COUNCIL PRESIDENT","board","board",,,,,,,,,,,,"X","X",,,,,
"COUNCILMAN","board","board",,,,,,,,,,,,"X",,,,,,
"COUNSELOR","industry-specific","social services","Counselors","21","21-1000","21-1010",,"X",,,,,"X",,,,,,,
"CREATIVE DIRECTOR","industry-specific","arts and history","artistic director vs. marketing?",,,,,"X",,,"X",,,,,,,,,
"CURATOR","industry-specific","arts and history","Archivists, Curators, and Museum Technicians","25","25-4000","25-4010","25-4012","X",,,,,"X",,,,,,,
"CUSTODIAN","operations","facilities",,,,,,,,,,,"X",,,,,,,
"DEACON","industry-specific","religion",,,,,,,,,,,"X",,,,,,,
"DEAN","industry-specific","higher education","Education and childcare administrators","11","11-9000","11-9030","11-9033","X",,,"X",,,,,,,,,
"DEVELOPMENT","operations","fundraising and membership","Fundraisers","13","13-1000","13-1130","13-1131","X",,,,,"X",,,,,,,
"DEVELOPMENT MANAGER","operations","fundraising and membership",,,,,,"X",,,,"X",,,,,,,,
"DIRECTOR","operations","administration",,,,,,,,,"X",,,,,,,,,
"DIRECTOR ALUMNA","industry-specific","higher education",,,,,,,,,"X",,,,,,,,,
"DIRECTOR OF ACADEMICS","industry-specific","higher education",,,,,,,,,"X",,,,,,,,,
"DIRECTOR OF ACQUISITIONS","operations","business development",,,,,,,,,"X",,,,,,,,,
"DIRECTOR OF ADMINISTRATION","operations","administration","Administrative services and facilities managers","11","11-3000","11-3010","11-3012","X",,,"X",,,,,,,,,
"DIRECTOR OF ADVANCEMENT","operations","fundraising and membership","Public relations and fundraising managers","11","11-2000","11-2030","11-2033","X",,,"X",,,,,,,,,
"DIRECTOR OF BUDGET AND ANALYTICS","operations","finance",,,,,,,,,"X",,,,,,,,,
"DIRECTOR OF BUSINESS","operations","business development",,,,,,,,,"X",,,,,,,,,
"DIRECTOR OF BUSINESS DEVELOPMENT","operations","business development","General and operations manager","11","11-1000","11-1020","11-1021","X",,,"X",,,,,,,,,
"DIRECTOR OF COMMUNICATIONS","operations","comms-pr","Advertising and Promotions Managers","11","11-2000","11-2010","11-2011","X",,,"X",,,,,,,,,
"DIRECTOR OF DEVELOPMENT","operations","fundraising and membership","Public relations and fundraising managers","11","11-2000","11-2030","11-2033","X",,,"X",,,,,,,,,
"DIRECTOR OF EDUCATION","industry-specific","education",,,,,,"X",,,"X",,,,,,,,,
"DIRECTOR OF ENGINEERING","operations","engineering and architecture","Architectural and Engineering Managers","11","11-9000","11-9040","11-9041","X",,,"X",,,,,,,,,
"DIRECTOR OF EXTERNAL AFFAIRS","operations","comms-pr","Public relations and fundraising managers","11","11-2000","11-2030","11-2032","X",,,"X",,,,,,,,,
"DIRECTOR OF FACILITIES","operations","facilities","Administrative services and facilities managers","11","11-3000","11-3010","11-3012","X",,,"X",,,,,,,,,
"DIRECTOR OF FINANCE","operations","finance","financial manager","11","11-3000","11-3030","11-3031","X",,,"X",,,,,,,,,
"DIRECTOR OF FINANCE AND ADMINISTRATION","operations","finance","financial manager","11","11-3000","11-3030","11-3031","X",,,"X",,,,,,,,,
"DIRECTOR OF FINANCE AND OPERATIONS","operations","finance","financial manager","11","11-3000","11-3030","11-3031","X",,,"X",,,,,,,,,
"DIRECTOR OF HUMAN RESOURCES","operations","human resources","Human resources managers","11","11-3000","11-3120","11-3121","X",,,"X",,,,,,,,,
"DIRECTOR OF INFORMATION TECHNOLOGY","operations","technology","Computer and information system manager","11","11-3000","11-3020","11-3021","X",,,"X",,,,,,,,,
"DIRECTOR OF LEGISLATIVE AFFAIRS","operations","legal",,,,,,,,,"X",,,,,,,,,
"DIRECTOR OF MARKETING","operations","marketing-sales","Marketing and sales managers","11","11-2000","11-2020","11-2021","X",,,"X",,,,,,,,,
"DIRECTOR OF MEMBERSHIP","operations","fundraising and membership","Public relations and fundraising managers","11","11-2000","11-2030","11-2033","X",,,"X",,,,,,,,,
"DIRECTOR OF MUSIC","industry-specific","arts and history","Musicians, singers, and related workers","27","27-2000","27-2040","27-2041",,,,"X",,,,,,,,,
"DIRECTOR OF NURSING","industry-specific","medical",,,,,,,,,"X",,,,,,,,,
"DIRECTOR OF OPERATIONS","operations","administration","General and operations manager","11","11-1000","11-1020","11-1021","X",,,"X",,,,,,,,,
"DIRECTOR OF PRODUCTION","industry-specific","arts and history","Actors, producers, and directors","27","27-2000","27-2010","27-2012","X",,,"X",,,,,,,,,
"DIRECTOR OF PROGRAMS","operations","programs and events",,,,,,"X",,,"X",,,,,,,,,
"DIRECTOR OF PUBLIC AFFAIRS","operations","comms-pr",,,,,,,,,"X",,,,,,,,,
"DIRECTOR OF PUBLIC RELATIONS","operations","comms-pr","Public relations and fundraising managers","11","11-2000","11-2030","11-2032","X",,,"X",,,,,,,,,
"DIRECTOR OF PUBLICITY","operations","comms-pr",,,,,,,,,"X",,,,,,,,,
"DIRECTOR OF RESEARCH","operations","research and development","Life, physical, and social science and research occupations","19",,,,"X",,,"X",,,,,,,,,
"DIRECTOR OF RISK MANAGEMENT","operations","business development",,,,,,,,,"X",,,,,,,,,
"DIRECTOR OF TECHNOLOGY","operations","technology","Computer and information system manager","11","11-3000","11-3020","11-3021","X",,,"X",,,,,,,,,
"DIRECTOR VICE CHAIR","operations","administration",,,,,,,,,"X",,,,,,,,,
"DIVISION DIRECTOR","operations","administration",,,,,,,,,"X",,,,,,,,,
"DOCTOR","industry-specific","medical",,,,,,,,,,,"X",,,,,,,
"EDITOR","operations","writers and editors","Writers and editors","27","27-3000","27-3040","27-3041","X",,,,"X",,,,,,,,
"EDITOR IN CHIEF","operations","writers and editors","Writers and editors","27","27-3000","27-3040","27-3041","X",,,"X",,,,,,,,,
"EDUCATION","industry-specific","education",,,,,,"X",,,,,"X",,,,,,,
"EDUCATION INSTRUCTOR","industry-specific","education",,,,,,,,,,,"X",,,,,,,
"EDUCATION MN","industry-specific","education",,,,,,,,,,,"X",,,,,,,
"EDUCATOR","industry-specific","education",,,,,,,,,,,"X",,,,,,,
"ELDER","industry-specific","religious","Religious workers","21","21-2000","21-2090","21-2099","X",,,,,"X",,,,,,,
"EMPLOYEE","operations","employee",,,,,,"X",,,,,"X",,,,,,,
"EVENT COORDINATOR","operations","programs and events","Meeting, convention, and event planners","13","13-1000","13-1120","13-1121","X",,,,,"X",,,,,,,
"EVENTS","operations","programs and events","Meeting, convention, and event planners","13","13-1000","13-1120","13-1121","X",,,,,"X",,,,,,,
"EXECUTIVE","operations","administration",,,,,,,,,,,,,,,,,,
"EXECUTIVE ARTISTIC DIRECTOR","industry-specific","arts and history","Artists and related workers","27","27-1000","27-1010","27-1011","X",,,"X",,,,,,,,,
"EXECUTIVE ASSISTANT","operations","administration","Executive Secretaries and Executive Administrative Assistants","43","43-6000","43-6010","43-6011","X",,,,"X",,,,,,,,
"EXECUTIVE CHEF",,,,,,,,,,,,,,,,,,,,
"EXECUTIVE EDITOR","operations","writers and editors","Writers and editors","27","27-3000","27-3040","27-3041","X",,,,"X",,,,,,,,
"EXECUTIVE PRODUCER","industry-specific","arts and history","Actors, producers, and directors","27","27-2000","27-2010","27-2012","X",,,"X",,,,,,,,,
"EXECUTIVE SECRETARY","operations","administration","Secretaries and administrative assistants","43","43-6000","43-6010","43-6011","X",,,,"X",,,,,,,,
"EXECUTIVE SENIOR VICE PRESIDENT","operations","administration","General and operations manager","11","11-1000","11-1020","11-1021","X",,,,,,,,,,,,
"EXECUTIVE VICE PRESIDENT","operations","administration","General and operations manager","11","11-1000","11-1020","11-1021","X",,,"X",,,,,,,,,
"FACULTY","industry-specific","higher education",,,,,,,,,,,"X",,,,,,,
"FACULTY REPRESENTATIVE","board","higher education","board","board","board","board","board",,,,,,,"X",,,,,,
"FIELD DIRECTOR","operations","administration",,,,,,,,,"X",,,,,,,,,
"FIELD REPRESENTATIVE","operations","administration",,,,,,,,,,,"X",,,,,,,
"FINANCE","operations","finance","Financial Specialists","13","13-2000",,,"X",,,,,"X",,,,,,,
"FINANCE ADVISOR","operations","finance",,,,,,,,,,,"X",,,,,,,
"FINANCE MANAGER","operations","finance","financial manager","11","11-3000","11-3030","11-3031","X",,,,"X",,,,,,,,
"FINANCE OFFICER","operations","finance","financial manager","11","11-3000","11-3030","11-3031","X",,,,,"X",,,,,,,
"FINANCIAL SECRETARY","operations","finance",,,,,,,,,,,"X",,,,,,,
"FIRE CHIEF","industry-specific",,,,,,,,,,,,,,,,,,,
"FIRE FIGHTER","industry-specific",,,,,,,,,,,,"X",,,,,,,
"FLEET CAPTAIN","industry-specific","military",,,,,,,,,,,,,,,,,,
"FOUNDATION MANAGER","operations","fundraising and membership","Public relations and fundraising managers","11","11-2000","11-2030","11-2033","X",,,,"X",,,,,,,,
"FOUNDER","operations","administration","General and operations manager","11","11-1000","11-1020","11-1021","X",,,,,"X",,,,,,,
"FUND ADMINISTRATOR","operations","finance",,,,,,,,,,"X",,,,,,,,
"FUNDRAISING","operations","fundraising and membership","Fundraisers","13","13-1000","13-1130","13-1131","X",,,,,"X",,,,,,,
"GENEALOGIST","industry-specific","medical",,,,,,,,,,,"X",,,,,,,
"GENERAL COUNSEL","operations","legal","Lawyers","23","23-1000","23-1010","23-1011","X",,"X",,,,,,,,,,
"GENERAL MANAGER","operations","administration","General and operations manager","11","11-1000","11-1020","11-1021","X",,,,"X",,,,,,,,
"GOVERNANCE","board","board","board","board","board","board","board",,,,,,,,,,,,,
"GUARD","operations","facilities",,,,,,,,,,,"X",,,,,,,
"GUILD PRESIDENT","industry-specific","arts and history",,,,,,,,,,,,,,,,,,
"HISTORIAN","industry-specific","arts and history","Miscellaneous social scientists and related workers","19","19-3000","19-3090","19-3093","X",,,,,"X",,,,,,,
"HOSPITALITY","operations","administration","Miscellaneous Sales Representatives, Services","41","41-3000","41-3090","41-3091","X",,,,,"X",,,,,,,
"IMAM","industry-specific","religious","Religious workers","21","21-2000","21-2090","21-2099","X",,,,,"X",,,,,,,
"INDUSTRY REPRESENTATIVE","operations","administration",,,,,,,,,,,"X",,,,,,,
"INFORMATION OFFICER","operations","technology",,,,,,,,,,,"X",,,,,,,
"INFORMATION TECHNOLOGY MANAGER","operations","technology","Computer and information system manager","11","11-3000","11-3020","11-3021","X",,,,"X",,,,,,,,
"INSTRUCTOR","industry-specific","education","Educational instruction and library occupations","25",,,,"X",,,,,"X",,,,,,,
"JANITOR","operations","facilities",,,,,,,,,,,"X",,,,,,,
"JUDGE ADVOCATE","industry-specific","military",,,,,,,,,,,"X",,,,,,,
"JUNIOR",,,,,,,,,,,,,,,,,,,,
"JUNIOR DIRECTOR","operations","administration",,,,,,,,,"X",,,,,,,,,
"LABOR RELATIONS COMMITTEE","board",,,,,,,,,,,,,"X",,,,,,
"LAWYER","operations","legal",,,,,,,,,,,"X",,,,,,,
"LECTURER","industry-specific","higher education",,,,,,,,,,,"X",,,,,,,
"LEGAL ADVISOR","operations","legal","Miscellaneous Legal Support Workers","23","23-2000","23-2090","23-2099","X",,,,,"X",,,,,,,
"LEGISLATIVE","operations","legal",,,,,,,,,,,"X",,,,,,,
"LIAISON","operations","comms-pr","Public Relations Specialists","27","27-3000","27-3030","27-3031","X",,,,,"X",,,,,,,
"LIBRARIAN","industry-specific","arts and history","Librarians and media collections specialists","25","25-4000","25-4020","25-4022","X",,,,,"X",,,,,,,
"LIBRARY DIRECTOR","industry-specific","higher education",,,,,,,,,"X",,,,,,,,,
"LIEUTENANT","industry-specific","military",,,,,,,,,,,,,,,,,,
"MAINTENANCE","operations","facilities",,,,,,,,,,,"X",,,,,,,
"MANAGER OF OPERATIONS","operations","administration",,,,,,,,,,"X",,,,,,,,
"MARKETING","operations","marketing-sales","Market Research Analysts and Marketing Specialists","13","13-1000","13-1160","13-1161","X",,,,,"X",,,,,,,
"MARSHAL","industry-specific","military",,,,,,,,"X",,,,,,,,,,
"MEDICAL DIRECTOR","industry-specific","medical",,,,,,,,,"X",,,,,,,,,
"MEDICAL EXAMINING BOARD","board",,,,,,,,,,,,,,,,,,,
"MEDICAL OFFICER","industry-specific","medical",,,,,,,,,,,,,,,,,,
"MEMBERSHIP","operations","fundraising and membership","Fundraisers","13","13-1000","13-1130","13-1131","X",,,,,"X",,,,,,,
"MEMBERSHIP COORDINATOR","operations","fundraising and membership",,,,,,,,,,,,,,,,,,
"MILITARY","industry-specific","military",,,,,,,,,,,,,,,,,,
"MUSIC DIRECTOR","industry-specific","arts and history","Musicians, singers, and related workers","27","27-2000","27-2040","27-2041","X",,,"X",,,,,,,,,
"MUSICIAN","industry-specific","arts and history","Musicians, singers, and related workers","27","27-2000","27-2040","27-2041",,,,,,,,,,,,,
"NURSE","industry-specific","medical",,,,,,,,,,,,,,,,,,
"OFFICE ADMINISTRATOR","operations","administration","General and operations manager","11","11-1000","11-1020","11-1021","X",,,,"X",,,,,,,,
"OFFICE MANAGER","operations","administration",,,,,,,,,,,,,,,,,,
"OFFICER MANAGER","operations","administration","General and operations manager","11","11-1000","11-1020","11-1021","X",,,,"X",,,,,,,,
"OPERATIONS","operations","administration",,,,,,,,,,,,,,,,,,
"OPERATIONS MANAGER","operations","administration","General and operations manager","11","11-1000","11-1020","11-1021","X",,,,"X",,,,,,,,
"ORGANIZER","operations","administration",,,,,,,,,,,,,,,,,,
"ORIENTAL GUIDE",,,,,,,,,,,,,,,,,,,,
"OUTREACH DIRECTOR","operations","programs and events",,,,,,,,,,,,,,,,,,
"OUTREACH MANAGER","operations","programs and events",,,,,,,,,,,,,,,,,,
"PASTOR","industry-specific","religion",,,,,,,,,,,,,,,,,,
"PHILANTHROPY","operations","fundraising and membership","Fundraisers","13","13-1000","13-1130","13-1131","X",,,,,"X",,,,,,,
"POLITICAL DIRECTOR",,,,,,,,,,,,,,,,,,,,
"POLITICIAN",,,,,,,,,,,,,,,,,,,,
"POST COMMANDER","industry-specific","military",,,,,,,,,,,,,,,,,,
"PRELATE","industry-specific","religion",,,,,,,,,,,,,,,,,,
"PRESIDENT","operations","administration",,,,,,,,,,,,,,,,,,
"PRESIDENT OF MEDICAL STAFF","industry-specific","medical",,,,,,,,,,,,,,,,,,
"PRESIDENT TREASURER",,,,,,,,,,,,,,,,,,,,
"PRINCIPAL","xxx","xxx",,,,,,"X","X",,,,,,,,,,,
"PRODUCER","industry-specific","arts and history","Actors, producers, and directors","27","27-2000","27-2010","27-2012","X",,,,,"X",,,,,,,
"PRODUCING DIRECTOR","industry-specific","arts and history","Actors, producers, and directors","27","27-2000","27-2010","27-2012","X",,,"X",,,,,,,,,
"PRODUCTION","industry-specific","arts and history","Actors, producers, and directors","27","27-2000","27-2010","27-2012",,,,,,,,,,,,,
"PRODUCTION MANAGER","industry-specific","arts and history","Actors, producers, and directors","27","27-2000","27-2010","27-2012","X",,,,"X",,,,,,,,
"PROFESSOR","industry-specific","higher education",,,,,,,,,,,,,,,,,,
"PROGRAMMING","operations","programs and events",,,,,,"X",,,,,"X",,,,,,,
"PROGRAMS","operations","programs and events",,,,,,"X",,,,,"X",,,,,,,
"PROGRAMS COORDINATOR","operations","programs and events",,,,,,"X",,,,,"X",,,,,,,
"PROGRAMS DIRECTOR","operations","programs and events",,,,,,,,,,,,,,,,,,
"PROGRAMS MANAGER","operations","programs and events",,,,,,"X",,,,"X",,,,,,,,
"PROGRAMS VICE PRESIDENT","operations","programs and events",,,,,,,,,,,,,,,,,,
"PROJECT MANAGER","operations","administration",,,,,,,,,,,,,,,,,,
"PROJECTS DIRECTOR","operations","administration",,,,,,,,,,,,,,,,,,
"PROVOST","industry-specific","higher education","Education and childcare administrators","11","11-9000","11-9030","11-9033","X",,"X",,,,,,,,,,
"PUBLIC RELATIONS","operations","comms-pr","Public relations specialists","27","27-3000","27-3030","27-3031","X",,,,,"X",,,,,,,
"PUBLIC RELATIONS ASSOCIATE","operations","comms-pr","Public relations specialists","27","27-3000","27-3030","27-3031","X",,,,,"X",,,,,,,
"PUBLIC SAFETY","operations","facilities",,,,,,,,,,,,,,,,,,
"PUBLISHER","operations","writers and editors","Miscellaneous Media and Communication Workers","27","27-3000","27-3090","27-3099","X",,,,,"X",,,,,,,
"RECRUITMENT","operations","human resources",,,,,,,,,,,,,,,,,,
"REGISTRAR","industry-specific","higher education","Miscellaneous Educational Instruction and Library Workers","25","25-9000","25-9090","25-9099","X",,,,,"X",,,,,,,
"REPRESENTATIVE","xxx","xxx",,,,,,,,,,,,"X",,,,,,
"SCHED O","NA","NA",,,,,,,,,,,,,,,,,,
"SCHOLARSHIPS","industry-specific","higher education",,,,,,,,,,,,,,,,,,
"SCOUT EXECUTIVE","operations","programs and events",,,,,,,,,,,,,,,,,,
"SECRETARY","operations","administration","Secretaries and administrative assistants","43","43-6000","43-6010",,"X",,,,,"X",,,,,,,
"SERGEANT AT ARM","board","board",,,,,,,,,,,,,,,,,,
"SERGEANT AT ARMS","board","board",,,,,,,,,,,,"X",,,,,,
"SOCIAL","industry-specific","social services","Counselors","21","21-1000","21-1010",,,,,,,,,,,,,,
"SOCIAL WORKER","industry-specific","social services","Counselors","21","21-1000","21-1010",,,,,,,,,,,,,,
"SPORTS","industry-specific","recreation and sports","Athletes, coaches, umpires, and related workers","27","27-2000","27-2020","27-2023",,,,,,,,,,,,,
"SPORTS DIRECTOR","industry-specific","recreation and sports","Athletes, coaches, umpires, and related workers","27","27-2000","27-2020","27-2023","X",,,"X",,,,,,,,,
"STAFF","operations","administration",,,,,,,,,,,,,,,,,,
"STAFF REPRESENTATIVE","operations","administration",,,,,,,,,,,,,,,,,,
"STATION MANAGER","operations","administration","General and operations manager","11","11-1000","11-1020","11-1021","X",,,,"X",,,,,,,,
"STUDIO DIRECTOR","operations","facilities",,,,,,,,,,,,,,,,,,
"SUPERINTENDENT","operations","administration",,,,,,,,,,,,,,,,,,
"SUPERVISOR","operations","administration",,,,,,,,,,,,,,,,,,
"SUPERVISORY COMMITTEE","board","board",,,,,,,,,,,,,,,,,,
"SURGEON","industry-specific","medical","Surgeons","29","29-1000","29-1240",,"X",,,,,"X",,,,,,,
"TEACHER","industry-specific","education","Educational instruction and library occupations","25",,,,"X",,,,,"X",,,,,,,
"TEAM LEADER","operations","administration",,,,,,,,,,,,,,,,,,
"TECHNOLOGY","operations","technology","Computer Occupations","15","15-1200",,,"X",,,,,"X",,,,,,,
"THERAPIST","industry-specific","medical",,,,,,,,,,,,,,,,,,
"TRAINING","operations","human resources",,,,,,,,,,,,,,,,,,
"TRAINING DIRECTOR","operations","human resources",,,,,,,,,,,,,,,,,,
"UNDERGRAD DIRECTOR","industry-specific","higher education",,,,,,,,,,,,,,,,,,
"UNION REPRESENTATIVE","operations","administration",,,,,,,,,,,,"X",,,,,,
"VICE CHAIR","operations","administration",,,,,,,,,,,,,,,,,,
"VICE COMMANDER","industry-specific","military",,,,,,,,,,,,,,,,,,
"VICE PRESIDENT","operations","administration","General and operations manager","11","11-1000","11-1020","11-1021","X",,,"X",,,,,,,,,
"VICE PRESIDENT AND CIO",,,,,,,,,,,,,,,,,,,,
"VICE PRESIDENT OF ACADEMICS","industry-specific","higher education",,,,,,,,,,,,,,,,,,
"VICE PRESIDENT OF ACADEMICS AFFAIRS","industry-specific","higher education",,,,,,,,,,,,,,,,,,
"VICE PRESIDENT OF ACQUISITIONS AND PROJECTS","operations","business development",,,,,,,,,,,,,,,,,,
"VICE PRESIDENT OF ADMINISTRATION","operations","administration","Administrative services and facilities managers","11","11-3000","11-3010","11-3012","X",,,"X",,,,,,,,,
"VICE PRESIDENT OF ALUMNAE RELATIONS","industry-specific","higher education",,,,,,,,,,,,,,,,,,
"VICE PRESIDENT OF BUSINESS DEVELOPMENT","operations","business development","General and operations manager","11","11-1000","11-1020","11-1021","X",,,"X",,,,,,,,,
"VICE PRESIDENT OF COMMITTEE RELATIONS","operations","comms-pr",,,,,,,,,,,,,,,,,,
"VICE PRESIDENT OF COMMUNICATIONS","operations","comms-pr","Advertising and Promotions Managers","11","11-2000","11-2010","11-2011","X",,,"X",,,,,,,,,
"VICE PRESIDENT OF COMMUNITY",,,,,,,,,,,,,,,,,,,,
"VICE PRESIDENT OF CORPORATE RECORDS","operations","comms-pr",,,,,,,,,,,,,,,,,,
"VICE PRESIDENT OF CORRESPONDENCE","operations","comms-pr",,,,,,,,,,,,,,,,,,
"VICE PRESIDENT OF DEVELOPMENT","operations","fundraising and membership","Public relations and fundraising managers","11","11-2000","11-2030","11-2033","X",,,"X",,,,,,,,,
"VICE PRESIDENT OF ECONOMIC DEVELOPMENT","operations","business development",,,,,,,,,,,,,,,,,,
"VICE PRESIDENT OF EDUCATION","industry-specific","education",,,,,,"X",,,"X",,,,,,,,,
"VICE PRESIDENT OF EVENTS","operations","programs and events",,,,,,"X",,,"X",,,,,,,,,
"VICE PRESIDENT OF EXHIBITS","industry-specific","arts and history","Designers","27","27-1000","27-1020","27-1027","X",,,"X",,,,,,,,,
"VICE PRESIDENT OF EXTERNAL AFFAIRS","operations","comms-pr",,,,,,,,,,,,,,,,,,
"VICE PRESIDENT OF FACILITIES","operations","facilities","Administrative services and facilities managers","11","11-3000","11-3010","11-3013","X",,,"X",,,,,,,,,
"VICE PRESIDENT OF FINANCE","operations","finance","Financial managers","11","11-3000","11-3030","11-3031","X",,,"X",,,,,,,,,
"VICE PRESIDENT OF FINANCE AND OPERATIONS","operations","finance","Financial managers","11","11-3000","11-3030","11-3031","X",,,"X",,,,,,,,,
"VICE PRESIDENT OF GOVERNMENT AFFAIRS","operations","comms-pr",,,,,,,,,,,,,,,,,,
"VICE PRESIDENT OF HEALTH","industry-specific","medical","Medical and health services managers","11","11-9000","11-9110","11-9111","X",,,"X",,,,,,,,,
"VICE PRESIDENT OF HEALTH CARE OPERATIONS","industry-specific","medical",,,,,,,,,,,,,,,,,,
"VICE PRESIDENT OF HOSPITALITY","industry-specific","hospitality","Lodging managers","11","11-9000","11-9080","11-9081","X",,,"X",,,,,,,,,
"VICE PRESIDENT OF HOUSING","operations","facilities",,,,,,,,,,,,,,,,,,
"VICE PRESIDENT OF HUMAN RESOURCES","operations","human resources","Human resources managers","11","11-3000","11-3120","11-3121","X",,,"X",,,,,,,,,
"VICE PRESIDENT OF INFORMATION TECHNOLOGY","operations","technology","Computer and information system manager","11","11-3000","11-3020","11-3021","X",,,"X",,,,,,,,,
"VICE PRESIDENT OF INSTITUTIONAL ADVANCEMENT","operations","fundraising and membership","Public relations and fundraising managers","11","11-2000","11-2030","11-2033","X",,,"X",,,,,,,,,
"VICE PRESIDENT OF LEGAL","operations","legal","legal occupations","23",,,,"X",,,"X",,,,,,,,,
"VICE PRESIDENT OF LENDING",,,,,,,,,,,,,,,,,,,,
"VICE PRESIDENT OF MARKETING","operations","marketing-sales","Marketing and sales managers","11","11-2000","11-2020","11-2021","X",,,"X",,,,,,,,,
"VICE PRESIDENT OF MEDICAL AFFAIRS","industry-specific","medical","Medical and health services managers","11","11-9000","11-9110","11-9111","X",,,"X",,,,,,,,,
"VICE PRESIDENT OF MEMBERSHIP","operations","fundraising and membership","Public relations and fundraising managers","11","11-2000","11-2030","11-2033","X",,,"X",,,,,,,,,
"VICE PRESIDENT OF MEMBERSHIPS","operations","fundraising and membership",,,,,,,,,,,,,,,,,,
"VICE PRESIDENT OF MUSIC","industry-specific","arts and history","Musicians, singers, and related workers","27","27-2000","27-2040","27-2041","X",,,"X",,,,,,,,,
"VICE PRESIDENT OF OPERATIONS","operations","administration","General and operations manager","11","11-1000","11-1020","11-1021","X",,,"X",,,,,,,,,
"VICE PRESIDENT OF PRODUCTION","industry-specific","arts and history","Actors, producers, and directors","27","27-2000","27-2010","27-2012","X",,,"X",,,,,,,,,
"VICE PRESIDENT OF PROGRAMMING","operations","programs and events",,,,,,,,,,,,,,,,,,
"VICE PRESIDENT OF PROGRAMS","operations","programs and events",,,,,,"X",,,"X",,,,,,,,,
"VICE PRESIDENT OF PROJECTS","operations","programs and events",,,,,,"X",,,"X",,,,,,,,,
"VICE PRESIDENT OF PUBLIC RELATIONS","operations","comms-pr","Public relations and fundraising managers","11","11-2000","11-2030","11-2032","X",,,"X",,,,,,,,,
"VICE PRESIDENT OF PUBLICITY","operations","comms-pr",,,,,,,,,,,,,,,,,,
"VICE PRESIDENT OF REAL ESTATE DEVELOPMENT","operations","business development",,,,,,,,,,,,,,,,,,
"VICE PRESIDENT OF RESEARCH","operations","research and development","Life, physical, and social science and research occupations","19",,,,"X",,,"X",,,,,,,,,
"VICE PRESIDENT OF RISK MANAGEMENT","operations","business development",,,,,,,,,,,,,,,,,,
"VICE PRESIDENT OF SALES","operations","marketing-sales","Marketing and sales managers","11","11-2000","11-2020","11-2021","X",,,"X",,,,,,,,,
"VICE PRESIDENT OF SOFTBALL","industry-specific","recreation and sports","Athletes, coaches, umpires, and related workers","27","27-2000","27-2020","27-2023",,,,,,,,,,,,,
"VICE PRESIDENT OF STANDARDS AND VALUES",,,,,,,,,,,,,,,,,,,,
"VICE PRESIDENT OF STRATEGY","operations","business development","General and operations manager","11","11-1000","11-1020","11-1021","X",,,"X",,,,,,,,,
"VICE PRESIDENT OF TECHNOLOGY","operations","technology","Computer and information system manager","11","11-3000","11-3020","11-3021","X",,,"X",,,,,,,,,
"VICE PRESIDENT OF VOLUNTEERS","operations","human resources",,,,,,,,,,,,,,,,,,
"VICE PRESIDENT SECRETARY",,,,,,,,,,,,,,,,,,,,
"VICE REGENT","operations","administration",,,,,,,,,,,,,,,,,,
"VOLUNTEER","NA","NA",,,,,,"X",,,,,"X",,,,,,,
"VOLUNTEER COORDINATOR","operations","human resources","Human Resources Specialists","13","13-1000","13-1070","13-1071","X",,,,,"X",,,,,,,
"WARDEN","industry-specific","religion",,,,,,,,,,,,,,,,,,
"WEBMASTER","operations","technology","Web Developers","15","15-1200","15-1250","15-1254","X",,,,,"X",,,,,,,
"WRITER","operations","writers and editors","Writers and editors","27","27-3000","27-3040","27-3041","X",,,,,"X",,,,,,,
"YOUTH DIRECTOR","operations","programs and events",,,,,,,,,,,,,,,,,,
"NA","NA","NA",,,,,,,,,,,,,,,,,,
"PRODUCTION ASSISTANT","industry-specific","arts and history",,,,,,,,,,,,,,,,,,
"MANAGER","operations","administration",,,,,,,,,,,,,,,,,,
"DIRECTOR OF STRATEGY AND ENGAGEMENT",,,,,,,,,,,,,,,,,,,,
"PROGRAMS OFFICER","operations","programs and events",,,,,,,,,,,,,,,,,,
"VICE PRESIDENT OF HOUSING OPERATIONS","industry-specific",,,,,,,,,,,,,,,,,,,
"VICE PRESIDENT OF FINANCE AND ADMINISTRATION",,,,,,,,,,,,,,,,,,,,
"TRAINING OFFICER","operations","human resources",,,,,,,,,,,,,,,,,,
"VICE PRESIDENT OF COMMUNICATIONS AND OPERATIONS",,,,,,,,,,,,,,,,,,,,
"VICE PRESIDENT OF EDUCATION AND GUEST EXPERIENCE",,,,,,,,,,,,,,,,,,,,
"VICE PRESIDENT OF MARKETING AND COMMUNICATIONS",,,,,,,,,,,,,,,,,,,,
"VICE PRESIDENT OF MARKETING AND PUBLICITY",,,,,,,,,,,,,,,,,,,,
"DIRECTOR OF EXHIBITIONS","industry-specific","arts and history",,,,,,,,,,,,,,,,,,
"DIRECTOR OF MARKETING AND COMMUNICATIONS",,,,,,,,,,,,,,,,,,,,
"DIRECTOR OF EVENTS","operations","programs and events",,,,,,,,,,,,,,,,,,
"CHIEF LEARNING OFFICER","operations","education",,,,,,,,,,,,,,,,,,
"DIRECTOR OF SECURITY","operations","facilities",,,,,,,,,,,,,,,,,,
"INTERN","NA","NA",,,,,,,,,,,,,,,,,,
"DIRECTOR OF COLLECTIONS","industry-specific","arts and history",,,,,,,,,,,,,,,,,,
"INCORPORATOR",,,,,,,,,,,,,,,,,,,,
"DEVELOPMENT OFFICER","operations","fundraising and membership",,,,,,,,,,,,,,,,,,
"MEMERBSHIP AND PUBLIC RELATIONS",,,,,,,,,,,,,,,,,,,,
"STRATEGY","operations","business development",,,,,,,,,,,,,,,,,,
"ACCOUNTING DIRECTOR","operations","finance",,,,,,,,,,,,,,,,,,
"ADMINISTRATION OFFICER","operations","administration",,,,,,,,,,,,,,,,,,
"ARTISTIC LIAISON","industry-specific","arts and history",,,,,,,,,,,,,,,,,,
"CARETAKER",,,,,,,,,,,,,,,,,,,,
"CHIEF ADMINISTRATION OFFICER","operations","administration",,,,,,,,,,,,,,,,,,
"COLLECTIONS","industry-specific","arts and history",,,,,,,,,,,,,,,,,,
"DIRECTOR OF ENGAGEMENT",,,,,,,,,,,,,,,,,,,,
"DIRECTOR OF LEGAL AFFAIRS","operations","legal",,,,,,,,,,,,,,,,,,
"DIRECTOR OF SALES","operations","marketing-sales",,,,,,,,,,,,,,,,,,
"EDUCATION COORDINATOR","operations","education",,,,,,,,,,,,,,,,,,
"ENDOWMENTS","operations","fundraising and membership",,,,,,,,,,,,,,,,,,
"FACILITIES","operations","facilities",,,,,,,,,,,,,,,,,,
"FINANCE AND ADMINISTRATION",,,,,,,,,,,,,,,,,,,,
"GARDEN DIRECTOR","operations","administration",,,,,,,,,,,,,,,,,,
"GIFT SHOP MANAGER","operations","marketing-sales",,,,,,,,,,,,,,,,,,
"HUMAN RESOURCES","operations","human resources",,,,,,,,,,,,,,,,,,
"INVESTMENT OFFICER","operations","finance",,,,,,,,,,,,,,,,,,
"OUTGOING",,,,,,,,,,,,,,,,,,,,
"DIRECTOR OF MAJOR GIFTS","operations","fundraising and membership",,,,,,,,,,,,,,,,,,
"DIRECTOR OF CONTENT",,,,,,,,,,,,,,,,,,,,
"DIRECTOR OF CORPORATE X",,,,,,,,,,,,,,,,,,,,
"ENGINEER","operations","facilities",,,,,,,,,,,,,,,,,,
"VICE PRESIDENT OF COLLECTIONS","industry-specific","arts and history",,,,,,,,,,,,,,,,,,
"VICE PRESIDENT OF MUSEUM EXPERIENCE","industry-specific","arts and history",,,,,,,,,,,,,,,,,,
"VOLUNTEER DIRECTOR","operations","human resources",,,,,,,,,,,,,,,,,,
