"title.variant","title.standard","strata","strata.label","notes",,,"original order"
"ACCOUNTANT","ACCOUNTANT",,,"*if no officer flag",,,"1022"
"ACTOR","ACTOR",,,,,,"1021"
"ADMINISTRATION DIRECTOR","DIRECTOR OF ADMINISTRATION",,,"9",,,"1019"
"ADMINISTRATIVE DIRECTOR","DIRECTOR OF ADMINISTRATION",,,"5",,,"1020"
"ADMINISTRATION ASSISTANT","ADMINISTRATIVE ASSISTANT",,,,,,"1017"
"ADMINISTRATIVE ASSISTANT","ADMINISTRATIVE ASSISTANT",,,,,,"1018"
"ADMINISTRATION","ADMINISTRATOR",,,,,,"1015"
"ADMINISTRATOR","ADMINISTRATOR",,,,,,"1016"
"REGIONAL ADMINISTRATION","ADMINISTRATOR","regional",,"4",,,"1144"
"KENNEL TECHNOLOGY AND ADOPTION COUNSELOR","ADOPTION COUNSELOR",,,"7",,,"1014"
"ADVISOR AND","ADVISOR",,,"2",,,"1012"
"ADVISOR PENN UNIV","ADVISOR",,,"2",,,"1013"
"ADIVSORY BOARD","BOARD MEMBER",,,"2",,,"1011"
"HFC ADVISORY BOARD MEMBER","BOARD MEMBER",,,"5",,,"1029"
"ALTERNATE","ALTERNATE","duplex",,,,,"1009"
"ALT","ALTERNATE",,,"2",,,"1010"
"AMBASSADOR","AMBASSADOR",,,,,,"1008"
"ANALYST LBA","ANALYST",,,,,,"1007"
"ARCHITECT","ARCHITECT",,,,,,"1006"
"ARCHIVES DIRECTOR","ARCHIVES DIRECTOR",,,,,,"1005"
"ARCHIVIST","ARCHIVIST",,,,,,"1004"
"ARTIST","ARTIST",,,,,,"1002"
"EXECUTIVE ARTIST","ARTIST","superior",,,,,"1003"
"ARTISTIC DIRECTOR","ARTISTIC DIRECTOR",,,,,,"1000"
"PRODUCING ARTISTIC DIRECTOR","ARTISTIC DIRECTOR",,,,,,"1001"
"ASSISTANT","ASSISTANT",,,,,,"999"
"ASSISTANT BUSINESS AGENT","BUSINESS AGENT","subordinate",,,,,"998"
"ASSISTANT CEO","CEO","subordinate",,,,,"997"
"ASSISTANT CHIEF","CHIEF","subordinate","assistant","48","fire fighters, sometimes board sometimes staff",,"996"
"ASSTCHIEF","CHIEF","subordinate","assistant","4",,,"1080"
"ASSISTANT CLERK","CLERK","subordinate",,,,,"995"
"ASSISTANT CURATOR","CURATOR","subordinate",,,,,"994"
"ASSISTANT DIRECTOR","DIRECTOR","subordinate",,"*if no trustee flag",,,"993"
"ASSISTANT MARKETING DIRECTOR","DIRECTOR OF MARKETING","subordinate","assistant","2",,,"992"
"ASSISTANT REGISTRAR","REGISTRAR","subordinate","assistant",,,,"991"
"ASSISTANT SECRETARY","SECRETARY","subordinate","assistant",,,,"990"
"ASSISTANT TREASURER","BOARD TREASURER","subordinate","assistant",,,,"988"
"VICE TREASURER","BOARD TREASURER","subordinate","assistant",,,,"989"
"ASSISTANT VICE PRESIDENT","VICE PRESIDENT","subordinate","assistant",,,,"985"
"AVP","VICE PRESIDENT","subordinate","assistant",,,,"986"
"ASSISTANT VICE PRESIDENT AND BASEBALL","VICE PRESIDENT","subordinate","assistant","2",,,"987"
"ASSOCIATE ARTISTIC DIRECTOR","ARTISTIC DIRECTOR","subordinate","associate",,,,"984"
"ASSOCIATE CEO","CEO","subordinate","associate",,,,"983"
"ASSOCIATE DEAN","DEAN","subordinate","associate","4",,,"1078"
"ASSOCIATE DIRECTOR","DIRECTOR","subordinate",,"*if paid and working 40 hours",,,"980"
"ASSOCIATE DIRECTOR OF FINANCE","DIRECTOR OF FINANCE","subordinate","associate","2",,,"981"
"ASSOCIATE DRIECTOR","DIRECTOR","subordinate","associate","2",,,"982"
"ASSOCIATE MEMBER","BOARD MEMBER",,,"4",,,"1079"
"ASSOCIATE VICE PRESIDENT","VICE PRESIDENT","subordinate","associate","7",,,"979"
"GOLF PRO","ATHLETE",,,"4",,,"1125"
"TENNIS PRO","ATHLETE",,,"4",,,"1163"
"ATTORNEY","ATTORNEY",,,,,,"978"
"AUDITOR","AUDITOR",,,,,,"977"
"BAND DIRECTOR","BAND DIRECTOR",,,,,,"976"
"COMMITTEE DIRECTOR","BOARD CHAIR",,,,,,"681"
"GOVERNANCE COMMITTEE CHAIR","BOARD CHAIR",,,,,,"686"
"ADVOCACY CHAIR","BOARD CHAIR",,,,,,"920"
"ARCHIVES CHAIR","BOARD CHAIR",,,,,,"921"
"AUDIT CHAIR","BOARD CHAIR",,,,,,"922"
"AUDIT COMMITTEE CHAIR","BOARD CHAIR",,,,,,"923"
"AWARDS AND RECOGNITION CHAIR","BOARD CHAIR",,,,,,"924"
"BOARD DEVELOPMENT CHAIR","BOARD CHAIR",,,,,,"925"
"CAPITAL PROJECTS CHAIR","BOARD CHAIR",,,,,,"926"
"CHAIR FACILITIES","BOARD CHAIR",,,,,,"927"
"CHAIR OF DEVELOPMENT AND COMMUNICATIONS","BOARD CHAIR",,,,,,"928"
"CHAIR OF DEVELOPMENT COMMITTEE","BOARD CHAIR",,,,,,"929"
"CHAIR OF EDUCATION","BOARD CHAIR",,,,,,"930"
"CHAIR OF FINANCE","BOARD CHAIR",,,,,,"931"
"CHAIR OF FINANCE COMMITTEE","BOARD CHAIR",,,,,,"932"
"COLLECTIONS COMMITTEE CHAIR","BOARD CHAIR",,,,,,"933"
"COMMITTEE CHAIR","BOARD CHAIR",,,,,,"934"
"DEPUTY CHAIR","BOARD CHAIR","subordinate",,,,,"935"
"DEVELOPMENT CHAIR","BOARD CHAIR",,,,,,"936"
"DEVELOPMENT COMMITTEE CHAIR","BOARD CHAIR",,,,,,"937"
"EDUCATION CHAIR","BOARD CHAIR",,,,,,"938"
"EDUCATION COMMITTEE CHAIR","BOARD CHAIR",,,,,,"939"
"EDUCATION DIRECTOR","BOARD CHAIR",,,"*if trustee flag or unpaid",,,"940"
"EVENTS CHAIR","BOARD CHAIR",,,,,,"941"
"FACILITIES CHAIR","BOARD CHAIR",,,,,,"942"
"FINANCE CHAIR","BOARD CHAIR",,,"*more than a regular board member but not that much hierarchy",,,"943"
"FINANCE COMMITTEE CHAIR","BOARD CHAIR",,,,,,"944"
"FINANCE DIRECTOR","BOARD CHAIR",,,"*if trustee and not paid",,,"945"
"FUNDRAISING CHAIR","BOARD CHAIR",,,,,,"946"
"GALA CHAIR","BOARD CHAIR",,,,,,"947"
"GOVERNANCE CHAIR","BOARD CHAIR",,,,,,"948"
"GUILD CHAIR","BOARD CHAIR",,,,,,"949"
"INFLUENCE CHAIR","BOARD CHAIR",,,,,,"950"
"MARKETING CHAIR","BOARD CHAIR",,,,,,"951"
"MEMBERSHIP CHAIR","BOARD CHAIR",,,,,,"952"
"MUSICAL PROGRAMMING CHAIR","BOARD CHAIR",,,,,,"953"
"NOMINATING CHAIR","BOARD CHAIR",,,,,,"954"
"PROGRAMS CHAIR","BOARD CHAIR",,,,,,"955"
"PROGRAMS COMMITTEE CHAIR","BOARD CHAIR",,,,,,"956"
"PROJECTS CHAIR","BOARD CHAIR",,,,,,"957"
"PUBLICITY CHAIR","BOARD CHAIR",,,,,,"958"
"SHOW CHAIR","BOARD CHAIR",,,,,,"959"
"SPECIAL EVENTS CHAIR","BOARD CHAIR",,,,,,"960"
"SPONSORSHIP CHAIR","BOARD CHAIR",,,,,,"961"
"STANDING COMMITTEE CHAIR","BOARD CHAIR",,,,,,"962"
"V CHAIR","BOARD CHAIR","subordinate",,,,,"963"
"CO-CHAIR","BOARD CHAIR","duplex",,"92",,,"964"
"DEPUTY CHAIR","BOARD CHAIR","subordinate",,"24",,,"965"
"ASSISTANT CHAIR","BOARD CHAIR",,,"6",,,"966"
"CO-CHAIR OF BOARD","BOARD CHAIR",,,"6",,,"967"
"AWARDS CHAIR","BOARD CHAIR",,,"5",,,"968"
"CHAIR MEMBER","BOARD CHAIR",,,"5",,,"969"
"FUNDRAISING CO-CHAIR","BOARD CHAIR",,,"COMMITTEE CHAIR","BOARD CHAIR",,"970"
"TENNIS CHAIR","BOARD CHAIR",,,"3",,,"971"
"VICE CHAIR A","BOARD CHAIR",,,"3",,,"972"
"VICE CHAIR AND S","BOARD CHAIR",,,"3",,,"973"
"VICE CHAIR OF OPERATIONS","BOARD CHAIR",,,"3",,,"974"
"ACTIVITIES CHAIR","BOARD CHAIR",,,"2",,,"975"
"IMM CHAIR","BOARD CHAIR",,,"5",,,"1031"
"SOCIAL CHAIR","BOARD CHAIR",,,"5",,,"1055"
"CHAIR AND","BOARD CHAIR",,,"4",,,"1087"
"CHAIR ELE","BOARD CHAIR",,,"4",,,"1088"
"COMMUNICATIONS CHAIR","BOARD CHAIR",,,"4",,,"1097"
"PUBLIC RELATIONS CHAIR","BOARD CHAIR",,,"4",,,"1142"
"AD HOC","BOARD MEMBER","duplex",,"*4 or fewer occurences begin here",,,"695"
"ADJUNCT TRUSTEE","BOARD MEMBER","duplex",,,,,"696"
"ADMINISTRATION COMMITTEE","BOARD MEMBER",,,,,,"697"
"ADVANCEMENT BOARD","BOARD MEMBER",,,,,,"698"
"ADVISOR","BOARD MEMBER",,,,,,"699"
"ADVISORY","BOARD MEMBER","duplex",,,,,"700"
"ADVISORY BOARD","BOARD MEMBER","duplex",,,,,"701"
"ADVISORY BOARD MEMBER","BOARD MEMBER","duplex",,,,,"702"
"ADVISORY COMMITTEE MEMBER","BOARD MEMBER","duplex",,,,,"703"
"ADVISORY COUNCIL","BOARD MEMBER","duplex",,,,,"704"
"ADVISORY MEMBER","BOARD MEMBER","duplex",,,,,"705"
"ADVISORY TRUSTEE","BOARD MEMBER","duplex",,,,,"706"
"ALTERNATIVE BOARD MEMBER","BOARD MEMBER","duplex",,,,,"707"
"AR LARGE MEMBER","BOARD MEMBER","duplex",,,,,"708"
"ASSISTANT DIRECTOR","BOARD MEMBER","subordinate",,"*if trustee flag",,,"709"
"ASSOCIATE BOARD MEMBER","BOARD MEMBER","subordinate",,,,,"710"
"ASSOCIATE DIRECTOR","BOARD MEMBER","subordinate",,"*if trustee/unpaid",,,"711"
"AT LARGE","BOARD MEMBER","duplex",,,,,"712"
"B MEMBER","BOARD MEMBER",,,,,,"713"
"BOARD","BOARD MEMBER",,,,,,"714"
"BOARD DIRECTOR","BOARD MEMBER",,,"*although in certain instances it could be board pres",,,"715"
"BOARD MANAGER","BOARD MEMBER",,,,,,"716"
"BOARD MEMBER","BOARD MEMBER",,,,,,"717"
"BOARD MEMBER OF FINANCE COMMITTEE","BOARD MEMBER",,,,,,"718"
"BOARD MEMBER VOTING","BOARD MEMBER",,,,,,"719"
"BOARD MEMBERS","BOARD MEMBER",,,,,,"720"
"BOARD OF DIRECTORS","BOARD MEMBER",,,,,,"721"
"BOARD OF DIRECTOR","BOARD MEMBER",,,,,,"722"
"BOARD OF DIRECTORS MEMBER","BOARD MEMBER",,,,,,"723"
"BOARD OF GOV","BOARD MEMBER",,,,,,"724"
"BOARD OF OVERSEER","BOARD MEMBER",,,,,,"725"
"BOARD OF OVERSEERS","BOARD MEMBER",,,,,,"726"
"BOARD OF TRUSTEES","BOARD MEMBER",,,,,,"727"
"BOARD POSITION","BOARD MEMBER",,,,,,"728"
"BOARD TRUSTEE","BOARD MEMBER",,,,,,"729"
"BUILDING FUND COMMITTEE","BOARD MEMBER",,,,,,"730"
"CHAPTER DIRECTOR","BOARD MEMBER",,,,,,"731"
"COLONY BOARD MEMBER","BOARD MEMBER",,,,,,"732"
"COMMANDER GENERAL","BOARD MEMBER",,,"*interesting military position",,,"733"
"COMMANDER IN CHIEF","BOARD MEMBER",,,,,,"734"
"COMMITTEE","BOARD MEMBER",,,,,,"735"
"COMMITTEE MEMBER","BOARD MEMBER",,,,,,"736"
"COUNCIL","BOARD MEMBER",,,,,,"737"
"COUNCILOR","BOARD MEMBER",,,,,,"738"
"DELEGATE","BOARD MEMBER",,,,,,"739"
"DEPUTY BOARD MEMBER","BOARD MEMBER","subordinate",,,,,"740"
"DIRECTOR","BOARD MEMBER",,,,,,"741"
"DIRECTOR","BOARD MEMBER",,,,,,"742"
"DIRECTOR BOARD MEMBER","BOARD MEMBER",,,,,,"743"
"DIRECTOR DIS","BOARD MEMBER",,,,,,"744"
"DIRECTOR NONVOTING","BOARD MEMBER",,,,,,"745"
"DIRECTOR TRUSTEE","BOARD MEMBER",,,,,,"746"
"ELECTED DIRECTOR","BOARD MEMBER",,,,,,"747"
"EX-OFFICIO","BOARD MEMBER","duplex",,,,,"748"
"EXECUTIVE","BOARD MEMBER",,,,,,"749"
"EXECUTIVE BOARD","BOARD MEMBER","superior",,,,,"750"
"EXECUTIVE BOARD M","BOARD MEMBER","superior",,,,,"751"
"EXECUTIVE BOARD MEMBER","BOARD MEMBER","superior",,,,,"752"
"EXECUTIVE BOARD MEMBER LG","BOARD MEMBER","superior",,,,,"753"
"EXECUTIVE COMMITTEE","BOARD MEMBER","superior",,,,,"754"
"EXECUTIVE COMMITTEE MEMBER","BOARD MEMBER","superior",,,,,"755"
"EXECUTIVE MEMBER","BOARD MEMBER","superior",,,,,"757"
"FINANCE BOARD","BOARD MEMBER",,,,,,"758"
"GENERAL OFFICER","BOARD MEMBER",,,,,,"759"
"GOVERNANCE COMMITTEE","BOARD MEMBER",,,,,,"760"
"GOVERNING BOARD MEMBER","BOARD MEMBER",,,,,,"761"
"GOVERNING COMMITTEE","BOARD MEMBER",,,,,,"762"
"GOVERNOR","BOARD MEMBER",,,,,,"763"
"HON BOARD MEMBER","BOARD MEMBER","duplex",,,,,"764"
"HONORARY BOARD","BOARD MEMBER","duplex",,,,,"765"
"HONORARY BOARD MEMBER","BOARD MEMBER","duplex",,,,,"766"
"HONORARY CHAIR","BOARD MEMBER","duplex",,,,,"767"
"HONORARY DIRECTOR","BOARD MEMBER","duplex",,,,,"768"
"HONORARY MEMBER","BOARD MEMBER","duplex",,,,,"769"
"HONORARY PRESIDENT","BOARD MEMBER","duplex",,"*slightly higher cuz honored",,,"770"
"HONORARY TRUSTEE","BOARD MEMBER","duplex",,,,,"771"
"INDIVIDUAL TRUSTEE","BOARD MEMBER",,,,,,"772"
"LABOR TRUSTEE","BOARD MEMBER",,,,,,"773"
"LIFE TRUSTEE","BOARD MEMBER",,,,,,"774"
"MANAGEMENT COMMITTEE","BOARD MEMBER",,,,,,"775"
"MANAGEMENT TRUSTEE","BOARD MEMBER",,,,,,"776"
"MEMBER","BOARD MEMBER",,,,,,"777"
"MEMBER AND BOARD OF TRUSTEES","BOARD MEMBER",,,,,,"778"
"MEMBER AT LG","BOARD MEMBER",,,,,,"779"
"MEMBER AT LGE","BOARD MEMBER",,,,,,"780"
"MEMBER AT LRG","BOARD MEMBER",,,,,,"781"
"MEMBER BOARD OF DIRECTORS","BOARD MEMBER",,,,,,"782"
"MEMBER OF BOARD OF DIRECTOR","BOARD MEMBER",,,,,,"783"
"MEMBER BOARD OF TRUSTEES","BOARD MEMBER",,,,,,"784"
"MEMBER OF BOARD","BOARD MEMBER",,,,,,"785"
"MEMBER PART","BOARD MEMBER",,,,,,"786"
"MEMBER TRUSTEE","BOARD MEMBER",,,,,,"787"
"MUSICIAN TRUSTEE","BOARD MEMBER",,,,,,"788"
"OFFICER","BOARD MEMBER",,,,,,"789"
"PARLIAMENTARIAN","BOARD MEMBER",,,,,,"790"
"PARLIMENTARIAN","BOARD MEMBER",,,,,,"791"
"PROGRAMMING","BOARD MEMBER",,,"*weird instance of a board member",,,"792"
"PUBLIC MEMBER","BOARD MEMBER",,,,,,"793"
"PUBLIC TRUSTEE","BOARD MEMBER",,,,,,"794"
"REGENT","BOARD MEMBER",,,,,,"795"
"REGIONAL BOARD MEMBER","BOARD MEMBER","regional",,,,,"796"
"REGIONAL CHAIR","BOARD MEMBER","regional",,,,,"797"
"REGIONAL DIRECTOR","BOARD MEMBER","regional",,"*special type of board member",,,"798"
"REGIONAL PRESIDENT","BOARD MEMBER","regional",,,,,"799"
"REGIONAL TRUSTEE","BOARD MEMBER","regional",,,,,"800"
"RSA OFFICER","BOARD MEMBER",,,,,,"801"
"SENIOR DIRECTOR","BOARD MEMBER","superior",,,,,"802"
"STANDING COMMITTEE MEMBER","BOARD MEMBER",,,,,,"803"
"STUDENT BOARD MEMBER","BOARD MEMBER",,,,,,"804"
"TRUSTEE","BOARD MEMBER",,,,,,"805"
"TRUSTEE","BOARD MEMBER",,,,,,"806"
"TRUSTEE","BOARD MEMBER",,,,,,"807"
"TRUSTEE ADVISORY","BOARD MEMBER","duplex",,,,,"808"
"TRUSTEE DIVERSI","BOARD MEMBER",,,,,,"809"
"TRUSTEE MEMBER","BOARD MEMBER",,,,,,"810"
"TRUSTEE OF ARTIST","BOARD MEMBER",,,,,,"811"
"TRUSTEE OF DEVELOPMENT","BOARD MEMBER",,,,,,"812"
"TRUSTEE OF EXECUTIVE COMMITTEE","BOARD MEMBER",,,,,,"813"
"TRUSTEE OF FINANCE","BOARD MEMBER",,,,,,"814"
"TRUSTEE OF MARKETING","BOARD MEMBER",,,,,,"815"
"TRUSTEE REPRESENTATIVE","BOARD MEMBER",,,,,,"816"
"TRUSTEE VARIOUS","BOARD MEMBER",,,,,,"817"
"VOTING MEMBER","BOARD MEMBER",,,,,,"818"
"STEWARD","BOARD MEMBER",,,"40",,,"819"
"STEERING COMMITTEE","BOARD MEMBER",,,"31",,,"820"
"COUNCIL MEMBER","BOARD MEMBER",,,"28",,,"821"
"BOARDMEMBER","BOARD MEMBER",,,"22",,,"822"
"MEMBER BOARD","BOARD MEMBER",,,"22",,,"823"
"BOARD MEMBER OF ONTARIO COMMITTEE","BOARD MEMBER",,,"21",,,"824"
"GENERAL COMMITTEE","BOARD MEMBER",,,"20",,,"825"
"EXOFFICIO DIRECTOR","BOARD MEMBER",,,"20",,,"826"
"OFFICIO MEMBER","BOARD MEMBER",,,"19",,,"827"
"OFFICIO M","BOARD MEMBER",,,"18",,,"828"
"VOWELS","BOARD MEMBER",,,"17","spanish term: Sociedad Espanola de Auxilio Mutuo y Beneficencia de Puerto Rico",,"829"
"EXECUTIVE COUNCIL","BOARD MEMBER",,,"15",,,"830"
"PLAYER AGENT","BOARD MEMBER",,,"15",,,"831"
"TILER","BOARD MEMBER",,,"15","Elks Club",,"832"
"JUNIOR WARDEN","BOARD MEMBER",,,"14","Masonic Lodge",,"833"
"SENIOR WARDEN","BOARD MEMBER",,,"14","Masonic Lodge",,"834"
"INSIDE GUARD","BOARD MEMBER",,,"13","Knights of Columbus",,"835"
"MASTER","BOARD MEMBER",,,"13","Masonic Lodge",,"836"
"TRUSTEES","BOARD MEMBER",,,"13",,,"837"
"BOARD EXPIRING","BOARD MEMBER",,,"12",,,"838"
"TRUSTEE AND","BOARD MEMBER",,,"12",,,"839"
"BOARD CO-CHAIR","BOARD MEMBER",,,"11",,,"840"
"BUILDING REPRESENTATIVE","BOARD MEMBER",,,"11",,,"841"
"BOARD MEMBER OF WAYNE COMMITTEE","BOARD MEMBER",,,"10",,,"842"
"FINANCE COMMITTEE","BOARD MEMBER",,,"10",,,"843"
"LIFE DIRECTOR AND EXECUTIVE CTTEE","BOARD MEMBER",,,"10",,,"844"
"L EXECUTIVE COUNCIL","BOARD MEMBER",,,"9",,,"845"
"BOARD MEMBER OF REGIONAL COMMITTEE","BOARD MEMBER",,,"9",,,"846"
"BOARD OF GOVERNORS","BOARD MEMBER",,,"9",,,"847"
"DIRECTOR OFFICIO","BOARD MEMBER",,,"9",,,"848"
"EXAM BOARD","BOARD MEMBER",,,"9",,,"849"
"MEMBER EXIT","BOARD MEMBER",,,"9",,,"850"
"PANHELLENIC DEL","BOARD MEMBER",,,"9",,,"851"
"PARENT REPRESENTATIVE","BOARD MEMBER",,,"9",,,"852"
"REPRESENTATIVE REGIONAL","BOARD MEMBER","regional",,"9",,,"853"
"SENIOR VICE COMMITTEE","BOARD MEMBER",,,"9",,,"854"
"STUDENT REPRESENTATIVE","BOARD MEMBER",,,"9",,,"855"
"TRUSTEE ALTERNATE","BOARD MEMBER",,,"9",,,"856"
"ADVOCATE","BOARD MEMBER",,,"8","Knights of Columbus",,"857"
"BASKETBALL DIRECTOR","BOARD MEMBER",,,"8",,,"858"
"BOARD AND MEMBER","BOARD MEMBER",,,"8",,,"859"
"CLASS REPRESENTATIVE","BOARD MEMBER",,,"8",,,"860"
"CO-TRUSTEE","BOARD MEMBER",,,"8",,,"861"
"COUNCIL REPRESENTATIVE","BOARD MEMBER",,,"8",,,"862"
"DAPHNE AND AL","BOARD MEMBER",,,"8",,,"863"
"GENERAL BOARD MEMBER","BOARD MEMBER",,,"8",,,"864"
"REGIONAL COUNCILOR","BOARD MEMBER",,,"8",,,"865"
"SHIFT STEWAR","BOARD MEMBER",,,"8","Fire Fighters Association",,"866"
"ALTERNATE TRUSTEE","BOARD MEMBER",,,"7",,,"867"
"BOARD OF TRUSTEE","BOARD MEMBER",,,"7",,,"868"
"DECADE REPRESENTATIVE","BOARD MEMBER",,,"7","fraternities / sororities",,"869"
"ELECTED TRUSTEE","BOARD MEMBER",,,"7",,,"870"
"EXECUTIVE CO-MEMBER","BOARD MEMBER",,,"7",,,"871"
"FOOTBALL DIRECTOR","BOARD MEMBER",,,"7",,,"872"
"MEMBER OF TRUSTEE BOARD","BOARD MEMBER",,,"7",,,"873"
"REGIONAL BOARD REPRESENTATIVE","BOARD MEMBER",,,"7",,,"874"
"SENIOR VICE CHAIR","BOARD MEMBER",,,"7",,,"875"
"SPONSORSHIP","BOARD MEMBER",,,"7","sports leagues - fundraising role",,"876"
"STUDENT DIRECTOR","BOARD MEMBER",,,"7",,,"877"
"SUPV CMTE MEMBER","BOARD MEMBER",,,"7",,,"878"
"VICE COMMITTEE","BOARD MEMBER",,,"7",,,"879"
"ALT TRUSTEE","BOARD MEMBER",,,"6",,,"880"
"ATHLETIC DIRECTOR","BOARD MEMBER",,,"6","Sports",,"881"
"BASEBALL DIRECTOR","BOARD MEMBER",,,"6","Sports",,"882"
"BOARD MEMBER OFFICIO","BOARD MEMBER",,,"6",,,"883"
"COUNTY AND GROUP REPRESENTATIVE","BOARD MEMBER",,,"6",,,"884"
"DIRECTOR POS","BOARD MEMBER",,,"6",,,"885"
"DISCIPLINE REPRESENTATIVE","BOARD MEMBER",,,"6",,,"886"
"EQUIPMENT DIRECTOR","BOARD MEMBER",,,"6","sports",,"887"
"EXBOARD MEMBER","BOARD MEMBER",,,"6",,,"888"
"EXECUTIVE TRUSTEE","BOARD MEMBER",,,"6",,,"889"
"FUNDRAISING COORDINATOR","BOARD MEMBER",,,"6","mostly sports",,"890"
"GRADE DIRECTOR","BOARD MEMBER",,,"6","junior football leagues",,"891"
"LIFETIME BOARD MEMBER","BOARD MEMBER",,,"6",,,"892"
"MEMBER AT LA","BOARD MEMBER",,,"6",,,"893"
"OFFICIO AND A","BOARD MEMBER",,,"6",,,"894"
"OFFICIO TRUSTEE","BOARD MEMBER",,,"6",,,"895"
"PUBLIC SEAT","BOARD MEMBER",,,"6",,,"896"
"SPONSORSHIPS","BOARD MEMBER",,,"6",,,"897"
"STEWART","BOARD MEMBER",,,"6","unions",,"898"
"SUPREME TRUSTEE","BOARD MEMBER",,,"6","SUPREME COUNCIL ORDER OF THE AMARANTH",,"899"
"TRUST","BOARD MEMBER",,,"6",,,"900"
"TRUSTEE POS","BOARD MEMBER",,,"6",,,"901"
"UMPIRE IN CHIEF","BOARD MEMBER",,,"6","little league",,"902"
"AFSCME CHAIR RU","BOARD MEMBER",,,"5",,,"903"
"ATHLETE REPRESENTATIVE","BOARD MEMBER",,,"5","amateur sports",,"904"
"BOARD APPOIN","BOARD MEMBER",,,"5",,,"905"
"BOARD OF GOV","BOARD MEMBER",,,"5",,,"906"
"BOARDOFDIRECTOR","BOARD MEMBER",,,"5",,,"907"
"CORRESPONDING S","BOARD MEMBER",,,"5",,,"908"
"COUNCIL WOMAN","BOARD MEMBER",,,"5",,,"909"
"DESIGNEE","BOARD MEMBER",,,"5",,,"910"
"DIRECTOR MINIMUM","BOARD MEMBER",,,"5","catholic",,"911"
"OUTSIDE GUARD","BOARD MEMBER",,,"4","Elks Lodge","BOARD MEMBER","912"
"TRUSTEE P","BOARD MEMBER",,,"3",,,"913"
"TRUSTEE TERMED","BOARD MEMBER",,,"3",,,"914"
"BOARD GOVERNOR","BOARD MEMBER",,,"2",,,"915"
"BOARD LIAISO","BOARD MEMBER",,,"2",,,"916"
"BOARD MEMBER TERMED","BOARD MEMBER",,,"2",,,"917"
"MANAGEMENT TRUSTEES","BOARD MEMBER",,,"5",,,"1037"
"MEMBERSHIP OFFICER","BOARD MEMBER",,,"5",,,"1038"
"OFFICIO BOARD MEMBER","BOARD MEMBER",,,"5",,,"1042"
"PANHELLENIC DELEGATE","BOARD MEMBER",,,"5",,,"1045"
"ALT BOARD MEMBER","BOARD MEMBER","duplex",,"4",,,"1072"
"BAORD MEMBER","BOARD MEMBER",,,"4",,,"1081"
"BOARD ATTORNEY","BOARD MEMBER",,,"4",,,"1082"
"BOARD MEMBER AND","BOARD MEMBER",,,"4",,,"1083"
"BOARD MEMEMBER","BOARD MEMBER",,,"4",,,"1084"
"CLUB REPRESENTATIVE","BOARD MEMBER",,,"4",,,"1094"
"COMMUNITY MEMBER","BOARD MEMBER",,,"4",,,"1098"
"DIRECTOR AND OFFICIO","BOARD MEMBER",,,"4",,,"1107"
"DIRECTOR L","BOARD MEMBER",,,"4",,,"1109"
"DIRECTOR LIFETIME B","BOARD MEMBER",,,"4",,,"1110"
"E BOARD","BOARD MEMBER",,,"4","E = executive",,"1118"
"GRIEVANCE COMMITTEE","BOARD MEMBER",,,"4",,,"1126"
"INSTITUTIONAL TRUSTEE","BOARD MEMBER",,,"4",,,"1127"
"MARKETING COMMITTEE","BOARD MEMBER",,,"4",,,"1131"
"MEMBERSHIP V","BOARD MEMBER",,,"4",,,"1133"
"REGIONAL DIRECTOR E","BOARD MEMBER","regional",,"4",,,"1145"
"REGIONAL UNIT DELEGATE","BOARD MEMBER","regional",,"4",,,"1147"
"STUDENT TRUSTEE","BOARD MEMBER",,,"4",,,"1160"
"TEACHER REPRESENTATIVE","BOARD MEMBER",,,"4",,,"1162"
"TRUSTEE OF BUSINESS AGENT","BOARD MEMBER",,,"4",,,"1166"
"TRUSTEE OFFICIO","BOARD MEMBER",,,"4",,,"1167"
"VOTING BOARD","BOARD MEMBER",,,"4",,,"1177"
"ADVISORY BOARD CHAIR","BOARD PRESIDENT","subordinate",,,,,"665"
"BOARD CHAIR","BOARD PRESIDENT","superior",,"*all board positions should have trustee or officer checked",,,"666"
"BOARD PRESIDENT","BOARD PRESIDENT",,,,,,"667"
"BPS PRESIDENT","BOARD PRESIDENT",,,,,,"668"
"CHAIR","BOARD PRESIDENT",,,,,,"669"
"CHAIR BOARD","BOARD PRESIDENT",,,,,,"670"
"CHAIR BOARD OF DIRECTORS","BOARD PRESIDENT",,,,,,"671"
"CHAIR BOARD OF TRUSTEES","BOARD PRESIDENT",,,,,,"672"
"CHAIR DIRECTOR","BOARD PRESIDENT",,,,,,"673"
"CHAIR OF BOARD","BOARD PRESIDENT",,,,,,"674"
"CHAIR OF BOARD","BOARD PRESIDENT",,,,,,"675"
"CHAIR OF BOARD OF TRUSTEES","BOARD PRESIDENT",,,,,,"676"
"CHAIR OF BOARD OFFICER","BOARD PRESIDENT",,,,,,"677"
"CHAIR PRESIDENT","BOARD PRESIDENT",,,,,,"678"
"CHANCELLOR","BOARD PRESIDENT",,,"*if not paid",,,"679"
"CHARIMAN","BOARD PRESIDENT",,,,,,"680"
"COMMODORE","BOARD PRESIDENT",,,,,,"682"
"DIRECTOR CHAIR","BOARD PRESIDENT",,,,,,"683"
"DIRECTOR OF FINANCE COMMITTEE","BOARD PRESIDENT",,,,,,"684"
"GENERAL CHAIR","BOARD PRESIDENT",,,,,,"685"
"PRESIDENT","BOARD PRESIDENT",,,"*if trustee flag is true, sanity check all board positions with trustee flag",,,"687"
"PRESIDENT DIRECTOR","BOARD PRESIDENT",,,,,,"688"
"PRESIDENT GENERAL","BOARD PRESIDENT",,,,,,"689"
"PRESIDENT OF BOARD","BOARD PRESIDENT",,,,,,"690"
"TRUSTEE CHAIR","BOARD PRESIDENT",,,,,,"691"
"TRUSTEE PRESIDENT","BOARD PRESIDENT",,,,,,"692"
"SOCIETY PRESIDENT","BOARD PRESIDENT",,,"8","is the society the nonprofit?",,"693"
"BOARD AND PRESIDENT","BOARD PRESIDENT",,,"2",,,"694"
"CO-PRESIDENT","BOARD PRESIDENT","duplex","co",,,,"918"
"COPRESIDENT","BOARD PRESIDENT","duplex","co",,,,"919"
"IMM PRESIDENT","BOARD PRESIDENT",,,"5",,,"1032"
"CHAIR TRUSTEE","BOARD PRESIDENT",,,"4",,,"1089"
"BOARD SECRETARY","BOARD SECRETARY",,,,"it is being split now",,"640"
"CHAIR SECRETARY","BOARD SECRETARY",,,,,,"641"
"CORRESPONDING","BOARD SECRETARY",,,,,,"642"
"CORRESPONDING SECRETARY","BOARD SECRETARY",,,,,,"643"
"GENERAL SECRETARY","BOARD SECRETARY",,,,,,"644"
"GRAND SECRETARY","BOARD SECRETARY",,,,,,"645"
"JOINT SECRETARY","BOARD SECRETARY",,,,,,"646"
"MEMBER SECRETARY","BOARD SECRETARY",,,,,,"647"
"MEMBERSHIP SECRETARY","BOARD SECRETARY",,,,,,"648"
"ORGANIZING SECRETARY","BOARD SECRETARY",,,,,,"649"
"RECORD SECRETARY","BOARD SECRETARY",,,,,,"650"
"RECORDING SECRETARY","BOARD SECRETARY",,,,,,"651"
"RECORDER","BOARD SECRETARY",,,,,,"652"
"SECERTARY","BOARD SECRETARY",,,,,,"653"
"SECRETARY","BOARD SECRETARY",,,,,,"654"
"SECRETARY BOARD","BOARD SECRETARY",,,,,,"655"
"SECRETARY DIRECTOR","BOARD SECRETARY",,,,,,"656"
"STATE CORRESPONDING SECRETARY","BOARD SECRETARY",,,,,,"657"
"STATE ORGANIZING SECRETARY","BOARD SECRETARY",,,,,,"658"
"STATE RECORDING SECRETARY","BOARD SECRETARY",,,,,,"659"
"TRUSTEE SECRETARY","BOARD SECRETARY",,,,,,"660"
"SECRETARY'Y","BOARD SECRETARY",,,"8",,,"661"
"DIRECTOR SECRETARY","BOARD SECRETARY",,,"7",,,"662"
"VICE SECRETARY","BOARD SECRETARY",,,"3",,,"663"
"BOARD AND SECRETARY","BOARD SECRETARY",,,"2",,,"664"
"GRAND SECRETARY","BOARD SECRETARY",,,"5",,,"1026"
"SECRETARY OF BOARD","BOARD SECRETARY",,,"5",,,"1053"
"SECRETARY OF BOARD OF DIRECTOR","BOARD SECRETARY",,,"4",,,"1150"
"SECRETARY REPRESENTATIVE","BOARD SECRETARY",,,"4",,,"1151"
"SECRETARY TREASURER","BOARD SECRETARY TREASURER",,,"85","common enough to use as unique title instead of splitting?",,"639"
"BOARD TREASURER","BOARD TREASURER",,,,,,"624"
"DIRECTOR TREASURER","BOARD TREASURER",,,,,,"625"
"FINANCE OFFICER","BOARD TREASURER",,,"*if not paid and/or trustee flag",,,"626"
"GRAND TREASURER","BOARD TREASURER",,,,,,"627"
"JOINT TREASURER","BOARD TREASURER","duplex","co",,,,"628"
"TREASURER","BOARD TREASURER",,,,,,"629"
"TREASURER DIRECTOR","BOARD TREASURER",,,,,,"630"
"TREASURER GENERAL","BOARD TREASURER",,,,,,"631"
"TRUSTEE TREASURER","BOARD TREASURER",,,,,,"632"
"UNION TRUSTEE","BOARD TREASURER",,,"78","https://apwu.org/news/role-local-trustee",,"633"
"CO-TREASURER","BOARD TREASURER","duplex","co","74",,,"634"
"EXECUTIVE TREASURER","BOARD TREASURER",,,"8",,,"635"
"BOARD MEMBER TREASURER","BOARD TREASURER",,,"5",,,"636"
"TREASURER AN","BOARD TREASURER",,,"3",,,"637"
"TREASURER TRUSTEE","BOARD TREASURER",,,"3",,,"638"
"GRAND TREASURER","BOARD TREASURER",,,"5",,,"1027"
"REGIONAL TREASURER","BOARD TREASURER","regional","regional","4",,,"1146"
"TREASURER OF BOARD OF DIRECTOR","BOARD TREASURER",,,"4",,,"1164"
"BOARD VICE CHAIR","BOARD CHAIR","subordinate",,,,,"602"
"BOARD VICE PRESIDENT","BOARD VICE PRESIDENT","subordinate",,,,,"603"
"DIRECTOR VICE PRESIDENT","BOARD VICE PRESIDENT","subordinate",,,,,"604"
"REGIONAL VICE PRESIDENT","BOARD VICE PRESIDENT","regional",,"*if trustee flag",,,"605"
"RVP","BOARD VICE PRESIDENT","regional",,"*if trustee flag",,,"606"
"STATE VICE BOARD MEMBER","BOARD VICE PRESIDENT","subordinate",,,,,"607"
"TRUSTEE VICE PRESIDENT","BOARD VICE PRESIDENT","subordinate",,"*vice president of board is a subordinate of president",,,"608"
"VICE BOARD CHAIR","BOARD CHAIR","subordinate",,,,,"609"
"VICE BOARD MEMBER","BOARD VICE PRESIDENT","subordinate",,,,,"610"
"VICE CHAIR","BOARD CHAIR","subordinate",,,,,"611"
"VICE CHAIR OF BOARD","BOARD CHAIR","subordinate",,,,,"612"
"VICE CHARIMA","BOARD CHAIR","subordinate",,,,,"613"
"VICE CHARIMAN","BOARD CHAIR","subordinate",,,,,"614"
"VICE CHRMN","BOARD CHAIR","subordinate",,,,,"615"
"VICE GENERAL CHAIR","BOARD CHAIR","subordinate",,,,,"616"
"VICE PRESIDENT BOARD","BOARD VICE PRESIDENT","subordinate",,,,,"617"
"VICE PRESIDENT EXECUTIVE BOARD","BOARD VICE PRESIDENT","subordinate",,,,,"618"
"VICE PRESIDENT GENERAL","BOARD VICE PRESIDENT","subordinate",,,,,"619"
"VICE PRESIDENT OF EXECUTIVE COMMITTEE","BOARD VICE PRESIDENT","subordinate",,,,,"620"
"VICE PRESIDENT OF BOARD DEVELOPMENT","BOARD VICE PRESIDENT","subordinate",,,,,"621"
"MEMBERSHIP VICE PRESIDENT","BOARD VICE PRESIDENT","subordinate",,,,,"622"
"VICE COMMANDER","BOARD VICE PRESIDENT","subordinate",,"21","https://www.legion.org/vicecommanders",,"623"
"MEMBERSHIP VICE PRESIDENT","BOARD VICE PRESIDENT",,,"5",,,"1039"
"V CHAIR","BOARD VICE PRESIDENT","subordinate",,"5",,,"1061"
"VICE COMMODO","BOARD VICE PRESIDENT","subordinate",,"5",,,"1062"
"VICE PRESIDENT OF COMMITTEE","BOARD VICE PRESIDENT",,,"5",,,"1065"
"VICE PRESIDENT OF MEMBER","BOARD VICE PRESIDENT",,,"5",,,"1068"
"CHIEF RABBAN","BOARD VICE PRESIDENT",,,"4",,,"1092"
"VICE PRESIDENT TREASURER","BOARD VICE PRESIDENT TREASURER",,,"7","should be split",,"601"
"BOOKKEEPER","BOOKKEEPER",,,,,,"600"
"BUSINESS ADVISOR","BUSINESS ADVISOR",,,,,,"599"
"BUSINESS AGENT","BUSINESS AGENT",,,,,,"598"
"BUSINESS AGE","BUSINESS GAENT",,,,,,"597"
"ASSISTANT BUSINESS MANAGER","BUSINESS MANAGER","subordinate","assistant","4",,,"1075"
"BUSINESS REPRESENTATIVE","BUSINESS REPRESENTATIVE",,,,,,"596"
"CAO","CHIEF ADMINISTRATIVE OFFICER",,,,,,"595"
"CAPTAIN","CAPTAIN",,,,,,"594"
"CAUCUS COUNCILOR","CAUCUS COUNCILOR",,,"4",,,"1085"
"BOARD MEMBER CEO","CHIEF EXECUTIVE OFFICER",,,"should be split",,,"567"
"CEO","CHIEF EXECUTIVE OFFICER",,,,,,"568"
"CEO FOUNDER","CHIEF EXECUTIVE OFFICER",,,,,,"569"
"CEO PRESIDENT","CHIEF EXECUTIVE OFFICER",,,"should be split to president of board and ceo",,,"570"
"CHANCELLOR","CHIEF EXECUTIVE OFFICER",,,"*If officer and paid",,,"571"
"CHIEF EXECUTIVE","CHIEF EXECUTIVE OFFICER",,,,,,"572"
"CHIEF EXECUTIVE OFFICER","CHIEF EXECUTIVE OFFICER",,,,,,"573"
"ED","CHIEF EXECUTIVE OFFICER",,,"all c suite should have the officer flag checked",,,"574"
"EXECDIR","CHIEF EXECUTIVE OFFICER",,,,,,"575"
"EXECUTIVE DIRECTOR","CHIEF EXECUTIVE OFFICER",,,,,,"576"
"FOUNDING CEO","CHIEF EXECUTIVE OFFICER",,,,,,"577"
"HEAD OF SCHOOL","CHIEF EXECUTIVE OFFICER",,,,,,"578"
"HEADMASTER","CHIEF EXECUTIVE OFFICER",,,"*if paid",,,"579"
"MANAGING DIRECTOR","CHIEF EXECUTIVE OFFICER",,,"*if paid",,,"580"
"MUSEUM CEO","CHIEF EXECUTIVE OFFICER",,,,,,"581"
"NON VOTING CEO","CHIEF EXECUTIVE OFFICER",,,,,,"582"
"PRESIDENT CEO","CHIEF EXECUTIVE OFFICER",,,"should be split to president of board and ceo",,,"583"
"REGIONAL CEO","CHIEF EXECUTIVE OFFICER","regional","regional",,,,"584"
"EXALTED RULER","BOARD PRESIDENT",,,"17",,,"585"
"EXALTED RULE","BOARD PRESIDENT",,,"10","Elks Lodge",,"586"
"GENERAL DIRECTOR","CHIEF EXECUTIVE OFFICER",,,"9",,,"587"
"ORGANIZATION DIRECTOR","CHIEF EXECUTIVE OFFICER",,,"9",,,"588"
"SUPERINTENDENT","CHIEF EXECUTIVE OFFICER",,,"8",,,"589"
"SCHOOL PRINCIPAL","CHIEF EXECUTIVE OFFICER",,,"7",,,"590"
"CAMP DIRECTOR","CHIEF EXECUTIVE OFFICER",,,"6",,,"591"
"PRINCIPAL OFFICER","CHIEF EXECUTIVE OFFICER",,,"6",,,"592"
"POTENTATE","CHIEF EXECUTIVE OFFICER",,,"4","Shriners","CEO","593"
"CFO","CHIEF FINANCE OFFICER",,,,,,"559"
"CHIEF FINANCE","CHIEF FINANCE OFFICER",,,,,,"560"
"CHIEF FINANCE AND AND ADMINISTRATION","CHIEF FINANCE OFFICER",,,,,,"561"
"CHIEF FINANCE OFFICER","CHIEF FINANCE OFFICER",,,,,,"562"
"CHIEF FINANCIAL OFFICER","CHIEF FINANCE OFFICER",,,,,,"563"
"CHIEF FISCAL OFFICER","CHIEF FINANCE OFFICER",,,,,,"564"
"CHIEF OF OPERATIONS AND FINANCE","CHIEF FINANCE OFFICER",,,,,,"565"
"FISCAL OFFICER","CHIEF FINANCE OFFICER",,,,,,"566"
"CHAPLAIN","CHAPLAIN",,,,,,"555"
"CHAPLAIN GENERAL","CHAPLAIN",,,,,,"556"
"CHAPLIN","CHAPLAIN",,,,,,"557"
"STATE CHAPLAIN","CHAPLAIN",,,,,,"558"
"CHEF","CHEF",,,,,,"554"
"CHEIF FINANCE OFFICER","CHIEF FINANCE OFFICER",,,"4",,,"1090"
"CHIEF","CHIEF",,,,,,"553"
"CHIEF ACADEMICS OFFICER","CHIEF ACADEMICS OFFICER",,,"4",,,"1091"
"CHIEF ACCOUN","CHIEF ACCOUNTANT","superior","chief","*only including titles with at least 2 occurrences",,,"551"
"CHIEF ACCOUNTANT","CHIEF ACCOUNTANT","superior","chief",,,,"552"
"ADJUTANT","CHIEF ADMINISTRATIVE OFFICER",,,,,,"547"
"ADJUTANT GENERAL","CHIEF ADMINISTRATIVE OFFICER",,,,,,"548"
"CHIEF ADMINISTRATION OFFICER","CHIEF ADMINISTRATIVE OFFICER",,,,,,"549"
"CHIEF ADMINISTRATIVE OFFICER","CHIEF ADMINISTRATIVE OFFICER",,,,,,"550"
"CHIEF ADVANCEMENT OFFICER","CHIEF ADVANCEMENT OFFICER",,,,,,"546"
"CHIEF ARCHITECT","CHIEF ARCHITECT","superior","chief",,,,"545"
"CHIEF ARTISTIC OFFICER","CHIEF ARTISTIC OFFICER",,,,,,"544"
"CHIEF BUSINESS DEVELOPMENT OFFICER","CHIEF BUSINESS DEVELOPMENT OFFICER",,,,,,"543"
"CHIEF CIVIC PROGRAMS OFFICER","CHIEF CIVIC PROGRAMS OFFICER",,,,,,"542"
"CHIEF CLERK","CHIEF CLERK","superior","chief",,,,"541"
"CHIEF CLINICAL OFFICER","CHIEF CLINICAL OFFICER",,,"7",,,"540"
"CHIEF COLLECTIONS OFFICER","CHIEF COLLECTIONS OFFICER",,,,,,"539"
"CHIEF CONTENT OFFICER","CHIEF CONTENT OFFICER",,,,,,"538"
"CHIEF CURATOR","CHIEF CURATOR","superior","chief",,,,"537"
"CHIEF DEVELOPMENT O","CHIEF DEVELOPMENT OFFICER",,,,,,"534"
"CHIEF DEVELOPMENT OFFICER","CHIEF DEVELOPMENT OFFICER",,,,,,"535"
"CHIEF OF DEVELOPMENT","CHIEF DEVELOPMENT OFFICER",,,,,,"536"
"CHIEF DIGITAL OFFICER","CHIEF DIGITAL OFFICER",,,,,,"533"
"CHIEF ENGAGEMENT OFFICER","CHIEF ENGAGEMENT OFFICER",,,,,,"532"
"FISCAL DIRECTOR","CHIEF FINANCIAL OFFICER",,,"5",,,"531"
"CHIEF HISTORIAN","CHIEF HISTORIAN","superior","chief",,,,"530"
"CHIEF HUMAN RESOURCES OFFICER","CHIEF HUMAN RESOURCES OFFICER",,,,,,"529"
"CHIEF IMAM","CHIEF IMAM","superior","chief",,,,"528"
"CHIEF INFORMATION OFFICER","CHIEF INFORMATION OFFICER",,,,,,"526"
"CIO","CHIEF INFORMATION OFFICER",,,"10",,,"527"
"CHIEF INNOVATION OFFICER","CHIEF INNOVATION OFFICER",,,,,,"525"
"CHIEF INSIGHTS OFFICER","CHIEF INSIGHTS OFFICER",,,,,,"524"
"CHIEF INSTITUTIONAL ADVANCEMENT OFFICER","CHIEF DEVELOPMENT OFFICER",,,,,,"523"
"CHIEF INVESTMENT OFFICER","CHIEF INVESTMENT OFFICER",,,"7",,,"522"
"CHIEF LEGAL COUNSEL OF FREE","CHIEF LEGAL OFFICER",,,,,,"520"
"CHIEF LEGAL OFFICER","CHIEF LEGAL OFFICER",,,,,,"521"
"CHIEF MARKETING","CHIEF MARKETING OFFICER",,,,,,"516"
"CHIEF MARKETING AND COMMUNICATIONS","CHIEF MARKETING OFFICER",,,,,,"517"
"CHIEF MARKETING O","CHIEF MARKETING OFFICER",,,,,,"518"
"CHIEF MARKETING OFFICER","CHIEF MARKETING OFFICER",,,,,,"519"
"CHIEF MARSHAL","CHIEF MARSHAL",,,,,,"515"
"CHIEF MECHANICAL OFFICER","CHIEF MECHANICAL OFFICER",,,,,,"514"
"CHIEF MEDICAL OFFICER","CHIEF MEDICAL OFFICER",,,,,,"513"
"CHIEF NURSING OFFICER","CHIEF NURSING OFFICER",,,"8",,,"511"
"CNO","CHIEF NURSING OFFICER",,,"6",,,"512"
"VICE PRESIDENT AND CNO","CHIEF NURSING OFFICER",,,"4","chief nursing officers",,"1169"
"CHIEF OF STA","CHIEF OF STAFF","superior","chief",,,,"509"
"CHIEF OF STAFF","CHIEF OF STAFF","superior","chief",,,,"510"
"CHIEF PARTNERSHIP OFFICER","CHIEF PARTNERSHIP OFFICER",,,,,,"508"
"CHIEF PHILANTHROPY OFFICER","CHIEF PHILANTHROPY OFFICER",,,,,,"507"
"CHIEF PROGRAMS OFFICER","CHIEF PROGRAMS OFFICER",,,,,,"506"
"CHIEF RELATIONS OFFICER","CHIEF RELATIONS OFFICER",,,,,,"505"
"CHIEF OFFICER OF SCI AND EDU","CHIEF SCIENTIFIC OFFICER",,,,,,"502"
"CHIEF SCIENCE OFFICER","CHIEF SCIENTIFIC OFFICER",,,,,,"503"
"CHIEF SCIENTIFIC OFFICER","CHIEF SCIENTIFIC OFFICER",,,,,,"504"
"CHIEF STRATEGY","CHIEF STRATEGY OFFICER",,,,,,"499"
"CHIEF STRATEGY AND DEVELOPMENT","CHIEF STRATEGY OFFICER",,,,,,"500"
"CHIEF STRATEGY OFFICER","CHIEF STRATEGY OFFICER",,,,,,"501"
"CHIEF SUSTAINABILITY OFFICER","CHIEF SUSTAINABILITY OFFICER",,,,,,"498"
"CHIEF TECHNOLOGY","CHIEF TECHNOLOGY OFFICER",,,,,,"494"
"CHIEF TECHNOLOGY AND PRODUCT","CHIEF TECHNOLOGY OFFICER",,,,,,"495"
"CHIEF TECHNOLOGY OFFICER","CHIEF TECHNOLOGY OFFICER",,,,,,"496"
"CTO","CHIEF TECHNOLOGY OFFICER",,,,,,"497"
"CIVIC DIRECTOR","CIVIC DIRECTOR",,,,,,"493"
"CLERK","CLERK",,,,,,"492"
"CLINICAL DIRECTOR","CLINICAL DIRECTOR",,,"8","hospitals",,"491"
"CLUB MANAGER","CLUB MANAGER",,,,,,"490"
"CMO","CHIEF MARKETING OFFICER",,,,,,"489"
"CO-CEO","CHIEF EXECUTIVE OFFICER","duplex","co",,,,"486"
"CO-CEO","CHIEF EXECUTIVE OFFICER","duplex","co","24",,,"487"
"CO-DIRECTOR","CHIEF EXECUTIVE OFFICER","duplex","co","9",,,"488"
"CO-SECRETARY","BOARD SECRETARY","duplex","co","27",,,"485"
"CO-VICE PRESIDENT","VICE PRESIDENT","duplex","co","36",,,"484"
"COLLECTIONS MANAGER","COLLECTIONS MANAGER",,,,,,"483"
"COMMISSIONER","COMMISSIONER",,,,,,"482"
"COMMODO","COMMODO",,,"4",,,"1096"
"COMMUNICATIONS","COMMUNICATIONS",,,,,,"481"
"COMMUNITY RE","COMMUNITY RELATIONS",,,"20",,,"480"
"COMPLIANCE DIRECTOR","COMPLIANCE DIRECTOR",,,"4",,,"1099"
"COMPLIANCE OFFICER","COMPLIANCE OFFICER",,,"5",,,"479"
"COMPOSER","COMPOSER",,,,,,"478"
"CONTROLLER","COMPTROLLER",,,,,,"474"
"COMPTROLLER","COMPTROLLER",,,,,,"477"
"CONCESSIONS","CONCESSIONS",,,"4",,,"1100"
"CONDUCTOR","CONDUCTOR",,,,,,"476"
"CONSULTANT","CONSULTANT",,,,,,"475"
"CONT COMPLIANCE","CONTRACT COMPLIANCE",,,"4",,,"1101"
"CONTRACTOR TRUSTEE","CONTRACTOR TRUSTEE",,,"4",,,"1102"
"CHIEF OF OPERATIONS AND FINANCE","CHIEF OPERATIONS OFFICER",,,,,,"465"
"CHIEF OPERATING OFFICER","CHIEF OPERATIONS OFFICER",,,,,,"466"
"CHIEF OPERATIONS","CHIEF OPERATIONS OFFICER",,,,,,"467"
"CHIEF OPERATIONS OFFICER","CHIEF OPERATIONS OFFICER",,,,,,"468"
"COO","CHIEF OPERATIONS OFFICER",,,,,,"469"
"DIRECTOR OF OPERATIONS","CHIEF OPERATIONS OFFICER",,,"*if officer flag is true",,,"470"
"OPERATIONS DIRECTOR","CHIEF OPERATIONS OFFICER",,,"*if officer flag is true",,,"471"
"OPERATIONS MANAGER","CHIEF OPERATIONS OFFICER",,,"*if officer flag is true",,,"472"
"VICE PRESIDENT OF OPERATIONS","CHIEF OPERATIONS OFFICER",,,"*if officer flag is true",,,"473"
"COORDINATOR","COORDINATOR",,,,,,"464"
"CORP SECRETARY","CORPORATE SECRETARY",,,,,,"462"
"CORPORATE SECRETARY","CORPORATE SECRETARY",,,,,,"463"
"COUNCIL CHAIR","COUNCIL CHAIR",,,"4",,,"1103"
"COUNCIL PRESIDENT","COUNCIL PRESIDENT",,,"4",,,"1104"
"COUNCILMAN","COUNCILMAN",,,,,,"460"
"COUNCILWOMAN","COUNCILMAN",,,,,,"461"
"COUNSELOR","COUNSELOR",,,,,,"459"
"CREATIVE DIRECTOR","CREATIVE DIRECTOR",,,,,,"458"
"CURATOR","CURATOR",,,,,,"454"
"CURATOR GENERAL","CURATOR","superior","general",,,,"455"
"MUSEUM CURATOR","CURATOR",,,,,,"456"
"MUSEUM CURATOR","CURATOR",,,,,,"457"
"CUSTODIAN","CUSTODIAN",,,,,,"453"
"DEACON","DEACON",,,"13",,,"452"
"DEAN","DEAN",,,,,,"450"
"ACADEMICS DEAN","DEAN",,,"2",,,"451"
"DEPUTY CEO","CHIEF EXECUTIVE OFFICER","subordinate","deputy",,,,"442"
"DEPUTY GRAND MASTER","BOARD PRESIDENT","subordinate","deputy","masons board position","https://projects.propublica.org/nonprofits/organizations/380557455/202300379349300900/full",,"443"
"DEPUTY DIRECTOR","CHIEF EXECUTIVE OFFICER","subordinate",,,,,"444"
"LEADING KNIGHT","BOARD MEMBER","subordinate",,"15",,,"445"
"LECTURING KNIGHT","BOARD MEMBER","subordinate",,"10",,,"446"
"GRAND KNIGHT","BOARD MEMBER","subordinate",,"8",,,"447"
"JUNIOR GOVERNOR","BOARD MEMBER","subordinate",,"8","Moose Lodge",,"448"
"LEADING KNIG","BOARD MEMBER","subordinate",,"8",,,"449"
"LOYAL KNIGHT","BOARD MEMBER","subordinate",,"23",,,"441"
"DEPUTY CHIEF","CHIEF","subordinate","deputy","8","volunteer fire departments",,"440"
"LECTURING KN","BOARD MEMBER","subordinate",,"7","Elks Lodge",,"439"
"DEPUTY GRAND","BOARD MEMBER","subordinate",,"4",,,"1105"
"DEPUTY GRAND KNIGHT","BOARD MEMBER","subordinate",,"4",,,"1106"
"DEVELOPMENT","DEVELOPMENT",,,,,,"437"
"FUND MANAGER","DEVELOPMENT",,,"DEVELOPMENT","DEVELOPMENT",,"438"
"SENIOR DEVELOPMENT PROJECTS MANAGER","DEVELOPMENT MANAGER","superior",,"4",,,"1152"
"DIRECTOR AND","DIRECTOR",,,"14","create DIRECTOR title that is ambiguous to signal it needs to be classified as CEO or BM?",,"434"
"DIRECTOR EXIT","DIRECTOR",,,"5","""exit"" added to status codes",,"435"
"DIRECTOR UP","DIRECTOR",,,"5",,,"436"
"DIRECTOR OVERSE","DIRECTOR","regional",,"4",,,"1114"
"DIRECTOR REGIONAL","DIRECTOR","regional",,"4",,,"1115"
"DIRECTOR*","DIRECTOR",,,"4",,,"1116"
"DIRECTOR ALUMNA","DIRECTOR ALUMNA",,,"5",,,"433"
"DIRECTOR ACADEMICS","DIRECTOR OF ACADEMICS",,,"7",,,"432"
"DIRECTOR OF ACQUISITIONS","DIRECTOR OF ACQUISITIONS",,,"4",,,"1111"
"DIRECTOR OF ADMINISTRATION","DIRECTOR OF ADMINISTRATION",,,,,,"431"
"DIRECTOR OF ADVANCEMENT","DIRECTOR OF ADVANCEMENT",,,,,,"430"
"DIRECTOR BUDGET AND ANALYTICS","DIRECTOR OF BUDGET AND ANALYTICS",,,"4",,,"1108"
"BUSINESS DIRECTOR","DIRECTOR OF BUSINESS",,,,,,"429"
"DIRECTOR OF BUSINESS DEVELOPMENT","DIRECTOR OF BUSINESS DEVELOPMENT",,,,,,"428"
"DIRECTOR OF COMMITTEE","BOARD MEMBER",,,,,,"427"
"COMMUNICATIONS DIRECTOR","DIRECTOR OF COMMUNICATIONS",,,,,,"425"
"DIRECTOR OF COMMUNICATIONS","DIRECTOR OF COMMUNICATIONS",,,,,,"426"
"DEVELOPMENT DIRECTOR","DIRECTOR OF DEVELOPMENT",,,,,,"422"
"DIRECTOR OF DEVELOPMENT","DIRECTOR OF DEVELOPMENT",,,,,,"423"
"ADVANCEMENT DIRECTOR","DIRECTOR OF DEVELOPMENT",,,"2",,,"424"
"DIRECTOR OF EDUCATION","DIRECTOR OF EDUCATION",,,,,,"420"
"EDUCATION DIRECTOR","DIRECTOR OF EDUCATION",,,"*if no trustee flag and unpaid",,,"421"
"DIRECTOR OF ENGINEERING","DIRECTOR OF ENGINEERING",,,,,,"419"
"DIRECTOR OF EXTERNAL AFFAIRS","DIRECTOR OF EXTERNAL AFFAIRS",,,,,,"417"
"DIRECTOR OF EXTERNAL RELATIONS","DIRECTOR OF EXTERNAL AFFAIRS",,,,,,"418"
"DIRECTOR OF FACILITIES","DIRECTOR OF FACILITIES",,,,,,"415"
"FACILITIES DIRECTOR","DIRECTOR OF FACILITIES",,,,,,"416"
"DIRECTOR OF FINANCE","DIRECTOR OF FINANCE",,,"*if trustee and not paid",,,"410"
"DIRECTOR OF FINANCE","DIRECTOR OF FINANCE",,,,,,"411"
"FINANCE DIRECTOR","DIRECTOR OF FINANCE",,,,,,"412"
"HEAD OF FINANCE","DIRECTOR OF FINANCE",,,,,,"413"
"MUSEUM DIRECTOR OF FINANCE","DIRECTOR OF FINANCE",,,,,,"414"
"DIRECTOR OF FINANCE AND ADMINISTRATION","DIRECTOR OF FINANCE AND ADMINISTRATION",,,,,,"409"
"DIRECTOR OF FINANCE AND OPERATIONS","DIRECTOR OF FINANCE AND OPERATIONS",,,"*if not",,,"408"
"DIRECTOR OF FUNDRAISING","DIRECTOR OF DEVELOPMENT",,,,,,"405"
"DIRECTOR OF INDIVIDUAL GIVING","DIRECTOR OF DEVELOPMENT",,,,,,"406"
"FUNDRAISING DIRECTOR","DIRECTOR OF DEVELOPMENT",,,,,,"407"
"HEAD OF HUMAN RESOURCES","DIRECTOR OF HUMAN RESOURCES",,,,,,"295"
"MANAGING DIRECTOR OF HUMAN RESOURCES","DIRECTOR OF HUMAN RESOURCES",,,,,,"296"
"DIRECTOR OF HUMAN RESOURCES","DIRECTOR OF HUMAN RESOURCES","duplex",,,,,"404"
"HUMAN RESOURCES DIRECTOR","DIRECTOR OF HUMAN RESOURCES","superior",,"5",,,"1030"
"DIRECTOR OF IT","DIRECTOR OF INFORMATION TECHNOLOGY","duplex",,,,,"400"
"INFORMATION TECHNOLOGY DIRECTOR","DIRECTOR OF INFORMATION TECHNOLOGY","duplex",,,,,"401"
"IT DIRECTOR","DIRECTOR OF INFORMATION TECHNOLOGY","duplex",,,,,"402"
"IT DIRECTOR","DIRECTOR OF INFORMATION TECHNOLOGY","duplex",,,,,"403"
"DIRECTOR OF INFORMATION TECHNOLOGY","DIRECTOR OF INFORMATION TECHNOLOGY",,,"4",,,"1112"
"DIRECTOR OF LEGISLATIVE AFFAIRS","DIRECTOR OF LEGISLATIVE AFFAIRS",,,"4",,,"1113"
"DIRECTOR OF MARKETING","DIRECTOR OF MARKETING","duplex",,,,,"395"
"MARKETING DIRECTOR","DIRECTOR OF MARKETING","duplex",,,,,"396"
"DIRECTOR OF MARKETING AND COMMITTEE","DIRECTOR OF MARKETING","duplex",,,,,"397"
"DIRECTOR OF MARKETING AND CO","DIRECTOR OF MARKETING","duplex",,,,,"398"
"DIRECTOR OF MARKETING AND COM","DIRECTOR OF MARKETING","duplex",,,,,"399"
"DIRECTOR OF MEMBERSHIP","DIRECTOR OF MEMBERSHIP","duplex",,,,,"393"
"MEMBERSHIP DIRECTOR","DIRECTOR OF MEMBERSHIP","duplex",,,,,"394"
"MUSICAL DIRECTOR","DIRECTOR OF MUSIC","duplex",,,,,"392"
"DIRECTOR OF NURSING","DIRECTOR OF NURSING","duplex",,"6",,,"391"
"DIRECTOR OF OPERATIONS","DIRECTOR OF OPERATIONS","duplex",,"*if no officer flag",,,"387"
"DIRECTOR OF OPERATIONS","DIRECTOR OF OPERATIONS","duplex",,,,,"388"
"DIRECTOR OF OPERATIONS II","DIRECTOR OF OPERATIONS","duplex",,,,,"389"
"OPERATIONS DIRECTOR","DIRECTOR OF OPERATIONS","duplex",,"*if no officer flag",,,"390"
"DIRECTOR OF PRODUCTION","DIRECTOR OF PRODUCTION","duplex",,,,,"386"
"DIRECTOR OF PROGRAMS","DIRECTOR OF PROGRAMS","duplex",,,,,"384"
"PROGRAMS DIRECTOR","DIRECTOR OF PROGRAMS","duplex",,,,,"385"
"PUBLIC AFFAIRS DIRECTOR","DIRECTOR OF PUBLIC AFFAIRS","duplex",,,,,"383"
"DIRECTOR OF PUBLIC RELATIONS","DIRECTOR OF PUBLIC RELATIONS","duplex",,,,,"382"
"DIRECTOR OF PUBLICITY","DIRECTOR OF PUBLICITY","duplex",,,,,"381"
"DIRECTOR OF RESEARCH","DIRECTOR OF RESEARCH","duplex",,,,,"380"
"DIRECTOR OF RISK MANAGEMENT","DIRECTOR OF RISK MANAGEMENT","duplex",,"5",,,"379"
"DIRECTOR OF TECHNOLOGY","DIRECTOR OF TECHNOLOGY","duplex",,,,,"377"
"TECHNOLOGY DIRECTOR","DIRECTOR OF TECHNOLOGY","duplex",,,,,"378"
"DIRECTOR VICE CHAIR","DIRECTOR VICE CHAIR",,,"5",,,"376"
"DIVISION DIRECTOR","DIVISION DIRECTOR",,,"4",,,"1117"
"DIRECTOR AND PHYSICIAN","DOCTOR",,,"15",,,"357"
"PHARMACIST","DOCTOR",,,,,,"358"
"SURGEON","DOCTOR",,,,,,"359"
"GENERAL SURGEON","DOCTOR",,,,,,"360"
"PHYSICIAN'S ASSISTANT","DOCTOR",,,,,,"361"
"PHYSICIAN","DOCTOR",,,,,,"362"
"INTERNIST","DOCTOR",,,,,,"363"
"PSYCHIATRIST","DOCTOR",,,,,,"364"
"PSYCHIATRIST","DOCTOR",,,"25",,,"365"
"DENTIST","DOCTOR",,,"14",,,"366"
"MD","DOCTOR",,,"9",,,"367"
"ANESTHESIOLOGIST","DOCTOR",,,"5",,,"368"
"ORTHOPAEDIC SURGEON","DOCTOR",,,"DOCTOR",,"DOCTOR","369"
"PHYSICAL THERAPIST","DOCTOR",,,"4",,"DOCTOR","370"
"PHYSICIAN SURGEON","DOCTOR",,,"4",,"DOCTOR","371"
"STAFF DENTIST","DOCTOR",,,"3",,,"372"
"STAFF PHYSICIAN","DOCTOR",,,"3",,,"373"
"ADMINISTRATION HOSPICE PHYSICIAN","DOCTOR",,,"2",,,"374"
"ATTENDING PHYSICIAN","DOCTOR",,,"2",,,"375"
"ORTHOPEDIC SURGEON","DOCTOR",,,"5",,,"1044"
"PHYSICIAN ASSISTANT","DOCTOR",,,"5",,,"1046"
"CLINICIAN","DOCTOR",,,"4",,,"1093"
"TRUSTEE AND PHYSICIAN","DOCTOR",,,"4","added split rule",,"1165"
"EDITOR","EDITOR",,,,,,"354"
"MANAGING EDITOR","EDITOR","superior",,,,,"355"
"NEWSLETTER EDITOR","EDITOR",,,,,,"356"
"EDITOR IN CHIEF","EDITOR IN CHIEF","superior",,,,,"353"
"EDUCATION","EDUCATION",,,,,,"352"
"EDUCATION INSTRUCTOR","EDUCATION INSTRUCTOR",,,"4",,,"1119"
"EDUCATION MN","EDUCATION MN",,,"4",,,"1120"
"EDUCATOR","EDUCATOR",,,,,,"351"
"ELDER","ELDER",,,,,,"350"
"EMPLOYEE","EMPLOYEE",,,,,,"348"
"KEY EMPLOYEE","EMPLOYEE",,,,,,"349"
"EVENTS","EVENTS",,,,,,"343"
"SPECIAL EVENT","EVENTS",,,"3",,,"344"
"SPECIAL EVENTS","EVENTS",,,"3",,,"345"
"EVENT COORDINATOR","EVENTS",,,,,,"346"
"EVENTS COORDINATOR","EVENTS",,,,,,"347"
"EXECUTIVE REGIONAL","EXECUTIVE","regional",,"4",,,"1121"
"EXECUTIVE ARTISTIC DIRECTOR","ARTISTIC DIRECTOR","superior",,,,,"341"
"MANAGING ARTISTIC DIRECTOR","ARTISTIC DIRECTOR","superior",,,,,"342"
"EXECUTIVE ASSISTANT","ASSISTANT","superior",,"*assistant to the executive, or executive assistant?",,,"340"
"EXECUTIVE CHEF","CHEF","superior",,"6","country clubs",,"339"
"EXECUTIVE EDITOR","EDITOR","superior",,"*if not trustee",,,"338"
"EXECUTIVE EDITOR","EDITOR","superior",,"*if trustee flag",,,"756"
"EXECUTIVE PRODUCER","PRODUCER","superior",,,,,"337"
"EXECUTIVE SECRETARY","SECRETARY","superior",,,,,"336"
"ESVP","VICE PRESIDENT","superior",,,,,"334"
"EXECUTIVE SENIOR VICE PRESIDENT","VICE PRESIDENT","superior",,,,,"335"
"E V PRESIDENT","VICE PRESIDENT","superior",,,,,"327"
"E VICE","VICE PRESIDENT","superior",,,,,"328"
"E VICE PRESISDENT","VICE PRESIDENT","superior",,,,,"329"
"EVP","VICE PRESIDENT","superior",,,,,"330"
"EXECUTIVE VICE","VICE PRESIDENT","superior",,,,,"331"
"EXECUTIVE VICE PRESIDENT","VICE PRESIDENT","superior",,,,,"332"
"EXECUTIVE VP","VICE PRESIDENT","superior",,,,,"333"
"FACULTY","FACULTY",,,,,,"326"
"FACULTY REPRESENTATIVE","FACULTY REPRESENTATIVE",,,,,,"325"
"FIELD DIRECTOR","FIELD DIRECTOR",,,"4",,,"1122"
"FIELD REPRESENTATIVE","FIELD REPRESENTATIVE",,,"4",,,"1123"
"FINANCE","FINANCE",,,,,,"324"
"FINANCE ADVISOR","FINANCE ADVISOR",,,"4",,,"1124"
"FINANCE MANAGEMENT","FINANCE MANAGER",,,,,,"322"
"FINANCE MANAGER","FINANCE MANAGER",,,,,,"323"
"FINANCE OFFICER","FINANCE OFFICER",,,"*if otherwise",,,"321"
"FINANCE SECRETARY'Y","FINANCIAL SECRETARY",,,"5",,,"320"
"FIRE CHIEF","FIRE CHIEF",,,"27",,,"319"
"FIRE FIGHTER","FIRE FIGHTER",,,"6",,,"318"
"FLEET CAPTAIN","FLEET CAPTAIN",,,"5",,,"317"
"FOUNDATION MANAGER","FOUNDATION MANAGER",,,,,,"316"
"FOUNDER","FOUNDER",,,,,,"313"
"FOUNDING CHAIR","BOARD CHAIR",,,,,,"314"
"FOUNDING DIRECTOR","FOUNDER",,,,,,"315"
"FOUNDING ARTISTIC DIRECTOR","ARTISTIC DIRECTOR",,,,,,"312"
"FUND ADMINISTRATOR","FUND ADMINISTRATOR",,,"5",,,"1024"
"FUNDRAISING","FUNDRAISING",,,,,,"311"
"GENEALOGIST","GENEALOGIST",,,,,,"309"
"GENEALOGIST GENERAL","GENEALOGIST",,,,,,"310"
"COUNSEL","GENERAL COUNSEL",,,,,,"304"
"GENERAL COUN","GENERAL COUNSEL",,,,,,"305"
"GENERAL COUNSEL","GENERAL COUNSEL",,,,,,"306"
"LEGAL COUNSE","GENERAL COUNSEL",,,,,,"307"
"LEGAL COUNSEL","GENERAL COUNSEL",,,,,,"308"
"ASSISTANT GENERAL COUNSEL","GENERAL COUNSEL","subordinate",,"4",,,"1076"
"BUSINESS MANAGEMENT","GENERAL MANAGER",,,,,,"299"
"BUSINESS MANAGER","GENERAL MANAGER",,,,,,"300"
"GENERAL MANAGEMENT","GENERAL MANAGER",,,,,,"301"
"GENERAL MANAGER","GENERAL MANAGER",,,,,,"302"
"MANAGER","GENERAL MANAGER",,,,,,"303"
"ASSISTANT GENERAL MANAGER","GENERAL MANAGER","subordinate",,"4",,,"1077"
"GOVERNANCE","GOVERNANCE",,,,,,"298"
"GUARD","GUARD",,,"5",,,"1028"
"GUILD PRESIDENT","GUILD PRESIDENT",,,,,,"297"
"HEAD TEACHER","TEACHER","superior",,,,,"294"
"HISTORIAN","HISTORIAN",,,,,,"291"
"HISTORIAN GENERAL","HISTORIAN",,,,,,"292"
"STATE HISTORIAN","HISTORIAN",,,,,,"293"
"HOSPITALITY","HOSPITALITY",,,,,,"290"
"IMAM","IMAM",,,,,,"289"
"ALLIED INDUSTRY REPRESENTATIVE","INDUSTRY REPRESENTATIVE",,,"4",,,"1071"
"INFORMATION OFFICER","INFORMATION OFFICER",,,"5",,,"1033"
"IT MANAGER","INFORMATION TECHNOLOGY MANAGER",,,,,,"288"
"INSTRUCTOR","INSTRUCTOR",,,,,,"287"
"JANITOR","JANITOR",,,,,,"286"
"JUDGE ADVOCA","JUDGE ADVOCATE",,,"7",,,"285"
"JUNIOR","JUNIOR",,,"4",,,"1128"
"JUNIOR DIRECTOR","JUNIOR DIRECTOR","subordinate",,,,,"284"
"JUNIOR VICE COMMITTEE","BOARD MEMBER","subordinate",,"12",,,"1023"
"JUNIOR VICE PRESIDENT","VICE PRESIDENT","subordinate",,"6",,,"283"
"LRC","LABOR RELATIONS COMMITTEE",,,"6",,,"282"
"ESQUIRE","LAWYER",,,"19",,,"281"
"LECTURER","LECTURER",,,"5",,,"1034"
"LEGAL ADVISOR","LEGAL ADVISOR",,,,,,"279"
"LEGAL ADVISORY","LEGAL ADVISOR",,,,,,"280"
"LEGISLATIVE","LEGISLATIVE",,,"6",,,"278"
"LIAISON","LIAISON",,,,,,"277"
"LIBRARIAN","LIBRARIAN",,,,,,"274"
"LIBRARIAN GENERAL","LIBRARIAN","superior",,,,,"275"
"STATE LIBRARIAN","LIBRARIAN","regional?",,,,,"276"
"LIBRARY DIRECTOR","LIBRARY DIRECTOR",,,"5",,,"1035"
"LIEUTENANT","LIEUTENANT",,,,,,"272"
"LT","LIEUTENANT",,,"12",,,"273"
"MAINTENANCE","MAINTENANCE",,,"4",,,"1130"
"MANAGER OF O","MANAGER OF OPERATIONS",,,,,,"271"
"MARKETING","MARKETING",,,,,,"269"
"SOCIAL MEDIA","MARKETING",,,"3",,,"270"
"MINISTRY MARKETING","MARKETING",,,"4",,,"1086"
"MARSHAL","MARSHAL",,,,,,"267"
"MARSHALL","MARSHAL",,,,,,"268"
"MEDICAL DIRECTOR","MEDICAL DIRECTOR",,,,,,"266"
"EXAMINING BOARD","MEDICAL EXAMINING BOARD",,,"15",,,"265"
"MEDICAL OFFICER","MEDICAL OFFICER",,,"4",,,"1132"
"MEMBERSHIP","MEMBERSHIP",,,,,,"264"
"MEMBERSHIP COORDINATOR","MEMBERSHIP COORDINATOR",,,,,,"263"
"COMMANDER","MILITARY",,,"91",,,"252"
"QUARTERMASTER","MILITARY",,,"19",,,"253"
"JUNIOR VICE COMMANDER","MILITARY","subordinate",,"18",,,"254"
"INNER GUARD","MILITARY",,,"17",,,"255"
"SENIOR VICE COMMANDER","MILITARY","superior",,"17",,,"256"
"QUARTERMASTE","MILITARY",,,"11",,,"257"
"REAR COMMODORE","MILITARY",,,"11",,,"258"
"VICE COMMODORE","MILITARY",,,"11",,,"259"
"AIR FORCE MEMBER","MILITARY",,,"2",,,"260"
"ARMY MEMBER","MILITARY",,,"2",,,"261"
"BATTALION CHIEF","MILITARY",,,"2",,,"262"
"DIRECTOR OF MUSEUM OPERATIONS","DIRECTOR OF OPERATIONS",,,,,,"249"
"INSTITUTE DIRECTOR","CHIEF EXECUTIVE OFFICER",,,,,,"250"
"MUSEUM DIRECTOR","CHIEF EXECUTIVE OFFICER",,,,,,"251"
"MUSIC DIRECTOR","MUSIC DIRECTOR",,,,,,"248"
"MUSICIAN","MUSICIAN",,,"5",,,"1040"
"FORMER","NA",,,"63",,,"244"
"REGIONAL","NA",,,"15",,,"245"
"NONE","NA",,,"6",,,"246"
"FLORIN RD AND PBM AND REGIONAL CA","NA",,,"5",,,"247"
"RN","NURSE",,,"13",,,"239"
"NURSE PRACTITIONER","NURSE",,,"12",,,"240"
"CRNA","NURSE",,,"8",,,"241"
"REGISTERED NURSE","NURSE",,,"7",,,"242"
"TRANSPORTATION RN","NURSE",,,"3",,,"243"
"LPN","NURSE",,,"5",,,"1036"
"NURSE","NURSE",,,"5",,,"1041"
"APRN","NURSE",,,"4","APRN = advanced practice registered nurses",,"1073"
"ARNP","NURSE",,,"4",,,"1074"
"RN AND ASSISTANT","NURSE",,,"4",,,"1148"
"OFFICE ADMINISTRATOR","OFFICE ADMINISTRATOR",,,,,,"238"
"OFFICE MANAGEMENT","OFFICE MANAGER",,,,,,"237"
"OFFICE MANAGER","OFFICER MANAGER",,,,,,"236"
"OPERATIONS","OPERATIONS",,,"9",,,"235"
"OPERATIONS MANAGER","OPERATIONS MANAGER",,,"*if no officer flag",,,"234"
"ORGANIZER","ORGANIZER",,,"5",,,"1043"
"ORIENTAL GUIDE","ORIENTAL GUIDE",,,"4",,,"1134"
"OUTREACH DIRECTOR","OUTREACH DIRECTOR",,,,,,"233"
"OUTREACH MANAGER","OUTREACH MANAGER",,,,,,"232"
"PASTOR","PASTOR",,,"24",,,"230"
"ASSOCIATE PASTOR","PASTOR","subordinate",,"2",,,"231"
"SENIOR PASTOR","PASTOR","superior",,"4",,,"1153"
"WORSHIPFUL MASTER","PASTOR",,,"4",,,"1179"
"PERSONNEL CHAIR","BOARD CHAIR",,,"4",,,"1135"
"PHILANTHROPY","PHILANTHROPY",,,,,,"229"
"POLITICAL DIRECTOR","POLITICAL DIRECTOR",,,"4",,"POLITICAL DIRECTOR","228"
"ASSISTANT PARLIAMENTARIAN","POLITICIAN","subordinate",,"2",,,"227"
"POST COMMANDER","POST COMMANDER",,,"5",,,"1047"
"PRELATE","PRELATE",,,"6","change to ""ministry"" for all?",,"226"
"PRESIDENT AN","PRESIDENT",,,"4",,,"1136"
"PRESIDENT AND REGIONAL","PRESIDENT","regional",,"4",,,"1137"
"PRESIDENT OF MEDICAL STAFF","PRESIDENT OF MEDICAL STAFF",,,"4",,,"1138"
"PRESIDENT TREASURER","PRESIDENT TREASURER",,,"4","split rule added",,"1139"
"PRINCIPAL","PRINCIPAL",,,,,,"225"
"PRODUCER","PRODUCER",,,,"MGR?",,"224"
"PRODUCING DIRECTOR","PRODUCING DIRECTOR",,,,"MGR?",,"223"
"PRODUCTION ASSISTANT","PRODUCTION ASSISTANT",,"ASSISTANT",,"MGR?",,"222"
"PRODUCTION MANAGER","PRODUCTION MANAGER",,,,"MGR?",,"221"
"PROFESSOR","PROFESSOR",,,"11",,,"220"
"LIVINGSTON CHAIR","PROFESSOR",,,"4",,,"1129"
"PROGRAMS","PROGRAMS",,,,,,"214"
"JUDGE ADVOCATE","PROGRAMS",,,"23",,,"215"
"UMPIRE DIRECTOR","PROGRAMS",,,"3",,,"216"
"UNIFORM COORDINATOR","PROGRAMS",,,"3",,,"217"
"ASSISTANT TEAM REPRESENTATIVE","PROGRAMS","subordinate",,"2",,,"218"
"BEAN SOUP MIX PROGRAMS","PROGRAMS",,,"2",,,"219"
"SPANISH FORT AND AL","PROGRAMS",,,"5",,,"1056"
"PROGRAMS COORDINATOR","PROGRAMS COORDINATOR",,,,,,"213"
"DIRECTOR OF MUSEUM PRGMS","DIRECTOR OF PROGRAMS",,,,,,"210"
"DIRECTOR OF PROGRAMMING","DIRECTOR OF PROGRAMS",,,,,,"211"
"DIRECTOR PROGRAMMING","DIRECTOR OF PROGRAMS",,,,,,"212"
"PROGRAMS MANAGER","PROGRAMS MANAGER",,,,,,"209"
"VICE PRESIDENT OF PROGRAMS","VICE PRESIDENT OF PROGRAMS",,,"4",,,"1140"
"PROJECTS MANAGER","PROJECT MANAGER",,,,,,"208"
"PROJECTS DIRECTOR","PROJECTS DIRECTOR",,,"4",,,"1141"
"PROVOST","PROVOST",,,,,,"207"
"PUBLIC RELATIONS","PUBLIC RELATIONS",,,,,,"206"
"PUBLICITY","PUBLIC RELATIONS",,,"5",,,"1049"
"ASSOCIATE PR","PUBLIC RELATIONS ASSOCIATE","subordinate",,,,,"205"
"SAFETY OFFICER","PUBLIC SAFETY",,,"21",,,"204"
"PUBLISHER","PUBLISHER",,,,,,"203"
"RECRUITMENT","RECRUITMENT",,,"4",,,"1143"
"REGIONAL DIRECTOR R AND MM AND NEG","DIRECTOR","regional","REGIONAL","14",,,"199"
"SENIOR ASSOCIATE AND REGIONAL DIRECTOR","DIRECTOR","regional",,"7",,,"200"
"NORTHEAST REGIONAL DIRECTOR","DIRECTOR","regional",,"4","REGIONAL DIRECTOR",,"201"
"NORTHWEST REGIONAL DIRECTOR","DIRECTOR","regional",,"4","REGIONAL DIRECTOR",,"202"
"REGIONAL DIRECTOR","DIRECTOR","regional",,"4",,,"1157"
"REGIONAL DIRECTOR","DIRECTOR","regional",,"4",,,"1158"
"REGIONAL MANAGER","MANAGER","regional",,,,,"198"
"REGIONAL VICE PRESIDENT","VICE PRESIDENT","regional",,"*if no trustee flag",,,"196"
"RVP","VICE PRESIDENT","regional",,"*if no trustee flag",,,"197"
"REGISTRAR","REGISTRAR",,,,,,"194"
"STATE REGISTRAR","REGISTRAR",,,,,,"195"
"REGIONAL REPRESENTATIVE","REPRESENTATIVE","regional",,,,,"191"
"REPRESENTATIVE","REPRESENTATIVE",,,,,,"192"
"ZONE REPRESENTATIVE","REPRESENTATIVE",,,,,,"193"
"SCHED O","SCHED O",,,"10",,,"189"
"ATTACHED","SCHED O",,,"2",,,"190"
"SCHOLARSHIPS","SCHOLARSHIPS",,,"5",,,"1052"
"SCOUT EXECUTIVE","SCOUT EXECUTIVE",,,"4",,,"1149"
"FINANCE SECRETARY","SECRETARY",,,,,,"188"
"REGIONAL SECRETARY","SECRETARY","regional",,"5",,,"1051"
"SECRETARY GENERAL","SECRETARY","superior",,,,,"187"
"SENIOR CURATOR","CURATOR","superior",,,,,"186"
"SENIOR DIRECTOR OF DEVELOPMENT FINANCE","DIRECTOR OF DEVELOPMENT","superior",,"5",,,"1054"
"SENIOR DIRECTOR OF OPERATIONS","DIRECTOR OF OPERATIONS","superior",,,,,"185"
"SENIOR DIRECTOR OF PROGRAMS","DIRECTOR OF PROGRAMS","superior",,,,,"184"
"SENIOR DIRECTOR OF STRATEGY AND ENGAGEMENT","DIRECTOR OF STRATEGY AND ENGAGEMENT","superior",,,,,"183"
"SENIOR EDITOR","EDITOR","superior",,,,,"182"
"SENIOR EXECUTIVE VICE PRESIDENT","EXECUTIVE VICE PRESIDENT","superior",,,,,"180"
"SEVP","EXECUTIVE VICE PRESIDENT","superior",,,,,"181"
"SENIOR INSTRUCTOR","INSTRUCTOR","superior","SENIOR",,,,"179"
"SENIOR PROGRAMS OFFICER","PROGRAMS OFFICER","superior",,"9",,,"178"
"S VICE","VICE PRESIDENT","superior",,,,,"171"
"S VICE PRESIDENT","VICE PRESIDENT","superior",,,,,"172"
"SENIOR VICE","VICE PRESIDENT","superior",,,,,"173"
"SENIOR VICE PRESIDENT","VICE PRESIDENT","superior",,,,,"174"
"SENIOR VP","VICE PRESIDENT","superior",,,,,"175"
"SRVP","VICE PRESIDENT","superior",,,,,"176"
"SVP","VICE PRESIDENT","superior",,,,,"177"
"SENIOR VICE PRESIDENT GENERAL COUNSEL","VICE PRESIDENT","superior",,"4","two titles--SVP & General Counsel",,"1154"
"SENIOR VICE PRESIDENT OF HOUSING OPERATIONS","VICE PRESIDENT OF HOUSING OPERATIONS","superior",,"3",,,"112"
"SENIOR VICE PRESIDENT OF ADVANCEMENT","VICE PRESIDENT OF DEVELOPMENT","superior",,,,,"170"
"SENIOR VICE PRESIDENT OF BUSINESS DEVELOPMENT","VICE PRESIDENT OF BUSINESS DEVELOPMENT","superior","SENIOR",,,,"169"
"SENIOR VICE PRESIDENT OF FINANCE","VICE PRESIDENT OF FINANCE","superior",,"9",,,"168"
"SENIOR VICE PRESIDENT OF FINANCE AND ADMINISTRATION","VICE PRESIDENT OF FINANCE AND ADMINISTRATION","superior",,,,,"167"
"SENIOR VICE PRESIDENT OF OPERATIONS","VICE PRESIDENT OF OPERATIONS","superior",,"7",,,"166"
"SENIOR VICE PRESIDENT OF PRODUCTION","VICE PRESIDENT OF PRODUCTION","superior",,,,,"165"
"SERGEANT AT ARM","SERGEANT AT ARM",,,"4",,,"1155"
"SERGEANT","SERGEANT AT ARMS",,,,,,"161"
"SERGEANT AT A","SERGEANT AT ARMS",,,,,,"162"
"SERGEANT AT ARMS","SERGEANT AT ARMS",,,,,,"163"
"SERGEANT OF A","SERGEANT AT ARMS",,,,,,"164"
"SOCIAL","SOCIAL",,,"4",,,"1156"
"SOCIAL WORKER","SOCIAL WORKER",,,"3",,,"160"
"BASKETBALL COACH","SPORTS",,,"2",,,"159"
"REFEREE COORDINATOR","SPORTS",,,"5",,,"1050"
"SWIM CHAIR","SPORTS",,,"5",,,"1059"
"COACHING COORDINATOR","SPORTS",,,"4",,,"1095"
"SPORTS DIRECTOR","SPORTS DIRECTOR",,,,,,"158"
"STAFF","STAFF",,,,,,"155"
"SERVICE OFFICER","STAFF",,,"23",,,"156"
"EQUIPMENT MANAGER","STAFF",,,"10",,,"157"
"STAFF REPRESENTATIVE","STAFF REPRESENTATIVE",,,"4",,,"1159"
"STATION MANAGER","STATION MANAGER",,,,,,"154"
"STUDIO DIRECTOR","STUDIO DIRECTOR",,,,,,"153"
"SUPERINTENDE","SUPERINTENDENT",,,"4",,,"1161"
"SUPERVISOR","SUPERVISOR",,,"5",,,"1057"
"SUPERVISORY COMMITTEE","SUPERVISORY COMMITTEE",,,"5",,,"1058"
"SURGEON GENERAL","SURGEON","superior",,,,,"152"
"TEACHER","TEACHER",,,,,,"151"
"TEAM LEADER","TEAM LEADER",,,"5",,,"1060"
"TECHNOLOGY","TECHNOLOGY",,,,,,"150"
"THERAPIST","THERAPIST",,,"7",,,"149"
"TRAINING OFFICER","TRAINING OFFICER",,,"3",,,"148"
"TRAINING DIRECTOR","TRAINING DIRECTOR",,,"8",,,"147"
"UNDERGRAD DIRECTOR","UNDERGRAD DIRECTOR",,,"6",,,"146"
"SHOP STEWARD","UNION REPRESENTATIVE",,,,,,"145"
"ASSISTANT HEAD OF SCHOOL","CHIEF EXECUTIVE OFFICER","subordinate",,"2",,,"144"
"REGIONAL VICE CHAIR","VICE CHAIR",,,"12","board chair?",,"142"
"CO-VICE CHAIR","VICE CHAIR",,,"10","board chair?",,"143"
"V COMMANDER","VICE COMMANDER",,,"3",,,"140"
"VICE COMMAND","VICE COMMANDER",,,"3",,,"141"
"VICE PRESIDENT AND WAYS AND MEANS","VICE PRESIDENT",,,"3",,,"114"
"VICE PRESIDENT WAYS AND MEANS","VICE PRESIDENT",,,"3",,,"129"
"CORP VICE PRESIDENT","VICE PRESIDENT",,,,,,"130"
"V PRESIDENT","VICE PRESIDENT",,,,,,"131"
"V-PRESIDENT","VICE PRESIDENT",,,,,,"132"
"VICE","VICE PRESIDENT",,,,,,"133"
"VICE P","VICE PRESIDENT",,,,,,"134"
"VICE PRESIDENT","VICE PRESIDENT",,,,,,"135"
"VP","VICE PRESIDENT",,,,,,"136"
"L VICE PRESIDENT","VICE PRESIDENT",,,"13",,,"137"
"VICE PRESIDENT AND PROGRAMS","VICE PRESIDENT OF PROGRAMS",,,"10",,,"138"
"VICE PRESIDENT AND REGIONAL","VICE PRESIDENT","regional",,"6",,,"139"
"GRADE CO-VICE PRESIDENT","VICE PRESIDENT","duplex",,"5",,,"1025"
"VICE PRESIDENT A","VICE PRESIDENT",,,"4",,,"1168"
"VICE PRESIDENT DIRECTOR","VICE PRESIDENT",,,"4",,,"1171"
"VICE PRESIDENT REGIONAL","VICE PRESIDENT","regional",,"4",,,"1175"
"VICE PRESIDENT AND CIO","VICE PRESIDENT AND CIO",,,"5","split these",,"1063"
"VICE PRESIDENT OF ACADEMICS EXECUTIVE","VICE PRESIDENT OF ACADEMICS",,,"4",,,"1172"
"VICE PRESIDENT OF ACADEMICS AFFAIRS","VICE PRESIDENT OF ACADEMICS AFFAIRS",,,"5",,,"1064"
"VICE PRESIDENT ACQUISITIONS AND PROJECTS DV","VICE PRESIDENT OF ACQUISITIONS AND PROJECTS",,,"3",,,"113"
"VICE PRESIDENT OF ADMINISTRATION","VICE PRESIDENT OF ADMINISTRATION",,,,,,"111"
"VICE PRESIDENT OF ADVANCEMENT","VICE PRESIDENT OF DEVELOPMENT",,,,,,"110"
"VICE PRESIDENT OF ALUMNAE RELATIONS","VICE PRESIDENT OF ALUMNAE RELATIONS",,,"3",,,"115"
"VICE PRESIDENT OF BUSINESS DEVELOPMENT","VICE PRESIDENT OF BUSINESS DEVELOPMENT",,,,,,"109"
"VICE PRESIDENT OF BUSINESS","VICE PRESIDENT OF BUSINESS DEVELOPMENT",,,,,,"107"
"VICE PRESIDENT OF BUSINESS OPERATIONS","VICE PRESIDENT OF OPERATIONS",,,,,,"108"
"VICE PRESIDENT OF COMMITTEE RELATIONS","VICE PRESIDENT OF COMMITTEE RELATIONS",,,"6",,,"106"
"VICE PRESIDENT OF COMMUNICATIONS","VICE PRESIDENT OF COMMUNICATIONS",,,,,,"105"
"VICE PRESIDENT OF COMMUNICATIONS AND OPERATIONS","VICE PRESIDENT OF COMMUNICATIONS AND OPERATIONS",,,"3",,,"116"
"VICE PRESIDENT COMMUNITY","VICE PRESIDENT OF COMMUNITY",,,"4",,,"1170"
"VICE PRESIDENT OF CORP RECORDS AND CORP","VICE PRESIDENT OF CORPORATE RECORDS",,,"3",,,"117"
"VICE PRESIDENT CORRESPONDING","VICE PRESIDENT OF CORRESPONDENCE",,,,,,"104"
"VICE CHAIR OF DEVELOPMENT","VICE PRESIDENT OF DEVELOPMENT",,,,,,"102"
"VICE PRESIDENT OF DEVELOPMENT","VICE PRESIDENT OF DEVELOPMENT",,,,,,"103"
"VICE PRESIDENT OF FUND DEVELOPMENT","VICE PRESIDENT OF DEVELOPMENT",,,"4",,,"1173"
"VICE PRESIDENT OF ECONOMIC DEVELOPMENT","VICE PRESIDENT OF ECONOMIC DEVELOPMENT",,,"3",,,"118"
"VICE CHAIR OF EDUCATION","BOARD CHAIR","subordinate",,,,,"97"
"VICE PRESIDENT OF EDUCATION","VICE PRESIDENT OF EDUCATION",,,,,,"98"
"VICE PRESIDENT OF EDUCATION AND GUEST EXPERIENCE","VICE PRESIDENT OF EDUCATION AND GUEST EXPERIENCE",,,,,,"99"
"VICE PRESIDENT OF EDUCATION AND OUTREACH","VICE PRESIDENT OF EDUCATION",,,,,,"100"
"VICE PRESIDENT OF EDUCATION PROGRAMS","VICE PRESIDENT OF PROGRAMS",,,,,,"101"
"VICE PRESIDENT OF EVENTS","VICE PRESIDENT OF EVENTS",,,,,,"95"
"VICE PRESIDENT OF EVENT PLANNING","VICE PRESIDENT OF EVENTS",,,"7",,,"96"
"VICE PRESIDENT OF EXHIBITS","VICE PRESIDENT OF EXHIBITS",,,,,,"94"
"VICE PRESIDENT OF EXTERNAL AFFAIRS","VICE PRESIDENT OF EXTERNAL AFFAIRS",,,,,,"93"
"VICE PRESIDENT FACILITIE","VICE PRESIDENT OF FACILITIES",,,,,,"87"
"VICE PRESIDENT FACILITIES","VICE PRESIDENT OF FACILITIES",,,,,,"88"
"VICE PRESIDENT OF BLDG AND GROUNDS","VICE PRESIDENT OF FACILITIES",,,,,,"89"
"VICE PRESIDENT OF BUILDINGS","VICE PRESIDENT OF FACILITIES",,,,,,"90"
"VICE PRESIDENT OF FACILITIES","VICE PRESIDENT OF FACILITIES",,,,,,"91"
"VICE PRESIDENT OF GROUNDS","VICE PRESIDENT OF FACILITIES",,,,,,"92"
"VICE PRESIDENT OF FINANCE AND OPERATIONS","VICE PRESIDENT OF FINANCE AND OPERATIONS",,,,,,"74"
"VICE PRESIDENT OF FINANCE AND ADMINISTRATION","VICE PRESIDENT OF FINANCE AND ADMINISTRATION",,,"6",,,"75"
"FINANCE VICE PRESIDENT","VICE PRESIDENT OF FINANCE",,,,,,"76"
"VICE CHAIR OF FINANCE","BOARD CHAIR","subordinate",,,,,"77"
"VICE PRESIDENT FINANCE","VICE PRESIDENT OF FINANCE",,,,,,"78"
"VICE PRESIDENT OF FINANCE","VICE PRESIDENT OF FINANCE",,,,,,"79"
"VICE PRESIDENT OF FINANCE","VICE PRESIDENT OF FINANCE",,,,,,"80"
"VICE PRESIDENT, FINANCE","VICE PRESIDENT OF FINANCE",,,,,,"81"
"VP FINANCE","VICE PRESIDENT OF FINANCE",,,,,,"82"
"VP, FINANCE","VICE PRESIDENT OF FINANCE",,,,,,"83"
"VPF","VICE PRESIDENT OF FINANCE",,,,,,"84"
"VICE PRESIDENT OF FINANCE","VICE PRESIDENT OF FINANCE",,,,,,"85"
"VICE PRESIDENT OF BUSINESS AND FINANCE","VICE PRESIDENT OF FINANCE",,,,,,"86"
"VICE PRESIDENT OF FRATERNITY DEVELOPMENT","VICE PRESIDENT OF DEVELOPMENT",,,"6",,,"73"
"VICE PRESIDENT OF FUNDRAISING","VICE PRESIDENT OF DEVELOPMENT",,,,,,"72"
"VICE PRESIDENT OF GOVERNMENT AFFAIRS","VICE PRESIDENT OF GOVERNMENT AFFAIRS",,,"5",,,"1066"
"VICE PRESIDENT HEALTH","VICE PRESIDENT OF HEALTH",,,,,,"71"
"VICE PRESIDENT OF HEALTH CARE OPERATIONS","VICE PRESIDENT OF HEALTH CARE OPERATIONS",,,"5",,,"1067"
"VICE PRESIDENT HOSPITALITY","VICE PRESIDENT OF HOSPITALITY",,,,,,"70"
"VICE PRESIDENT HOUSING","VICE PRESIDENT OF HOUSING",,,"7",,,"69"
"VICE PRESIDENT HUMAN RESOURCES","VICE PRESIDENT OF HUMAN RESOURCES",,,,,,"61"
"VICE PRESIDENT OF HUMAN RESOURCES","VICE PRESIDENT OF HUMAN RESOURCES",,,,,,"62"
"VICE PRESIDENT OF HUMAN RESOURCES","VICE PRESIDENT OF HUMAN RESOURCES",,,,,,"63"
"VICE PRESIDENT, HUMAN RESOURCES","VICE PRESIDENT OF HUMAN RESOURCES",,,,,,"64"
"VP HUMAN","VICE PRESIDENT OF HUMAN RESOURCES",,,,,,"65"
"VP HUMAN RESOURCES","VICE PRESIDENT OF HUMAN RESOURCES",,,,,,"66"
"VP, HUMAN RESOURCES","VICE PRESIDENT OF HUMAN RESOURCES",,,,,,"67"
"VPHR","VICE PRESIDENT OF HUMAN RESOURCES",,,,,,"68"
"VICE PRESIDENT OF INFORMATION TECHNOLOGY","VICE PRESIDENT OF INFORMATION TECHNOLOGY",,,,,,"59"
"VICE PRESIDENT OF IT","VICE PRESIDENT OF INFORMATION TECHNOLOGY",,,,,,"60"
"VICE PRESIDENT OF INSTITUTIONAL ADVANCEMENT","VICE PRESIDENT OF INSTITUTIONAL ADVANCEMENT",,,,,,"58"
"VICE PRESIDENT OF LEGAL","VICE PRESIDENT OF LEGAL",,,,,,"57"
"VICE PRESIDENT OF LENDING","VICE PRESIDENT OF LENDING",,,"3",,,"119"
"VICE PRESIDENT MARKETING","VICE PRESIDENT OF MARKETING",,,,,,"50"
"VICE PRESIDENT OF MARKETING","VICE PRESIDENT OF MARKETING",,,,,,"51"
"VICE PRESIDENT OF MARKETING AND COMMUNICATIONS","VICE PRESIDENT OF MARKETING AND COMMUNICATIONS",,,,,,"52"
"VICE PRESIDENT OF MARKETING AND PUBLICITY","VICE PRESIDENT OF MARKETING AND PUBLICITY",,,,,,"53"
"VICE PRESIDENT, MARKETING","VICE PRESIDENT OF MARKETING",,,,,,"54"
"VP MARKETING","VICE PRESIDENT OF MARKETING",,,,,,"55"
"VP, MARKETING","VICE PRESIDENT OF MARKETING",,,,,,"56"
"VICE PRESIDENT MEDICAL AFFAIRS","VICE PRESIDENT OF MEDICAL AFFAIRS",,,,,,"44"
"VICE PRESIDENT OF MEDICAL AFFAIRS","VICE PRESIDENT OF MEDICAL AFFAIRS",,,,,,"45"
"VICE PRESIDENT, MEDICAL AFFAIRS","VICE PRESIDENT OF MEDICAL AFFAIRS",,,,,,"46"
"VP MEDICAL AFFAIRS","VICE PRESIDENT OF MEDICAL AFFAIRS",,,,,,"47"
"VP, MEDICAL AFFAIRS","VICE PRESIDENT OF MEDICAL AFFAIRS",,,,,,"48"
"VPMA","VICE PRESIDENT OF MEDICAL AFFAIRS",,,,,,"49"
"VICE PRESIDENT OF MEMBER DEVELOPMENT","VICE PRESIDENT OF MEMBERSHIP",,,"7",,,"43"
"VICE PRESIDENT MEMBER EDUC","VICE PRESIDENT OF MEMBERSHIP",,,"6",,,"42"
"VICE PRESIDENT OF MEMBER EDUCATION","VICE PRESIDENT OF MEMBERSHIP",,,"3",,,"120"
"VICE PRESIDENT MEMBER RECRUIT","VICE PRESIDENT OF MEMBERSHIP",,,"6",,,"41"
"VICE PRESIDENT MEMBERSHI","VICE PRESIDENT OF MEMBERSHIP",,,,,,"38"
"VICE PRESIDENT MEMBERSHIP","VICE PRESIDENT OF MEMBERSHIP",,,,,,"39"
"VICE PRESIDENT OF MEMBERSHIP","VICE PRESIDENT OF MEMBERSHIP",,,,,,"40"
"VICE PRESIDENT OF MEMBERSHIPS","VICE PRESIDENT OF MEMBERSHIPS",,,"3",,,"121"
"VICE PRESIDENT OF MUSIC","VICE PRESIDENT OF MUSIC",,,,,,"36"
"VICE PRESIDENT OF MUSIC AND PERFORMANCE","VICE PRESIDENT OF MUSIC",,,,,,"37"
"VICE PRESIDENT OF OPERATIONS","VICE PRESIDENT OF OPERATIONS",,,,,,"29"
"VICE PRESIDENT OF OPERATIONS","VICE PRESIDENT OF OPERATIONS",,,,,,"30"
"VICE PRESIDENT OPERATIONS","VICE PRESIDENT OF OPERATIONS",,,,,,"31"
"VICE PRESIDENT, OPERATIONS","VICE PRESIDENT OF OPERATIONS",,,,,,"32"
"VP OPERATIONS","VICE PRESIDENT OF OPERATIONS",,,,,,"33"
"VP, OPERATIONS","VICE PRESIDENT OF OPERATIONS",,,,,,"34"
"VPO","VICE PRESIDENT OF OPERATIONS",,,,,,"35"
"VICE PRESIDENT PHILANTHROPY","VICE PRESIDENT OF DEVELOPMENT",,,"14",,,"28"
"VICE PRESIDENT OF PHILANTHROPY","VICE PRESIDENT OF DEVELOPMENT",,,"3",,,"122"
"VICE PRESIDENT OF PHILANTHROPY SERVICES","VICE PRESIDENT OF DEVELOPMENT",,,"3",,,"123"
"VICE PRESIDENT OF PRODUCTION","VICE PRESIDENT OF PRODUCTION",,,,,,"27"
"VICE PRESIDENT OF PROGRAMMING","VICE PRESIDENT OF PROGRAMS",,,"3",,,"124"
"VICE PRESIDENT PROGRAMMING","VICE PRESIDENT OF PROGRAMS",,,"3",,,"128"
"VICE PRESIDENT OF PROGRAMS","VICE PRESIDENT OF PROGRAMS",,,,,,"25"
"VICE PRESIDENT PROGRAMS","VICE PRESIDENT OF PROGRAMS",,,,,,"26"
"VICE PRESIDENT PROJECTS","VICE PRESIDENT OF PROJECTS",,,,,,"24"
"PROJECTS VICE PRESIDENT","VICE PRESIDENT OF PROJECTS",,,"5",,,"1048"
"VICE PRESIDENT OF PUBLIC AFFAIRS","VICE PRESIDENT OF PUBLIC RELATIONS",,,,,,"22"
"VICE PRESIDENT OF PUBLIC RELATIONS","VICE PRESIDENT OF PUBLIC RELATIONS",,,,,,"23"
"VICE PRESIDENT OF PUBLICITY","VICE PRESIDENT OF PUBLICITY",,,,,,"21"
"VICE PRESIDENT OF REAL ESTATE DEVELOPMENT","VICE PRESIDENT OF REAL ESTATE DEVELOPMENT",,,"3",,,"125"
"VICE PRESIDENT OF RESEARCH","VICE PRESIDENT OF RESEARCH",,,,,,"20"
"VICE PRESIDENT RISK MANGEMT","VICE PRESIDENT OF RISK MANAGEMENT",,,"6",,,"19"
"VICE PRESIDENT OF SALES AND MARKETING","VICE PRESIDENT OF SALES",,,,,,"13"
"VICE PRESIDENT OF SALES","VICE PRESIDENT OF SALES",,,,,,"14"
"VICE PRESIDENT SALES","VICE PRESIDENT OF SALES",,,,,,"15"
"VICE PRESIDENT, SALES","VICE PRESIDENT OF SALES",,,,,,"16"
"VP SALES","VICE PRESIDENT OF SALES",,,,,,"17"
"VP, SALES","VICE PRESIDENT OF SALES",,,,,,"18"
"VICE PRESIDENT SOFTBALL","VICE PRESIDENT OF SOFTBALL",,,"4",,,"1176"
"VICE PRESIDENT OF STANDARDS AND VALUES","VICE PRESIDENT OF STANDARDS AND VALUES",,,"3",,,"126"
"VICE PRESIDENT OF STRATEGY","VICE PRESIDENT OF STRATEGY",,,,,,"10"
"VICE PRESIDENT OF STRATEGY INITATIVES","VICE PRESIDENT OF STRATEGY",,,,,,"11"
"VICE PRESIDENT OF STRATEGY INITIATIVES","VICE PRESIDENT OF STRATEGY",,,,,,"12"
"VICE PRESIDENT OF STRATEGY PARTNERSHIPS","VICE PRESIDENT OF STRATEGY",,,"4",,,"1174"
"VICE PRESIDENT OF TECHNOLOGY","VICE PRESIDENT OF TECHNOLOGY",,,,,,"9"
"VICE PRESIDENT OF UNIVERSITY ADVANCEMENT","VICE PRESIDENT OF DEVELOPMENT",,,"3",,,"127"
"VICE PRESIDENT VOLUNTEERS","VICE PRESIDENT OF VOLUNTEERS",,,"8",,,"8"
"VICE PRESIDENT RE","VICE PRESIDENT",,,"5",,,"1069"
"VICE PRESIDENT SECRETARY","VICE PRESIDENT SECRETARY",,,"5",,,"1070"
"VICE REGENT","VICE REGENT",,,"6",,,"7"
"VOLUNTEER","VOLUNTEER",,,,,,"6"
"VOLUNTEER COORDINATOR","VOLUNTEER COORDINATOR",,,,,,"5"
"WARDEN","WARDEN",,,,,,"4"
"WEBMASTER","WEBMASTER",,,,,,"3"
"WEBSITE","WEBMASTER",,,"4",,,"1178"
"WRITER","WRITER",,,,,,"2"
"YOURTH DIRECTOR","YOUTH DIRECTOR",,,,,,"1"
"DIRECTOR","CHIEF EXECUTIVE DIRECTOR",,,,,,
"EXOFFICIO","BOARD MEMBER",,,,,,
"ELECTIVE TRUSTEE","BOARD MEMBER",,,,,,
"BOARD MEMBER AND VOTING","BOARD MEMBER",,,,,,
"EXOFFICIO TRUSTEE","BOARD MEMBER",,,,,,
"NON COMPENSATED BOARD","BOARD MEMBER",,,,,,
"STANDING DIRECTOR","BOARD MEMBER",,,,,,
"JWV NMI REPRESENTATIVE","BOARD MEMBER",,,"JEWISH WAR VETERANS NATIONAL MEMORIAL, INC",,,
"BOARD LIFE TRUSTEE","BOARD MEMBER",,,,,,
"HONORARY","BOARD MEMBER","duplex",,,,,
"EXOFFICIO MEMBER","BOARD MEMBER",,,,,,
"TRUSTEE AND EXOFFICIO","BOARD MEMBER",,,,,,
"PT DIRECTOR","BOARD MEMBER",,,,,,
"BOARD COMMITTEE","BOARD MEMBER",,,,,,
"TRUSTEE EXOFFICIO","BOARD MEMBER",,,,,,
"TRUSTEE HONORARY","BOARD MEMBER","duplex",,,,,
"BOARD EXOFFICIO TRUSTEE","BOARD MEMBER",,,,,,
"TITLE DIRECTOR","BOARD MEMBER",,,,,,
"BOARD MEMBER OF EXECUTIVE COMMITTEE","BOARD MEMBER",,,,,,
"NONVOTING MEMBER","BOARD MEMBER",,,,,,
"TRUSTEE BY VIRTUE OF OFFICER","BOARD MEMBER",,,,,,
"EXOFFICIO BOARD","BOARD MEMBER",,,,,,
"FOUNDATION TRUSTEE","BOARD MEMBER",,,,,,
"LIFETIME","BOARD MEMBER",,,,,,
"BOARD EXECUTIVE COMMITTEE MEMBER","BOARD MEMBER",,,,,,
"DIRECTOR OF EXHIBITIONS","DIRECTOR OF EXHIBITIONS",,,,,,
"DIRECTOR OF MARKETING AND COMMUNICATIONS","DIRECTOR OF MARKETING AND COMMUNICATIONS",,,,,,
"DIRECTOR OF SPECIAL EVENTS","DIRECTOR OF EVENTS",,,,,,
"JWVA NMI REPRESENTATIVE","BOARD MEMBER",,,,,,
"LIFETIME MEMBER","BOARD MEMBER",,,,,,
"RADIOLOGIST","DOCTOR",,,,,,
"ASSOCIATE PROGRAMS DIRECTOR","DIRECTOR OF PROGRAMS","subordinate",,,,,
"CELEB BOARD","BOARD MEMBER",,,,,,
"CHIEF LEARNING OFFICER","CHIEF LEARNING OFFICER",,,,,,
"DEPUTY DIRECTOR OF OPERATIONS","DIRECTOR OF OPERATIONS","subordinate",,,,,
"DIRECTOR OF INSTITUTIONAL GIVING","DIRECTOR OF DEVELOPMENT",,,,,,
"DIRECTOR OF PHILANTHROPY","DIRECTOR OF DEVELOPMENT",,,,,,
"DIRECTOR OF SECURITY","DIRECTOR OF SECURITY",,,,,,
"EXECUTIVE COMMITTEE CHAIR","BOARD CHAIR",,,,,,
"EXECUTIVE DEPUTY DIRECTOR","CHIEF EXECUTIVE DIRECTOR","subordinate",,,,,
"HON CO-CHAIR","BOARD CHAIR","duplex",,,,,
"INTERN","INTERN",,,,,,
"LIFE DIRECTOR","BOARD MEMBER",,,,,,
"LIFETIME TRUSTEE","BOARD MEMBER",,,,,,
"MUSEUM ADMINISTRATOR","ADMINISTRATOR",,,,,,
"NMAJMH PRESIDENT","CHIEF EXECUTIVE DIRECTOR",,,"National Museum of American Jewish Military History",,,
"VICE PRESIDENT OF FINANCE AND ADMINISTRATION","VICE PRESIDENT OF FINANCE AND ADMINISTRATION",,,,,,
"ALTERNATE DIRECTOR","BOARD MEMBER","duplex",,,,,
"BOARD MEMBER AND EXOFFICIO","BOARD MEMBER","exofficio",,,,,
"BOARD MEMBER FR","BOARD MEMBER",,,,,,
"CHAIR OF EXECUTIVE COMMITTEE","BOARD CHAIR",,,,,,
"COLLECTIONS CHAIR","BOARD CHAIR",,,,,,
"CURATORIAL AFFAIRS","CURATOR",,,,,,
"DEPUTY DIRECTOR OF EXTERNAL AFFAIRS","DIRECTOR OF EXTERNAL AFFAIRS","subordinate",,,,,
"DIRECTOR AND EXOFFICIO","DIRECTOR",,,,,,
"DIRECTOR OF COLLECTIONS","DIRECTOR OF COLLECTIONS",,,,,,
"DIRECTOR OF CURATORIAL AFFAIRS","CHIEF CURATOR",,,,,,
"DIRECTOR OF KIRKPATRICK FAM FND","CHIEF EXECUTIVE DIRECTOR",,,"Science Museum Oklahoma Affiliated Fund",,,
"DIRECTOR OF MAB TRUST","CHIEF EXECUTIVE DIRECTOR",,,"Science Museum Oklahoma Affiliated Fund",,,
"DIRECTOR OF STRATEGY OPERATIONS","VICE PRESIDENT OF STRATEGY",,,,,,
"EVENTS DIRECTOR","DIRECTOR OF EVENTS",,,,,,
"EXOFFICIO BOARD MEMBER","BOARD MEMBER",,,,,,
"GALA COMMITTEE","BOARD MEMBER",,,,,,
"GRAND MASTER","CHIEF EXECUTIVE OFFICER",,,,,,
"HUMAN RESOURCES COMMITTEE","BOARD MEMBER",,,,,,
"INCORPORATOR","INCORPORATOR",,,,,,
"MAJOR GIFTS OFFICER","DEVELOPMENT OFFICER",,,,,,
"MEMBER FALL","BOARD MEMBER",,,"*raw title: MEMBER UNTIL FALL 2019--FALL should be removed as it indicates time?",,,
"MEMBERSHIP AND PR","MEMERBSHIP AND PUBLIC RELATIONS",,,,,,
"PROGRAMMING CO-CHAIR","BOARD CHAIR",,,,,,
"REGIONAL LIAISON","LIAISON","regional",,,,,
"RWPGM","NA",,,,,,
"SENIOR DIRECTOR OF DEVELOPMENT","DIRECTOR OF DEVELOPMENT","superior",,,,,
"SENIOR DIRECTOR OF FINANCE","DIRECTOR OF FINANCE","superior",,,,,
"SENIOR DIRECTOR OF MARKETING","DIRECTOR OF MARKETING","superior",,,,,
"SPECIAL PROJECTS","STRATEGY",,,,,,
"TOWN LIAISON","LIAISON","regional",,,,,
"TRUSTEE NONVOTING REGIONAL APP","BOARD MEMBER",,,,,,
"TRUSTEE RESOURCES","BOARD MEMBER",,,,,,
"TRUSTEEBENEFACTOR","BOARD MEMBER",,,,,,
"VICE CHAIR GOVERNANCE","BOARD CHAIR","subordinate",,,,,
"VICE CHAIR OF GOVERNANCE","BOARD CHAIR","subordinate",,,,,
"VICE PRESIDENT OF SPECIAL PROJECTS","VICE PRESIDENT OF STRATEGY",,,,,,
"ACCOUNTING DIRECTOR","ACCOUNTING DIRECTOR",,,,,,
"ADMINISTRATION OFFICER","ADMINISTRATION OFFICER",,,,,,
"ADULT TEAMS DOCENT COUNCIL","BOARD MEMBER",,,,,,
"ADVISORY BOARD CHAIR AND JWVA","BOARD CHAIR",,,,,,
"ARTISTIC LIAISON","ARTISTIC LIAISON",,,,,,
"ASSISTANT SECRETARY TREASURER","BOARD MEMBER","subordinate",,,,,
"ASSISTANT TO PRESIDENT","ASSISTANT",,,,,,
"AUCTION CO-CHAIR","BOARD CHAIR","duplex",,,,,
"AUTHORITY REPRESENTATIVE","BOARD MEMBER",,,,,,
"BOARD CO-PRESIDENT","BOARD PRESIDENT","duplex",,,,,
"BOARD COUNSEL","BOARD MEMBER",,,,,,
"BOARD MEMBER OF COUNTY COMMITTEE","BOARD MEMBER",,,,,,
"BOARD MEMEBE","BOARD MEMBER",,,,,,
"CAMPAIGN CHAIR","BOARD CHAIR",,,,,,
"CARETAKER","CARETAKER",,,,,,
"CDO","CHIEF DEVELOPMENT OFFICER",,,,,,
"CEO OF MJH","CHIEF EXECUTIVE DIRECTOR",,,"Museum of Jewish Heritage",,,
"CG GENERAL","MILITARY",,,"commanding general",,,
"CHAIR OF MARKETING COMMITTEE","BOARD CHAIR",,,,,,
"CHAIR OF TRUSTEE","BOARD CHAIR",,,,,,
"CHIEF ADMINISTRATION","CHIEF ADMINISTRATION OFFICER",,,,,,
"CHIEF TALENT OFFICER","CHIEF HUMAN RESOURCES OFFICER",,,,,,
"CLINTON OF REGIONAL","NA",,,,,,
"CO-BOARD CHAIR","BOARD CHAIR","duplex",,,,,
"CO-VICE PR","VICE PRESIDENT","duplex",,,,,
"CO-CHAIR OF EXECUTIVE COMMITTEE","BOARD CHAIR","duplex",,,,,
"CO-COO","CHIEF OPERATIONS OFFICER","duplex",,,,,
"CO-DIRECTOR CMOA","CHIEF EXECUTIVE DIRECTOR","duplex",,"CMOA = carnegie museum of art",,,
"CO-REGIONAL REPRESENTATIVE","BOARD MEMBER","duplex",,,,,
"CO-VICE PRESIDENT OF CONTRIBUTED INCOME","VICE PRESIDENT","duplex",,,,,
"COCHAIR USSPAMP","BOARD CHAIR","duplex",,,,,
"COLLECTIONS","COLLECTIONS",,,"board position???",,,
"COLLECTIONS COMMITTEE","BOARD MEMBER",,,,,,
"COMMITTEE CO-LEAD","BOARD MEMBER",,,,,,
"DEPUTY DIRECTOR OF ADVANCEMENT","DIRECTOR OF DEVELOPMENT","subordinate",,,,,
"DEPUTY SECRETARY","BOARD SECRETARY","subordinate",,,,,
"DIRECTOR AND IT SYSTEMS ARCHI","DIRECTOR OF INFORMATION TECHNOLOGY",,,"error with title cleaning:the raw title is ""DIRECTOR, IT SYSTEMS ARCHI"" so I'm assuming the comma should be converted to ""of"" instead of ""and""",,,
"DIRECTOR AND PHILANTHROPY","DIRECTOR OF DEVELOPMENT",,,,,,
"DIRECTOR AND RE","DIRECTOR",,,"DIRECTOR, RE ???","https://projects.propublica.org/nonprofits/display_990/463118462/03_2021_prefixes_46-47%2F463118462_201912_990_2021030217777121",,
"DIRECTOR AND REGIONAL","DIRECTOR","regional",,,,,
"DIRECTOR IT","DIRECTOR OF INFORMATION TECHNOLOGY",,,,,,
"DIRECTOR OF ENGAGEMENT","DIRECTOR OF ENGAGEMENT",,,,,,
"DIRECTOR OF EXHIBITS","DIRECTOR OF EXHIBITIONS",,,,,,
"DIRECTOR OF FACILITIES AND SECURITY","DIRECTOR OF FACILITIES",,,,,,
"DIRECTOR OF GOKM","CHIEF EXECUTIVE DIRECTOR",,,"The Georgia O'Keeffe Museum",,,
"DIRECTOR OF LEGAL AFFAIRS","DIRECTOR OF LEGAL AFFAIRS",,,,,,
"DIRECTOR OF MUSEUM","CHIEF EXECUTIVE DIRECTOR",,,,,,
"DIRECTOR OF MUSEUMS","CHIEF EXECUTIVE DIRECTOR",,,,,,
"DIRECTOR OF PUBLIC PROGRAMS","DIRECTOR OF PROGRAMS",,,,,,
"DIRECTOR OF RETAIL OPERATIONS","DIRECTOR OF SALES",,,,,,
"DIRECTOR OF SALES","DIRECTOR OF SALES",,,,,,
"DIRECTOR PHILANTHROPY","DIRECTOR OF DEVELOPMENT",,,,,,
"DIRECTOR PRESIDENT","CHIEF EXECUTIVE DIRECTOR",,,,,,
"DOCENT CHAIR","BOARD CHAIR",,,,,,
"DOCENT REPRESENTATIVE","BOARD MEMBER",,,"Asheville Art Museum Association Inc",,,
"EDIT CO-LEAD","BOARD MEMBER","duplex",,"MUSEUM EDUCATION ROUNDTABLE",,,
"EDUCATION COORDINATOR","EDUCATION COORDINATOR",,,,,,
"ENDOWMENTS","ENDOWMENTS",,,,,,
"EXECUTIVE ADMINISTRATION","CHIEF EXECUTIVE DIRECTOR",,,,,,
"EXECUTIVE CHAIR","BOARD CHAIR",,,,,,
"EXECUTIVE CO-DIRECTOR","CHIEF EXECUTIVE DIRECTOR","duplex",,,,,
"EXHIBITION COMMITTEE","BOARD MEMBER",,,,,,
"EXOFFICIO AND ADVISORY BOARD CO-CHAIR","BOARD CHAIR","duplex",,,,,
"EXPERT DIRECTOR","BOARD MEMBER",,,,,,
"FACILITY MANAGEMENT","FACILITIES",,,,,,
"FINANCE AND ADMINISTRATION","FINANCE AND ADMINISTRATION",,,,,,
"FOUNDATION PRESIDENT","BOARD MEMBER",,,"MUSEUM BOARD OF THE CITY OF HUNTSVILLE",,,
"GARDEN DIRECTOR","GARDEN DIRECTOR",,,,,,
"GIFT SHOP MANAGER","GIFT SHOP MANAGER",,,,,,
"GOVERNOR'S COMMISSION MEMBER","BOARD MEMBER",,,,,,
"HEAD OF MARKETING AND COMMUNICATIONS","DIRECTOR OF MARKETING AND COMMUNICATIONS",,,,,,
"HUMAN RESOURCES","HUMAN RESOURCES",,,,,,
"INVESTMENT COMMITTEE CHAIR","BOARD CHAIR",,,,,,
"INVESTMENT OFFICER","INVESTMENT OFFICER",,,,,,
"LIFETIME DIRECTOR","BOARD MEMBER",,,,,,
"MEMBER OF EXECUTIVE COMMITTEE","BOARD MEMBER",,,,,,
"MEMBERSHIP S","MEMBERSHIP",,,,,,
"MUSEUM CHAIR","BOARD CHAIR",,,,,,
"OUTGOING","OUTGOING",,,,,,
"RAM CEO","CHIEF EXECUTIVE DIRECTOR",,,,,,
"REGIONAL COORDINATOR","COORDINATOR","regional",,,,,
"SECRETARY COLLECTOR'S COUNCIL","BOARD MEMBER",,,,,,
"SECRETARY CORP","BOARD MEMBER",,,,,,
"SECTY AND TREASURER","BOARD MEMBER",,,"split titles?",,,
"SENIOR DIRECTOR AND MAJOR GIFTS","DIRECTOR OF MAJOR GIFTS","superior",,,,,
"SENIOR DIRECTOR OF CONTENT","DIRECTOR OF CONTENT","superior",,,,,
"SENIOR DIRECTOR OF CORPORA","DIRECTOR OF CORPORATE X","superior",,"https://www.businessinsider.com/facebooks-long-time-director-of-corpora-2013-5",,,
"SENIOR DIRECTOR OF EDUCATION","DIRECTOR OF EDUCATION","superior",,,,,
"SENIOR DIRECTOR OF EVENTS","DIRECTOR OF EVENTS","superior",,,,,
"SENIOR ENGINEER","ENGINEER","superior",,,,,
"SENIOR GRAND WARDEN","WARDEN","superior",,,,,
"SENIOR VICE PRESIDENT OF DEVELOPMENT","VICE PRESIDENT OF DEVELOPMENT","superior",,,,,
"SENIOR VICE PRESIDENT OF HUMAN RESOURCES","VICE PRESIDENT OF HUMAN RESOURCES","superior",,,,,
"STANDING MEMBER","BOARD MEMBER",,,,,,
"STOCKTON OF REGIONAL","NA",,,"All titles in this organization were not vaild titles but locations instead (EIN: 222570137)--not sure what's the problem here",,,
"SUSTAINING MEMBER COLLECTOR'S COUN","BOARD MEMBER",,,,,,
"TEASURER","BOARD TREASURER",,,,,,
"TREASURER AND S","BOARD TREASURER",,,,,,
"TREASURER BOARD","BOARD TREASURER",,,,,,
"TREASURER OF BOARD","BOARD TREASURER",,,,,,
"TRSUTEE","BOARD MEMBER",,,,,,
"TRUSTEE AND REGIONAL","BOARD MEMBER",,,,,,
"TRUSTEE DIRECTOR","BOARD MEMBER",,,,,,
"TRUSTEE FOR","BOARD MEMBER",,,,,,
"TRUSTEE LEAVE OF ABSENCE","BOARD MEMBER",,,,,,
"TRUSTEE NONVOTING","BOARD MEMBER",,,,,,
"TRUSTEEEMERITUS","BOARD MEMBER",,,,,,
"VICE CHAIR OF AUDIT","BOARD CHAIR","subordinate",,,,,
"VICE CHAIR OF EXTERNAL AFFAIRS","BOARD CHAIR","subordinate",,,,,
"VICE CO-CHAIR OF PROGRAMS","BOARD CHAIR","subordinate, duplex",,,,,
"VICE PRESIDENT OF BOARD","BOARD PRESIDENT",,,,,,
"VICE PRESIDENT OF COLLECTIONS","VICE PRESIDENT OF COLLECTIONS",,,,,,
"VICE PRESIDENT OF EARNED INCOME","VICE PRESIDENT OF SALES",,,,,,
"DIRECTOR OF EXTERNAL AFFAIRS","DIRECTOR OF EXTERNAL AFFAIRS",,,,,,
"VICE PRESIDENT OF MUSEUM EXPERIENCE","VICE PRESIDENT OF MUSEUM EXPERIENCE",,,,,,
"VICE PRESIDENT OF PAINTING","VICE PRESIDENT OF COLLECTIONS",,,,,,
"VICE PRESIDENT OF REGIONAL TN","VICE PRESIDENT","regional",,"VP-WEST TN:  VP-WEST TENNESSEE",,,
"VICE PRESIDENT OF STRATEGY PLANNING","VICE PRESIDENT OF STRATEGY",,,,,,
"VOLUNTEER DIRECTOR","VOLUNTEER DIRECTOR",,,,,,
"WORTHY GRAND MATRON","BOARD MEMBER",,,"https://en.wikipedia.org/wiki/Order_of_the_Eastern_Star",,,
