"title.variant","title.standard","strata","strata.label","notes"
"ADVANCEMENT COMMITTEE MEMBER","BOARD MEMBER",,,"3"
"ADVISORYNON","ADVISORY BOARD",,,"3"
"ALMONER","ALMONER",,,"3"
"ALT UN TRUSTEE","ALT UN TRUSTEE",,,"3"
"ALTERNATE COUNCILOR","ALTERNATE COUNCILOR",,,"3"
"ANGEL PARTY","ANGEL PARTY",,,"3"
"APPRENTICE COORDINATOR","APPRENTICE COORDINATOR",,,"3"
"ARRANGEMENTS","ARRANGEMENTS",,,"3"
"ASS'TRUSTEE TO PRESIDENT","BOARD MEMBER",,,"3"
"ASSISTANT ATTENDING PHYSICIAN","DOCTOR","subordinate",,"3"
"ASSISTANT DIRECTOR EQUIP","ASSISTANT DIRECTOR EQUIP",,,"3"
"ASSISTANT FB COACH","SPORTS COACH","subordinate",,"3"
"ASSISTANT FIELD DIRECTOR","ASSISTANT FIELD DIRECTOR",,,"3"
"ASSISTANT MA","ASSISTANT MA",,,"3"
"ASSISTANT RABBAN","ASSISTANT RABBAN",,,"3"
"ASSOCIATION EXECUTIVE","ASSOCIATION EXECUTIVE",,,"3"
"AUCTION","AUCTION",,,"3"
"BA AND BOARD MEMBER","BA AND BOARD MEMBER",,,"3"
"BOARD MEMBER AND TUTOR","BOARD MEMBER",,,"3"
"BOARD MEMBER SECRETARY","BOARD SECRETARY",,,"3"
"BRANCH CHAIR","BRANCH CHAIR",,,"3"
"BRANCH PRESIDENT","BRANCH PRESIDENT",,,"3"
"BUSINESS MANAGER OF FINANCE","BUSINESS MANAGER OF FINANCE",,,"3"
"CAMPAIGN CHAIR","CAMPAIGN CHAIR",,,"3"
"CDO","CDO",,,"3"
"CENTER DIRECTOR","CENTER DIRECTOR",,,"3"
"CEO AND OFFICIO","CEO AND OFFICIO",,,"3"
"CEO EXIT","CEO EXIT",,,"3"
"CEO OF FOUNDATION","CEO OF FOUNDATION",,,"3"
"CEO PHYSICIAN","CEO PHYSICIAN",,,"3"
"CFO AND VICE PRESIDENT OF FINANCE AND ADMINISTRATION","CFO AND VICE PRESIDENT OF FINANCE AND ADMINISTRATION",,,"3"
"CHAIR OF STRATEGY","CHAIR OF STRATEGY",,,"3"
"CHANCE TICKETS","CHANCE TICKETS",,,"3"
"CHIEF LEARNING OFFICER","CHIEF LEARNING OFFICER",,,"3"
"CHIEF RANGE MASTER","CHIEF RANGE MASTER",,,"3"
"CHIEF RISK OFFICER","CHIEF RISK OFFICER",,,"3"
"CLASS I DIRECTOR","CLASS I DIRECTOR",,,"3"
"CLASS II DIRECTOR","CLASS II DIRECTOR",,,"3"
"CLUB DIRECTOR","CLUB DIRECTOR",,,"3"
"CO-ARTIST","CO-ARTIST",,,"3"
"CO-ARTISTIC DIRECTOR","CO-ARTISTIC DIRECTOR",,,"3"
"CO-LEADER","CO-LEADER",,,"3"
"COACH COORDINATOR","COACH COORDINATOR",,,"3"
"COACHING COO","COACHING COO",,,"3"
"CONCESSION COORDINATOR","CONCESSION COORDINATOR",,,"3"
"CONCESSIONS MANAGER","CONCESSIONS MANAGER",,,"3"
"COUNCIL COMMISSIONER","COUNCIL COMMISSIONER",,,"3"
"COUNCIL DELE","COUNCIL DELE",,,"3"
"COUNCIL DIRECTOR","COUNCIL DIRECTOR",,,"3"
"DESIGNATED DIRECTOR","DESIGNATED DIRECTOR",,,"3"
"DEVELOPMENT OFFICER","DEVELOPMENT OFFICER",,,"3"
"DIRECTOR MEMBER","DIRECTOR MEMBER",,,"3"
"DIRECTOR OF AFFORD HSG OPERATIONS","DIRECTOR OF AFFORD HSG OPERATIONS",,,"3"
"DIRECTOR OF CURRICULUM","DIRECTOR OF CURRICULUM",,,"3"
"DIRECTOR OF FINANCE AND ACCOUNTING","DIRECTOR OF FINANCE AND ACCOUNTING",,,"3"
"DIRECTOR OF INSTITUTIONAL ADVANCEMENT","DIRECTOR OF INSTITUTIONAL ADVANCEMENT",,,"3"
"DIRECTOR OF NURSING EDUCATION","DIRECTOR OF NURSING EDUCATION",,,"3"
"DIRECTOR OF PUBLICATIONS","DIRECTOR OF PUBLICATIONS",,,"3"
"DIRECTOR OF TRAINING","DIRECTOR OF TRAINING",,,"3"
"DIRECTOR PRESIDENT","DIRECTOR PRESIDENT",,,"3"
"DIRECTOR USA","DIRECTOR USA",,,"3"
"DIRECTOR**","DIRECTOR**",,,"3"
"DISCLOSURE PGS","DISCLOSURE PGS",,,"3"
"DIVISION CHAIR","DIVISION CHAIR",,,"3"
"DIVISION MANAGER","DIVISION MANAGER",,,"3"
"ELECTED AUDITOR","ELECTED AUDITOR",,,"3"
"ENTERTAINMENT COMMITTEE","ENTERTAINMENT COMMITTEE",,,"3"
"EXECUTIVE BOARD A","EXECUTIVE BOARD A",,,"3"
"EXECUTIVE CHAIR","EXECUTIVE CHAIR",,,"3"
"EXECUTIVE VICE PRESIDENT AND CIO","EXECUTIVE VICE PRESIDENT AND CIO",,,"3"
"FACILITIES","FACILITIES",,,"3"
"FAMILY SERVICE COUNSELOR","FAMILY SERVICE COUNSELOR",,,"3"
"FIELD AND FACILITIES","FIELD AND FACILITIES",,,"3"
"FIELD AUDITOR","FIELD AUDITOR",,,"3"
"FIELD COORDINATOR","FIELD COORDINATOR",,,"3"
"FINANCE AND OPERATIONS","FINANCE AND OPERATIONS",,,"3"
"FOOTBALL COMMITTEE","FOOTBALL COMMITTEE",,,"3"
"FOUNDATION CHAIR","FOUNDATION CHAIR",,,"3"
"FUND OFFICER","FUND OFFICER",,,"3"
"GENERAL","GENERAL",,,"3"
"GENERAL MUSI","GENERAL MUSI",,,"3"
"GOVERNER","GOVERNER",,,"3"
"GRAND MASTER","GRAND MASTER",,,"3"
"GREENS SUPERINTENDENT","GREENS SUPERINTENDENT",,,"3"
"GRIEVANCE CHAIR","GRIEVANCE CHAIR",,,"3"
"HALL FIELD DIRECTOR","HALL FIELD DIRECTOR",,,"3"
"HCE","HCE",,,"3"
"HEAD COACH","HEAD COACH",,,"3"
"HEAD TRUSTEE","HEAD TRUSTEE",,,"3"
"HIGH PRIEST","HIGH PRIEST",,,"3"
"HONORARY","HONORARY",,,"3"
"HOUSE CHAIR","HOUSE CHAIR",,,"3"
"IAMAW","IAMAW",,,"3"
"INDEPENDENT","INDEPENDENT",,,"3"
"INFORMATION","INFORMATION",,,"3"
"IST VICE CHAIR","IST VICE CHAIR",,,"3"
"JEWEL BOOK PRODUCTION","JEWEL BOOK PRODUCTION",,,"3"
"LAW PROFESSOR","LAW PROFESSOR",,,"3"
"LECTURING KNIGH","LECTURING KNIGH",,,"3"
"LEGISLATIVE REPRESENTATIVE","LEGISLATIVE REPRESENTATIVE",,,"3"
"LHSAGM DIRECTOR","LHSAGM DIRECTOR",,,"3"
"M","M",,,"3"
"MANAGEMENT TEAM MEMBER","MANAGEMENT TEAM MEMBER",,,"3"
"MANAGING ATTORNEY","MANAGING ATTORNEY",,,"3"
"MARKETING MANAGER","MARKETING MANAGER",,,"3"
"MARKETING PRESIDENT","MARKETING PRESIDENT",,,"3"
"MED STAFF PRESIDENT","MED STAFF PRESIDENT",,,"3"
"MEMBER OF EDUCATION","MEMBER OF EDUCATION",,,"3"
"MEMBERSHIP COMMITTEE CHAIR","MEMBERSHIP COMMITTEE CHAIR",,,"3"
"MEN'S EVENT","MEN'S EVENT",,,"3"
"MORTGAGE CONSULTANT","MORTGAGE CONSULTANT",,,"3"
"MSF COMMISSI","MSF COMMISSI",,,"3"
"OFFICER PRESIDENT","OFFICER PRESIDENT",,,"3"
"OPERATIONS OFFICER","OPERATIONS OFFICER",,,"3"
"OSF VICE PRESIDENT","OSF VICE PRESIDENT",,,"3"
"OUTREACH","OUTREACH",,,"3"
"OUTREACH CHAIR","OUTREACH CHAIR",,,"3"
"OUTSIDE GUAR","OUTSIDE GUAR",,,"3"
"P","P",,,"3"
"PAR REPRESENTATIVE","PAR REPRESENTATIVE",,,"3"
"PARTNER","PARTNER",,,"3"
"PENSION TRUSTEE","PENSION TRUSTEE",,,"3"
"PERFORMER AND TE","PERFORMER AND TE",,,"3"
"PHARMACY DIRECTOR","PHARMACY DIRECTOR",,,"3"
"PLAN ADMINISTRATOR","PLAN ADMINISTRATOR",,,"3"
"PRESDIENT","PRESDIENT",,,"3"
"PRESIDENT CHAIR","PRESIDENT CHAIR",,,"3"
"PRESIDENT E","PRESIDENT E",,,"3"
"PRESIDENT ELEC","PRESIDENT ELEC",,,"3"
"PRESIDENT NOMINEE","PRESIDENT NOMINEE",,,"3"
"PRESIDENT OF BOARD OF DIRECTOR","PRESIDENT OF BOARD OF DIRECTOR",,,"3"
"PROFESSOR AND DIRECTOR","PROFESSOR AND DIRECTOR",,,"3"
"PROVOST MARSHALL","PROVOST MARSHALL",,,"3"
"PTR OF BOARD","PTR OF BOARD",,,"3"
"PUBLIC AFFAIRS","PUBLIC AFFAIRS",,,"3"
"QUARTER MASTER","QUARTER MASTER",,,"3"
"RADIOLOGIST","RADIOLOGIST",,,"3"
"RCDG","RCDG",,,"3"
"REAR COMMODO","REAR COMMODO",,,"3"
"REGIONAL COUNCIL REPRESENTATIVE","REGIONAL COUNCIL REPRESENTATIVE",,,"3"
"REGIONAL GOV","REGIONAL GOV",,,"3"
"REGIONAL LIFE","REGIONAL LIFE",,,"3"
"REGIONAL MANAGER HEALTH CARE","REGIONAL MANAGER HEALTH CARE",,,"3"
"REGIONAL MEMBER","REGIONAL MEMBER",,,"3"
"REGIONAL REGI","REGIONAL REGI",,,"3"
"REGISTAR","REGISTAR",,,"3"
"RESCUE OFFICER","RESCUE OFFICER",,,"3"
"RESIDENT","RESIDENT",,,"3"
"RESIDENT REPRESENTATIVE","RESIDENT REPRESENTATIVE",,,"3"
"RETENTION CHAIR","RETENTION CHAIR",,,"3"
"RETIREE REPRESENTATIVE","RETIREE REPRESENTATIVE",,,"3"
"SCHEDULER","SCHEDULER",,,"3"
"SERGEANT OF ARMS","SERGEANT OF ARMS",,,"3"
"SERVICEMAN","SERVICEMAN",,,"3"
"SHIFT CHIEF STEWARD","SHIFT CHIEF STEWARD",,,"3"
"STUDENT TRUS","STUDENT TRUS",,,"3"
"SYNAGOGUE REPRESENTATIVE","SYNAGOGUE REPRESENTATIVE",,,"3"
"TAIL TWISTER","TAIL TWISTER",,,"3"
"TECHNOLOGY CHAIR","TECHNOLOGY CHAIR",,,"3"
"THOMAS","THOMAS",,,"3"
"TOURNAMENT DIRECTOR","TOURNAMENT DIRECTOR",,,"3"
"VENERABLE MASTER","VENERABLE MASTER",,,"3"
"WORTHY PRESIDENT","WORTHY PRESIDENT",,,"3"
"WV BOARD MEMBER","WV BOARD MEMBER",,,"3"
"YFU REGIONAL","YFU REGIONAL",,,"3"
"ABSTRACT CO-CHAIR","ABSTRACT CO-CHAIR",,,"2"
"ACLO AND ASSISTANT S","ACLO AND ASSISTANT S",,,"2"
"ADMINISTRATIVE OFFICER","ADMINISTRATIVE OFFICER",,,"2"
"ADVISORY DIRECTOR","ADVISORY DIRECTOR",,,"2"
"AFFILIATE DIRECTOR","AFFILIATE DIRECTOR",,,"2"
"ALL B","ALL B",,,"2"
"ALTERNATE TREASURER","ALTERNATE TREASURER",,,"2"
"ALUMNI DIRECTOR","ALUMNI DIRECTOR",,,"2"
"ANGEL CHAIR","BOARD MEMBER",,,"2"
"APHIS REPRESENTATIVE","APHIS REPRESENTATIVE",,,"2"
"APP FUND DIRECTOR","APP FUND DIRECTOR",,,"2"
"APPA PRESIDENT","APPA PRESIDENT",,,"2"
"APPT LARGE GROUP","APPT LARGE GROUP",,,"2"
"ARCHON","ARCHON",,,"2"
"ASS'TRUSTEE TREASURER","ASS'TRUSTEE TREASURER",,,"2"
"ASSISTANT CHI","ASSISTANT CHI",,,"2"
"ASSISTANT CONV DIRECTOR","ASSISTANT CONV DIRECTOR",,,"2"
"ASSISTANT CORPORATE SECRETARY","ASSISTANT CORPORATE SECRETARY",,,"2"
"ASSISTANT DIRECTOR CHEER","ASSISTANT DIRECTOR CHEER",,,"2"
"ASSISTANT DIRECTOR OF SALES","ASSISTANT DIRECTOR OF SALES",,,"2"
"ASSISTANT EXECUTIVE SECRETARY","ASSISTANT EXECUTIVE SECRETARY",,,"2"
"ASSISTANT FINANCE","ASSISTANT FINANCE",,,"2"
"ASSISTANT WEEKEND","ASSISTANT WEEKEND",,,"2"
"ASSOCIATE","ASSOCIATE",,,"2"
"ASSOCIATE COMMISSIONER","ASSOCIATE COMMISSIONER",,,"2"
"ASSOCIATE FINANCE OFFICER","ASSOCIATE FINANCE OFFICER",,,"2"
"BALL","BALL",,,"2"
"BASEBALL COMMISSIONER","BASEBALL COMMISSIONER",,,"2"
"BEN FRANKLIN","BEN FRANKLIN",,,"2"
"BOARD MEMBER NCO-REGIONAL","BOARD MEMBER",,,"2"
"BOARD MEMEBE","BOARD MEMBER",,,"2"
"BOARD MEMEBR","BOARD MEMBER",,,"2"
"BOARD OF DIRECTOR AND AND EXECUTIVE COMMITTEE","BOARD MEMBER",,,"2"
"BOARD OF DIRECTOR VICE PRESIDENT","BOARD VICE PRESIDENT",,,"2"
"BOARD OF TRUSTEES CHAIR","BOARD PRESIDENT",,,"2"
"BOARD OF TRUSTEES MEMBER","BOARD MEMBER",,,"2"
"BRANCH MANAGER","BRANCH MANAGER",,,"2"
"BROCK","BROCK",,,"2"
"BUSINESS ADMINISTRATION","BUSINESS ADMINISTRATION",,,"2"
"BUSINESS OPERATIONS OFFICER","BUSINESS OPERATIONS OFFICER",,,"2"
"BY LAWS","BY LAWS",,,"2"
"CARDIO THORACIC SURGEON","CARDIO THORACIC SURGEON",,,"2"
"CARDIOLOGIST","CARDIOLOGIST",,,"2"
"CEO BSHR","CEO BSHR",,,"2"
"CEO CEO","CEO CEO",,,"2"
"CEO MIH","CEO MIH",,,"2"
"CEO MSI","CEO MSI",,,"2"
"CEO OHI","CEO OHI",,,"2"
"CEO PT","CEO PT",,,"2"
"CEREMONIAL MASTER","CEREMONIAL MASTER",,,"2"
"CFO MED GROUP","CFO MED GROUP",,,"2"
"CFO OHI","CFO OHI",,,"2"
"CHAIR AND PHYSICIAN","CHAIR AND PHYSICIAN",,,"2"
"CHAIR APPOINTEE","CHAIR APPOINTEE",,,"2"
"CHAIR HEADST","CHAIR HEADST",,,"2"
"CHAIR M","CHAIR M",,,"2"
"CHAIR OF B","CHAIR OF B",,,"2"
"CHAIR OF HUMAN RESOURCES","CHAIR OF HUMAN RESOURCES",,,"2"
"CHAIR PROGRAMS","CHAIR PROGRAMS",,,"2"
"CHAIR WOMAN","CHAIR WOMAN",,,"2"
"CHIEF ACCOUNTING OFFICER","CHIEF ACCOUNTING OFFICER",,,"2"
"CHIEF ACO-OFFICER","CHIEF ACO-OFFICER",,,"2"
"CHIEF COMMUNICATIONS OFFICER","CHIEF COMMUNICATIONS OFFICER",,,"2"
"CHIEF COMPLIANCE OFFICER","CHIEF COMPLIANCE OFFICER",,,"2"
"CHIEF EDUCATION OFFICER","CHIEF EDUCATION OFFICER",,,"2"
"CHIEF GENERAL COUNSEL","CHIEF GENERAL COUNSEL",,,"2"
"CHIEF LENDING OFFICER","CHIEF LENDING OFFICER",,,"2"
"CHIEF MED OFFICER","CHIEF MED OFFICER",,,"2"
"CHIEF MEDICA","CHIEF MEDICA",,,"2"
"CHIEF MISSION OFFICER","CHIEF MISSION OFFICER",,,"2"
"CHIEF OF PARTY","CHIEF OF PARTY",,,"2"
"CHIEF PEOPLE OFFICER","CHIEF PEOPLE OFFICER",,,"2"
"CHIEF PHARM OFFICER","CHIEF PHARM OFFICER",,,"2"
"CHIEF SERVICES OFFICER","CHIEF SERVICES OFFICER",,,"2"
"CHIEF SHOP STEWARD","CHIEF SHOP STEWARD",,,"2"
"CHIEF STEWAR","CHIEF STEWAR",,,"2"
"CHIEF STEWARD","CHIEF STEWARD",,,"2"
"CHILDRENS REGIONAL","CHILDRENS REGIONAL",,,"2"
"CLERGY","CLERGY",,,"2"
"CLINIC PHYSICIAN","CLINIC PHYSICIAN",,,"2"
"CLO","CLO",,,"2"
"CLUB ADMINISTRATION","CLUB ADMINISTRATION",,,"2"
"CME CHAIR","CME CHAIR",,,"2"
"CO- TREASURER","CO- TREASURER",,,"2"
"CO-ADMINISTRATOR","CO-ADMINISTRATOR",,,"2"
"CO-CHAIR OF DEVELOPMENT COMMITTEE","CO-CHAIR OF DEVELOPMENT COMMITTEE",,,"2"
"CO-CONVENER","CO-CONVENER",,,"2"
"CO-CORRESPONDING SECRETARY","CO-CORRESPONDING SECRETARY",,,"2"
"CO-DIRECTOR OF OUTREACH AND COMMUNICATIONS","CO-DIRECTOR OF OUTREACH AND COMMUNICATIONS",,,"2"
"CO-MEDICAL DIRECTOR","CO-MEDICAL DIRECTOR",,,"2"
"CO-RECORDING SECRETARY","CO-RECORDING SECRETARY",,,"2"
"CO-SOUP KITCHEN COORDINATOR","CO-SOUP KITCHEN COORDINATOR",,,"2"
"CO-VICE CHAIR OF COMMUNICATIONS","CO-VICE CHAIR OF COMMUNICATIONS",,,"2"
"CO-VICE PRESIDENT AND FUNDRAISE","CO-VICE PRESIDENT AND FUNDRAISE",,,"2"
"CO-VICE PRESIDENT FRD","CO-VICE PRESIDENT FRD",,,"2"
"CO-VICE PRESIDENT OF OPERATIONS","CO-VICE PRESIDENT OF OPERATIONS",,,"2"
"CO-VICE PRESIDENT OF TECHNOLOGY","CO-VICE PRESIDENT OF TECHNOLOGY",,,"2"
"COACH","COACH",,,"2"
"COACHES REPRESENTATIVE","COACHES REPRESENTATIVE",,,"2"
"COLLEGE PRESIDENT","COLLEGE PRESIDENT",,,"2"
"COMMISSIO","COMMISSIO",,,"2"
"COMMISSIONED SALES STAFF","COMMISSIONED SALES STAFF",,,"2"
"COMMITTEE AL","COMMITTEE AL",,,"2"
"COMMUNICATIONS VICE PRESIDENT","COMMUNICATIONS VICE PRESIDENT",,,"2"
"COMMUNITY COORDINATOR","COMMUNITY COORDINATOR",,,"2"
"COMMUNITY DIRECTOR","COMMUNITY DIRECTOR",,,"2"
"COMMUNITY LIAISON","COMMUNITY LIAISON",,,"2"
"COMMUNITY OUTREACH","COMMUNITY OUTREACH",,,"2"
"COMMUNITY REPRESENTATIVE","COMMUNITY REPRESENTATIVE",,,"2"
"COMMUNITY VICE PRESIDENT","COMMUNITY VICE PRESIDENT",,,"2"
"COMMUNITY VO","COMMUNITY VO",,,"2"
"COMMUNITY VOLUNTEER","COMMUNITY VOLUNTEER",,,"2"
"COMPETITIVE","COMPETITIVE",,,"2"
"CONCESSION CHAIR","CONCESSION CHAIR",,,"2"
"CONCESSION MANAGER","CONCESSION MANAGER",,,"2"
"CONFERENCE CHAIR","CONFERENCE CHAIR",,,"2"
"CONNECTIONS","CONNECTIONS",,,"2"
"CONVENTION DELEGATE","CONVENTION DELEGATE",,,"2"
"COR SECRETARY","COR SECRETARY",,,"2"
"CORE MEMBER REPRESENTATIVE","CORE MEMBER REPRESENTATIVE",,,"2"
"CORPORATE COMPLIANCE OFFICER","CORPORATE COMPLIANCE OFFICER",,,"2"
"COUNCELOR","COUNCELOR",,,"2"
"COURSE SUPERINTENDENT","COURSE SUPERINTENDENT",,,"2"
"CPO","CPO",,,"2"
"CRNA NURSE ANESTHETIST","CRNA NURSE ANESTHETIST",,,"2"
"CRO","CRO",,,"2"
"CROSS FUNDS COO","CROSS FUNDS COO",,,"2"
"CROSS FUNDS EXECUTIVE OFFICER","CROSS FUNDS EXECUTIVE OFFICER",,,"2"
"CSO","CSO",,,"2"
"CSUC AND VICE PRESIDENT OF BUSINESS AND FINANCE","CSUC AND VICE PRESIDENT OF BUSINESS AND FINANCE",,,"2"
"CVO","CVO",,,"2"
"DEAN AND FACULTY OF ARTISTIC AND SCIENCES","DEAN AND FACULTY OF ARTISTIC AND SCIENCES",,,"2"
"DEAN OF FACULTY","DEAN OF FACULTY",,,"2"
"DEAN OF STUDENTS","DEAN OF STUDENTS",,,"2"
"DELEGATES ASSEMBLY CHAIR","DELEGATES ASSEMBLY CHAIR",,,"2"
"DELG","DELG",,,"2"
"DENTAL DIRECTOR","DENTAL DIRECTOR",,,"2"
"DEPUTY CFO","DEPUTY CFO",,,"2"
"DEPUTY GENERAL COUNSEL","DEPUTY GENERAL COUNSEL",,,"2"
"DEPUTY TREASURER","DEPUTY TREASURER",,,"2"
"DIRECTOR AND GO","DIRECTOR AND GO",,,"2"
"DIRECTOR AND PROGRAMS","DIRECTOR AND PROGRAMS",,,"2"
"DIRECTOR GENERAL","DIRECTOR GENERAL",,,"2"
"DIRECTOR HHC","DIRECTOR HHC",,,"2"
"DIRECTOR HONORARY","DIRECTOR HONORARY",,,"2"
"DIRECTOR IN","DIRECTOR IN",,,"2"
"DIRECTOR MEETING AND CONVENTION PLANNING","DIRECTOR MEETING AND CONVENTION PLANNING",,,"2"
"DIRECTOR NO","DIRECTOR NO",,,"2"
"DIRECTOR OF ADMISSIONS","DIRECTOR OF ADMISSIONS",,,"2"
"DIRECTOR OF COMMUNITY RELATIONS","DIRECTOR OF COMMUNITY RELATIONS",,,"2"
"DIRECTOR OF CULTURAL AFFAIRS","DIRECTOR OF CULTURAL AFFAIRS",,,"2"
"DIRECTOR OF EVENTS","DIRECTOR OF EVENTS",,,"2"
"DIRECTOR OF FINANCE AND BUSINESS OPERATIONS","DIRECTOR OF FINANCE AND BUSINESS OPERATIONS",,,"2"
"DIRECTOR OF LEGAL AFFAIRS","DIRECTOR OF LEGAL AFFAIRS",,,"2"
"DIRECTOR OF LEGAL DEPUTY","DIRECTOR OF LEGAL DEPUTY",,,"2"
"DIRECTOR OF LICENSING AND BUSINESS","DIRECTOR OF LICENSING AND BUSINESS",,,"2"
"DIRECTOR OF MEMBER","DIRECTOR OF MEMBER",,,"2"
"DIRECTOR OF PHARMACY","DIRECTOR OF PHARMACY",,,"2"
"DIRECTOR OF POLICY AND LABOR EDUCATION","DIRECTOR OF POLICY AND LABOR EDUCATION",,,"2"
"DIRECTOR OF POLITICAL AFFAIRS AND PUBLIC POLICY","DIRECTOR OF POLITICAL AFFAIRS AND PUBLIC POLICY",,,"2"
"DIRECTOR OF PROFESSIONAL DEVELOPMENT","DIRECTOR OF PROFESSIONAL DEVELOPMENT",,,"2"
"DIRECTOR OF PROGRAMS DEVELOPMENT","DIRECTOR OF PROGRAMS DEVELOPMENT",,,"2"
"DIRECTOR OF REGIONAL PRESIDENT COUNCIL","DIRECTOR OF REGIONAL PRESIDENT COUNCIL",,,"2"
"DIRECTOR OF SALES","DIRECTOR OF SALES",,,"2"
"DIRECTOR OF SALES AND MARKETING","DIRECTOR OF SALES AND MARKETING",,,"2"
"DIRECTOR OF SPORTS INFORMATION","DIRECTOR OF SPORTS INFORMATION",,,"2"
"DIRECTOR OF STRATEGY CAMPAIGNS","DIRECTOR OF STRATEGY CAMPAIGNS",,,"2"
"DIRECTOR OF UNIVERSITY AFFAIRS","DIRECTOR OF UNIVERSITY AFFAIRS",,,"2"
"DIRECTOR ORGANIZING","DIRECTOR ORGANIZING",,,"2"
"DIRECTOR P","DIRECTOR P",,,"2"
"DIRECTOR PCO","DIRECTOR PCO",,,"2"
"DIRECTOR PRO","DIRECTOR PRO",,,"2"
"DIRECTOR PROGRAMS","DIRECTOR PROGRAMS",,,"2"
"DIRECTOR SPAN","DIRECTOR SPAN",,,"2"
"DOJANG MANAGER","DOJANG MANAGER",,,"2"
"DOWNSTATE DIRECTOR PCO","DOWNSTATE DIRECTOR PCO",,,"2"
"EDITOR PHYSICIAN","EDITOR PHYSICIAN",,,"2"
"EDUCATION AND OUTREACH COORDINATOR AND DIRECTOR","EDUCATION AND OUTREACH COORDINATOR AND DIRECTOR",,,"2"
"EDUCATION COMMITTEE","EDUCATION COMMITTEE",,,"2"
"EDUCATION REGIONAL","EDUCATION REGIONAL",,,"2"
"EDUCATION VICE PRESIDENT","EDUCATION VICE PRESIDENT",,,"2"
"EDUCATIONAL DIRECTOR","EDUCATIONAL DIRECTOR",,,"2"
"ELIGIBILITY","ELIGIBILITY",,,"2"
"EMPLOYEE AND BOARD MEMBER","EMPLOYEE AND BOARD MEMBER",,,"2"
"ENDOWMENT","ENDOWMENT",,,"2"
"ENGINEER","ENGINEER",,,"2"
"EQUIPMENT","EQUIPMENT",,,"2"
"EQUIPMENT MA","EQUIPMENT MA",,,"2"
"EQUIPMENT OFFICER","EQUIPMENT OFFICER",,,"2"
"EVENTS MANAGER","EVENTS MANAGER",,,"2"
"EXECUTIVE CEO","EXECUTIVE CEO",,,"2"
"EXECUTIVE COMMITTEE AND MEMBER","EXECUTIVE COMMITTEE AND MEMBER",,,"2"
"EXECUTIVE COMMITTEE UNIT","EXECUTIVE COMMITTEE UNIT",,,"2"
"EXECUTIVE DR","EXECUTIVE DR",,,"2"
"EXECUTIVE PR","EXECUTIVE PR",,,"2"
"EXECUTIVE PRESIDENT","EXECUTIVE PRESIDENT",,,"2"
"EXECUTIVE TREASURER AND S","EXECUTIVE TREASURER AND S",,,"2"
"EXECUTIVE VICE PRESIDENT AND CCO","EXECUTIVE VICE PRESIDENT AND CCO",,,"2"
"EXECUTIVE VICE PRESIDENT AND CGO","EXECUTIVE VICE PRESIDENT AND CGO",,,"2"
"EXECUTIVE VICE PRESIDENT OF OPERATIONS","EXECUTIVE VICE PRESIDENT OF OPERATIONS",,,"2"
"EXECUTIVE VICE PRESIDENT PRESIDENT","EXECUTIVE VICE PRESIDENT PRESIDENT",,,"2"
"EXECUTIVE VICE PRESIDENT REGIONAL","EXECUTIVE VICE PRESIDENT REGIONAL",,,"2"
"EXHIBITS","EXHIBITS",,,"2"
"EXTERNAL BOARD","EXTERNAL BOARD",,,"2"
"FAM SERVICES COORDINATOR","FAM SERVICES COORDINATOR",,,"2"
"FAMILY PRACT","FAMILY PRACT",,,"2"
"FAMILY PRACTITIONER","FAMILY PRACTITIONER",,,"2"
"FCS REPRESENTATIVE","FCS REPRESENTATIVE",,,"2"
"FDA CO-ADVIS","FDA CO-ADVIS",,,"2"
"FELLOW","FELLOW",,,"2"
"FIELD DIRECTOR:","FIELD DIRECTOR:",,,"2"
"FINANCE'L SECRETARY","FINANCE'L SECRETARY",,,"2"
"FINANCE CFO","FINANCE CFO",,,"2"
"FINANCE CO-CHAIR","FINANCE CO-CHAIR",,,"2"
"FINANCE COMMUNITY CO-CHAIR","FINANCE COMMUNITY CO-CHAIR",,,"2"
"FINANCE COORDINATOR","FINANCE COORDINATOR",,,"2"
"FINANCE EXECUTIVE","FINANCE EXECUTIVE",,,"2"
"FITNESS DIRECTOR","FITNESS DIRECTOR",,,"2"
"FLEET SURGEON","FLEET SURGEON",,,"2"
"FNDTN MANAGER","FNDTN MANAGER",,,"2"
"FOOD BANK DIRECTOR","FOOD BANK DIRECTOR",,,"2"
"FOOTBALL COMMISSIONER","FOOTBALL COMMISSIONER",,,"2"
"FOOTBALLL DIRECTOR","FOOTBALLL DIRECTOR",,,"2"
"FOUNDATION M","FOUNDATION M",,,"2"
"FRESHMAN CLASS REPRESENTATIVE","FRESHMAN CLASS REPRESENTATIVE",,,"2"
"FRMR PRESIDENT","FRMR PRESIDENT",,,"2"
"FUND DEVELOPMENT","FUND DEVELOPMENT",,,"2"
"FUND TREASURER","FUND TREASURER",,,"2"
"FUNDRAISING OFFICER","FUNDRAISING OFFICER",,,"2"
"GAMBLING MANAGER","GAMBLING MANAGER",,,"2"
"GASTROENTEROLOGIST","GASTROENTEROLOGIST",,,"2"
"GENERAL AFFAIRS MANAGER","GENERAL AFFAIRS MANAGER",,,"2"
"GENERAL COORDINATOR","GENERAL COORDINATOR",,,"2"
"GENERAL COUNCIL","GENERAL COUNCIL",,,"2"
"GENERAL SURGEON","GENERAL SURGEON",,,"2"
"GODDARD CO-PRESIDENT","GODDARD CO-PRESIDENT",,,"2"
"GOLF CHAIR","GOLF CHAIR",,,"2"
"GOLF COURSE SUPERINTENDENT","GOLF COURSE SUPERINTENDENT",,,"2"
"GOOD CHEER CHAIR","GOOD CHEER CHAIR",,,"2"
"GOV AFFAIRS","GOV AFFAIRS",,,"2"
"GOVERNMENT AFFAIRS DIRECTOR","GOVERNMENT AFFAIRS DIRECTOR",,,"2"
"GOVERNOR REGIONAL","GOVERNOR REGIONAL",,,"2"
"GRAND PRESIDENT","GRAND PRESIDENT",,,"2"
"GRAND REPRESENTATIVE","GRAND REPRESENTATIVE",,,"2"
"GRANT DIRECTOR","GRANT DIRECTOR",,,"2"
"HCM COMMUNITY CO-CHAIR","HCM COMMUNITY CO-CHAIR",,,"2"
"HEAD","HEAD",,,"2"
"HEAD CHEF","HEAD CHEF",,,"2"
"HEAD GOLF PROFESSIONAL","HEAD GOLF PROFESSIONAL",,,"2"
"HEAD OF LOWER SCHOOL","HEAD OF LOWER SCHOOL",,,"2"
"HEAD SUPPORT AND EVALUATIO","HEAD SUPPORT AND EVALUATIO",,,"2"
"HIGH PRIEST AND PROPHET","HIGH PRIEST AND PROPHET",,,"2"
"HIGH SCHOOL PRINCIPAL","HIGH SCHOOL PRINCIPAL",,,"2"
"HLTH AND SCIEN","HLTH AND SCIEN",,,"2"
"HOCKEY DIRECTOR","HOCKEY DIRECTOR",,,"2"
"HOUSE MANAGER","HOUSE MANAGER",,,"2"
"HOUSING MANAGER","HOUSING MANAGER",,,"2"
"HSRN","HSRN",,,"2"
"IMMIDEATE CHAIR","IMMIDEATE CHAIR",,,"2"
"INCOMINGDIRECTR","INCOMINGDIRECTR",,,"2"
"INDEPENDENT CONTRACTOR","INDEPENDENT CONTRACTOR",,,"2"
"INDUSTRY ADVISOR","INDUSTRY ADVISOR",,,"2"
"INFORMATION AND STRATEGY GROWTH","INFORMATION AND STRATEGY GROWTH",,,"2"
"INTERNIST","INTERNIST",,,"2"
"INTL BUSINESS COMMITTEE","INTL BUSINESS COMMITTEE",,,"2"
"JEWEL BOOK PAGE SALES AND REGIONAL","JEWEL BOOK PAGE SALES AND REGIONAL",,,"2"
"JOINT CHAIR","JOINT CHAIR",,,"2"
"JUNIOR PRESIDENT","JUNIOR PRESIDENT",,,"2"
"JUNIOR V COMMITTEE","JUNIOR V COMMITTEE",,,"2"
"JUNIOR VICE COMMAND","JUNIOR VICE COMMAND",,,"2"
"KERR","KERR",,,"2"
"KEY MEMBER","KEY MEMBER",,,"2"
"LADIES EVENT","LADIES EVENT",,,"2"
"LEADERSHIP EXECUTIVE","LEADERSHIP EXECUTIVE",,,"2"
"LEAGUE INFORMATION OFFICER","LEAGUE INFORMATION OFFICER",,,"2"
"LEAGUE REPRESENTATIVE","LEAGUE REPRESENTATIVE",,,"2"
"LEARNING OFFICER","LEARNING OFFICER",,,"2"
"LEGAL COUNSEL OFFICIO","LEGAL COUNSEL OFFICIO",,,"2"
"LEGAL DIRECTOR","LEGAL DIRECTOR",,,"2"
"LEGISLATIVE CHAIR","LEGISLATIVE CHAIR",,,"2"
"LENSKI CO-PRESIDENT","LENSKI CO-PRESIDENT",,,"2"
"LIASION","LIASION",,,"2"
"LIEUT","LIEUT",,,"2"
"LIEUTENA","LIEUTENA",,,"2"
"LIFE LONG MEMBER","LIFE LONG MEMBER",,,"2"
"LINE FOREMAN","LINE FOREMAN",,,"2"
"LINEMAN","LINEMAN",,,"2"
"LION TAMER","LION TAMER",,,"2"
"LITTLETON ACADEMICS","LITTLETON ACADEMICS",,,"2"
"LITTLETON HS COMMITTEE","LITTLETON HS COMMITTEE",,,"2"
"LOPEZ","LOPEZ",,,"2"
"LT GOV","LT GOV",,,"2"
"MAINT DIRECTOR","MAINT DIRECTOR",,,"2"
"MAJOR GIFTS DIRECTOR","MAJOR GIFTS DIRECTOR",,,"2"
"MARKETING CFO BSHR","MARKETING CFO BSHR",,,"2"
"MASTER OF KADOSH","MASTER OF KADOSH",,,"2"
"MAYOR","MAYOR",,,"2"
"MBEF LIAISON","MBEF LIAISON",,,"2"
"MEDICAL DIRECTOR I","MEDICAL DIRECTOR I",,,"2"
"MEDICAL STUDENT ALTERNATE","MEDICAL STUDENT ALTERNATE",,,"2"
"MEET DIRECTOR","MEET DIRECTOR",,,"2"
"MEMBER COORDINATOR","MEMBER COORDINATOR",,,"2"
"MEMBER OF DEVELOPMENT","MEMBER OF DEVELOPMENT",,,"2"
"MEMBER OF EXECUTIVE COMMITTEE","MEMBER OF EXECUTIVE COMMITTEE",,,"2"
"MEMBER PARTY","MEMBER PARTY",,,"2"
"MEMBERSHIP CO-DIRECTOR","MEMBERSHIP CO-DIRECTOR",,,"2"
"MEMBERSHIP S","MEMBERSHIP S",,,"2"
"MINISTRY DIRECTOR","MINISTRY DIRECTOR",,,"2"
"MODERATOR","MODERATOR",,,"2"
"MORTGAGE LOA","MORTGAGE LOA",,,"2"
"MSU REPRESENTATIVE","MSU REPRESENTATIVE",,,"2"
"N AND A","N AND A",,,"2"
"NEGOT COMMITTEE","NEGOT COMMITTEE",,,"2"
"NIMOCKS","NIMOCKS",,,"2"
"NORTHEAST REPRESENTATIVE","NORTHEAST REPRESENTATIVE",,,"2"
"NORTHWEST REPRESENTATIVE","NORTHWEST REPRESENTATIVE",,,"2"
"NP","NP",,,"2"
"NVOP BOARD MEMBER","NVOP BOARD MEMBER",,,"2"
"OB AND GYN","OB AND GYN",,,"2"
"OB GYN","OB GYN",,,"2"
"OBSTETRICS AND GYNECOLOGIST","OBSTETRICS AND GYNECOLOGIST",,,"2"
"OCCUPATIONAL THERAPIST","OCCUPATIONAL THERAPIST",,,"2"
"OFFICER AT L","OFFICER AT L",,,"2"
"OFFICIO AND PRESIDENT","OFFICIO AND PRESIDENT",,,"2"
"OFFICIO BOARD OF DIRECTOR","OFFICIO BOARD OF DIRECTOR",,,"2"
"OFFICIO CEO","OFFICIO CEO",,,"2"
"OFFICIO MEMBER CHAIR","OFFICIO MEMBER CHAIR",,,"2"
"OFFICIO: CHAIR","OFFICIO: CHAIR",,,"2"
"OMBUDSMAN","OMBUDSMAN",,,"2"
"OPERATIONS AND MARKETING MANAGER","OPERATIONS AND MARKETING MANAGER",,,"2"
"OPERATIONS CHAIR","OPERATIONS CHAIR",,,"2"
"OPERATIONS M","OPERATIONS M",,,"2"
"ORGANIZING DIRECTOR","ORGANIZING DIRECTOR",,,"2"
"ORTHO","ORTHO",,,"2"
"OUTER GUARD","OUTER GUARD",,,"2"
"OUTGOINGDIRECTR","OUTGOINGDIRECTR",,,"2"
"OVERSEER REPRESENTATIVE","OVERSEER REPRESENTATIVE",,,"2"
"PAC","PAC",,,"2"
"PAC CHAIR","PAC CHAIR",,,"2"
"PAC CO-CHAIR","PAC CO-CHAIR",,,"2"
"PAID BY RELATIONS ORGANIZATIONS","PAID BY RELATIONS ORGANIZATIONS",,,"2"
"PALLIATIVE CARE DIRECTOR","PALLIATIVE CARE DIRECTOR",,,"2"
"PANHELLENIC","PANHELLENIC",,,"2"
"PARENT MEMBER","PARENT MEMBER",,,"2"
"PARENTS REPRESENTATIVE","PARENTS REPRESENTATIVE",,,"2"
"PARLIMENTARI","PARLIMENTARI",,,"2"
"PATHOLOGIST","PATHOLOGIST",,,"2"
"PCA","PCA",,,"2"
"PEDIATRICIAN","PEDIATRICIAN",,,"2"
"PERFORMANCE","PERFORMANCE",,,"2"
"PHYSICIAN AS","PHYSICIAN AS",,,"2"
"PLANNING CHAIR","PLANNING CHAIR",,,"2"
"PLAYER REPRESENTATIVE","PLAYER REPRESENTATIVE",,,"2"
"PLAYERS AGENT","PLAYERS AGENT",,,"2"
"POLICY COUNCIL REPRESENTATIVE","POLICY COUNCIL REPRESENTATIVE",,,"2"
"POOL AND GROUN","POOL AND GROUN",,,"2"
"PORT CAPTAIN","PORT CAPTAIN",,,"2"
"PRESIDENT'S","PRESIDENT'S",,,"2"
"PRESIDENT'S EVENT","PRESIDENT'S EVENT",,,"2"
"PRESIDENT ADVISOR","PRESIDENT ADVISOR",,,"2"
"PRESIDENT AND BUSINESS AGENT","PRESIDENT AND BUSINESS AGENT",,,"2"
"PRESIDENT AND CEO","PRESIDENT AND CEO",,,"2"
"PRESIDENT BOARD OF DIRECTOR","PRESIDENT BOARD OF DIRECTOR",,,"2"
"PRESIDENT DELEGATE","PRESIDENT DELEGATE",,,"2"
"PRESIDENT EXECUTIVE","PRESIDENT EXECUTIVE",,,"2"
"PRESIDENT R","PRESIDENT R",,,"2"
"PRESIDENT REGIONAL","PRESIDENT REGIONAL",,,"2"
"PRESIDENT REGIONAL COMMUNITIES","PRESIDENT REGIONAL COMMUNITIES",,,"2"
"PRESIDENT ROTATION","PRESIDENT ROTATION",,,"2"
"PRESIDENT TH","PRESIDENT TH",,,"2"
"PRIMARY CAREGIVER","PRIMARY CAREGIVER",,,"2"
"PRINCIPAL AND CEO","PRINCIPAL AND CEO",,,"2"
"PROFESSOR AND DEPUTY CHAIR","PROFESSOR AND DEPUTY CHAIR",,,"2"
"PROJECTS COORDINATOR","PROJECTS COORDINATOR",,,"2"
"PROVISIONAL CHAIR DOCENT CHAIR","PROVISIONAL CHAIR DOCENT CHAIR",,,"2"
"PUBLIC RELATIONS DIRECTOR","PUBLIC RELATIONS DIRECTOR",,,"2"
"PUBLIC RELATIONS OFFICER","PUBLIC RELATIONS OFFICER",,,"2"
"PUBLIC SEAT AND","PUBLIC SEAT AND",,,"2"
"PUBLICITY DIRECTOR","PUBLICITY DIRECTOR",,,"2"
"RECORDING CLERK","RECORDING CLERK",,,"2"
"RECORDING CORRESPONDING SECRETARY","RECORDING CORRESPONDING SECRETARY",,,"2"
"RECORDING SECRETARY'Y","RECORDING SECRETARY'Y",,,"2"
"RECREATIONAL","RECREATIONAL",,,"2"
"RECRUITMENT VICE PRESIDENT","RECRUITMENT VICE PRESIDENT",,,"2"
"REGENT AND CHAIR OF F AND P","REGENT AND CHAIR OF F AND P",,,"2"
"REGENT AND PRESIDENT","REGENT AND PRESIDENT",,,"2"
"REGENT AND VICE CHAIR","REGENT AND VICE CHAIR",,,"2"
"REGIONAL ADMINISTRATOR","REGIONAL ADMINISTRATOR",,,"2"
"REGIONAL ADVISOR","REGIONAL ADVISOR",,,"2"
"REGIONAL CLERK","REGIONAL CLERK",,,"2"
"REGIONAL CONSTRUCTION MANAGER","REGIONAL CONSTRUCTION MANAGER",,,"2"
"REGIONAL COO","REGIONAL COO",,,"2"
"REGIONAL DEVELOPMENT MANAGER","REGIONAL DEVELOPMENT MANAGER",,,"2"
"REGIONAL DIRECTOR A","REGIONAL DIRECTOR A",,,"2"
"REGIONAL DIRECTOR REGIONAL","REGIONAL DIRECTOR REGIONAL",,,"2"
"REGIONAL LIAISON","REGIONAL LIAISON",,,"2"
"REGIONAL MARKETING DIRECTOR","REGIONAL MARKETING DIRECTOR",,,"2"
"REGIONAL MEDICAL DIRECTOR","REGIONAL MEDICAL DIRECTOR",,,"2"
"REGIONAL UNIT CHAIR","REGIONAL UNIT CHAIR",,,"2"
"REGISTRATION","REGISTRATION",,,"2"
"REGISTRATION CHAIR COORDINATOR","REGISTRATION CHAIR COORDINATOR",,,"2"
"RESEARCH CO-CHAIR","RESEARCH CO-CHAIR",,,"2"
"RESIDENT AND OFFICIO BOARD","RESIDENT AND OFFICIO BOARD",,,"2"
"RESIDENT AND VOTING BOARD MEMBER","RESIDENT AND VOTING BOARD MEMBER",,,"2"
"RESOURCES DEVELOPMENT","RESOURCES DEVELOPMENT",,,"2"
"RODALE COSSO","RODALE COSSO",,,"2"
"RSRCH SCIENT III","RSRCH SCIENT III",,,"2"
"RULES CHAIR","RULES CHAIR",,,"2"
"RUNYON CO-PRESIDENT","RUNYON CO-PRESIDENT",,,"2"
"SAB CO-CHAIR","SAB CO-CHAIR",,,"2"
"SAFETY CHAIR","SAFETY CHAIR",,,"2"
"SAFETY DIRECTOR","SAFETY DIRECTOR",,,"2"
"SALES COUNSELOR","SALES COUNSELOR",,,"2"
"SANDBURG CO-PRESIDENT","SANDBURG CO-PRESIDENT",,,"2"
"SCHEDULE COORDINATOR","SCHEDULE COORDINATOR",,,"2"
"SCHEDULING DIRECTOR","SCHEDULING DIRECTOR",,,"2"
"SCHOOL DIRECTOR","SCHOOL DIRECTOR",,,"2"
"SCHOOL REPRESENTATIVE","SCHOOL REPRESENTATIVE",,,"2"
"SCIENTIFIC DIRECTOR","SCIENTIFIC DIRECTOR",,,"2"
"SCM COMMUNITY CO-CHAIR","SCM COMMUNITY CO-CHAIR",,,"2"
"SECRETARY BOARD OF DIRECTOR","SECRETARY BOARD OF DIRECTOR",,,"2"
"SECRETARY CORRESPONDING","SECRETARY CORRESPONDING",,,"2"
"SECRETARY RECORDING","SECRETARY RECORDING",,,"2"
"SECRETARY TRUSTEE","SECRETARY TRUSTEE",,,"2"
"SECRETARY VICE PRESIDENT","SECRETARY VICE PRESIDENT",,,"2"
"SEMINAR","SEMINAR",,,"2"
"SENIOR ADVISOR","SENIOR ADVISOR",,,"2"
"SENIOR ASSOCIATE COMMISSIONER","SENIOR ASSOCIATE COMMISSIONER",,,"2"
"SENIOR CAMPAIGN DIRECTOR","SENIOR CAMPAIGN DIRECTOR",,,"2"
"SENIOR CHAIR","SENIOR CHAIR",,,"2"
"SENIOR DIRECTOR OF CORP DEVELOPMENT","SENIOR DIRECTOR OF CORP DEVELOPMENT",,,"2"
"SENIOR DIRECTOR OF GLOBAL INITIA","SENIOR DIRECTOR OF GLOBAL INITIA",,,"2"
"SENIOR GRAND WARDEN","SENIOR GRAND WARDEN",,,"2"
"SENIOR LABRATORY SUPERVISOR","SENIOR LABRATORY SUPERVISOR",,,"2"
"SENIOR MEDICAL DIRECTOR","SENIOR MEDICAL DIRECTOR",,,"2"
"SENIOR PHY EXECUTIVE","SENIOR PHY EXECUTIVE",,,"2"
"SENIOR PROGRAMS DIRECTOR","SENIOR PROGRAMS DIRECTOR",,,"2"
"SENIOR PROJECTS MANAGER","SENIOR PROJECTS MANAGER",,,"2"
"SENIOR RESEARCH SCIENTIST","SENIOR RESEARCH SCIENTIST",,,"2"
"SENIOR RESIDENT DIRECTOR","SENIOR RESIDENT DIRECTOR",,,"2"
"SENIOR SYSTEMS ENGINEER","SENIOR SYSTEMS ENGINEER",,,"2"
"SENIOR V COMMITTEE","SENIOR V COMMITTEE",,,"2"
"SENIOR VICE PRESIDENT AND CHRO","SENIOR VICE PRESIDENT AND CHRO",,,"2"
"SENIOR VICE PRESIDENT OF COMMUNICATIONS AND MARKETING","SENIOR VICE PRESIDENT OF COMMUNICATIONS AND MARKETING",,,"2"
"SENIOR VICE PRESIDENT OF DEVELOPMENT","SENIOR VICE PRESIDENT OF DEVELOPMENT",,,"2"
"SENIOR VICE PRESIDENT OF RISK MANAGEMENT","SENIOR VICE PRESIDENT OF RISK MANAGEMENT",,,"2"
"SENIOR VICE PRESIDENT SUPPLY CHAIR","SENIOR VICE PRESIDENT SUPPLY CHAIR",,,"2"
"SERCRETARY","SERCRETARY",,,"2"
"SERGEANT OF ARM","SERGEANT OF ARM",,,"2"
"SEXTON","SEXTON",,,"2"
"SHOW SECRETARY","SHOW SECRETARY",,,"2"
"SITE MANAGER","SITE MANAGER",,,"2"
"SMALL BUSINESS","SMALL BUSINESS",,,"2"
"SNACK BAR COORDINATOR","SNACK BAR COORDINATOR",,,"2"
"SOCIAL CO-DIRECTOR","SOCIAL CO-DIRECTOR",,,"2"
"SOFTBALL COMMISSIONER","SOFTBALL COMMISSIONER",,,"2"
"SOUTHWEST REPRESENTATIVE","SOUTHWEST REPRESENTATIVE",,,"2"
"SPEC ASSISTANT TO 'L PRESIDENT","SPEC ASSISTANT TO 'L PRESIDENT",,,"2"
"SPIRITUAL ADVISOR","SPIRITUAL ADVISOR",,,"2"
"SPONSOR","SPONSOR",,,"2"
"SPONSOR CHAIR","SPONSOR CHAIR",,,"2"
"SSAA MANAGER","SSAA MANAGER",,,"2"
"STAFF ATTORNEY","STAFF ATTORNEY",,,"2"
"STAFF LIAISON","STAFF LIAISON",,,"2"
"STAFF PARALEGAL","STAFF PARALEGAL",,,"2"
"STAFF PSYCHIATRIST","STAFF PSYCHIATRIST",,,"2"
"STANDARDS CHAIR","STANDARDS CHAIR",,,"2"
"STUDENT BOARD","STUDENT BOARD",,,"2"
"STUDENT BOARD PRESIDENT","STUDENT BOARD PRESIDENT",,,"2"
"STUDENT HOUSE MANAGER","STUDENT HOUSE MANAGER",,,"2"
"STUDENT VICE PRESIDENT","STUDENT VICE PRESIDENT",,,"2"
"SUPERINTENDENT'S ALTERNATIVE","SUPERINTENDENT'S ALTERNATIVE",,,"2"
"SUPPLEMENTA","SUPPLEMENTA",,,"2"
"SUPV CMTE CHAIR","SUPV CMTE CHAIR",,,"2"
"SWIM TEAM","SWIM TEAM",,,"2"
"TECHNOLOGY COMMUNITY CO-CHAIR","TECHNOLOGY COMMUNITY CO-CHAIR",,,"2"
"TECHNOLOGY OFFICER","TECHNOLOGY OFFICER",,,"2"
"TEEN CAMP DIRECTOR","TEEN CAMP DIRECTOR",,,"2"
"THEATER MANAGER","THEATER MANAGER",,,"2"
"TIKVAH REPRESENTATIVE","TIKVAH REPRESENTATIVE",,,"2"
"TIMEKEEPER COORDINATOR","TIMEKEEPER COORDINATOR",,,"2"
"TRAINING COORDINATOR","TRAINING COORDINATOR",,,"2"
"TREASURER AND BA","TREASURER AND BA",,,"2"
"TREASURER AND SECRETARY AND AND CFO","TREASURER AND SECRETARY AND AND CFO",,,"2"
"TREASURER OF BOARD","TREASURER OF BOARD",,,"2"
"TREASURER REGIONAL","TREASURER REGIONAL",,,"2"
"TRIPS CO-DIRECTOR","TRIPS CO-DIRECTOR",,,"2"
"TRUST CHAIR","TRUST CHAIR",,,"2"
"TRUSTEE AND OFFICIO","TRUSTEE AND OFFICIO",,,"2"
"TRUSTEE ELC","TRUSTEE ELC",,,"2"
"TRUSTEE EXIT","TRUSTEE EXIT",,,"2"
"TRUSTEE TILL","TRUSTEE TILL",,,"2"
"TUTOR","TUTOR",,,"2"
"TUTOR SANTA FE","TUTOR SANTA FE",,,"2"
"TWAIN CO-CUBMAS","TWAIN CO-CUBMAS",,,"2"
"TWAIN CO-PRESIDENT","TWAIN CO-PRESIDENT",,,"2"
"UMMS PRESIDENT","UMMS PRESIDENT",,,"2"
"UMPIRE IN CHEIF","UMPIRE IN CHEIF",,,"2"
"UNDERWRITING MANAGER","UNDERWRITING MANAGER",,,"2"
"US DIRECTOR","US DIRECTOR",,,"2"
"USAID REPRESENTATIVE","USAID REPRESENTATIVE",,,"2"
"USAID VICE PRESIDENT","USAID VICE PRESIDENT",,,"2"
"V COMMITTEE","V COMMITTEE",,,"2"
"VARIOUS","VARIOUS",,,"2"
"VFS PRESIDENT","VFS PRESIDENT",,,"2"
"VICE ARCHON","VICE ARCHON",,,"2"
"VICE CHAIR AUDIT","VICE CHAIR AUDIT",,,"2"
"VICE CHAIR G","VICE CHAIR G",,,"2"
"VICE CHAIR OF BOARD OF DIRECTOR","VICE CHAIR OF BOARD OF DIRECTOR",,,"2"
"VICE CHAIR OF MARKETING","VICE CHAIR OF MARKETING",,,"2"
"VICE CHAIR SPEC","VICE CHAIR SPEC",,,"2"
"VICE CHAIR TRUSTEE","VICE CHAIR TRUSTEE",,,"2"
"VICE CHIEF","VICE CHIEF",,,"2"
"VICE CMDR","VICE CMDR",,,"2"
"VICE CO-CHAIR","VICE CO-CHAIR",,,"2"
"VICE PRESIDENT ACADEMICS","VICE PRESIDENT ACADEMICS",,,"2"
"VICE PRESIDENT ACCOUNTING","VICE PRESIDENT ACCOUNTING",,,"2"
"VICE PRESIDENT AND","VICE PRESIDENT AND",,,"2"
"VICE PRESIDENT AND CA","VICE PRESIDENT AND CA",,,"2"
"VICE PRESIDENT AND CMTY SERVICE","VICE PRESIDENT AND CMTY SERVICE",,,"2"
"VICE PRESIDENT AND FUNDRAISI","VICE PRESIDENT AND FUNDRAISI",,,"2"
"VICE PRESIDENT AND JOURNALIS","VICE PRESIDENT AND JOURNALIS",,,"2"
"VICE PRESIDENT AND MAJORS","VICE PRESIDENT AND MAJORS",,,"2"
"VICE PRESIDENT AND NURSING","VICE PRESIDENT AND NURSING",,,"2"
"VICE PRESIDENT AND PROGRAMMING","VICE PRESIDENT AND PROGRAMMING",,,"2"
"VICE PRESIDENT AND STANDARDS","VICE PRESIDENT AND STANDARDS",,,"2"
"VICE PRESIDENT AND TOUR","VICE PRESIDENT AND TOUR",,,"2"
"VICE PRESIDENT BOARD OF DIRECTOR","VICE PRESIDENT BOARD OF DIRECTOR",,,"2"
"VICE PRESIDENT CLINICAL SERVICES","VICE PRESIDENT CLINICAL SERVICES",,,"2"
"VICE PRESIDENT COMMITTEE","VICE PRESIDENT COMMITTEE",,,"2"
"VICE PRESIDENT FIELD MAINTENANCE","VICE PRESIDENT FIELD MAINTENANCE",,,"2"
"VICE PRESIDENT HOMECARE","VICE PRESIDENT HOMECARE",,,"2"
"VICE PRESIDENT INFORMATION SERVICES","VICE PRESIDENT INFORMATION SERVICES",,,"2"
"VICE PRESIDENT LEADERSHIP","VICE PRESIDENT LEADERSHIP",,,"2"
"VICE PRESIDENT LENDING","VICE PRESIDENT LENDING",,,"2"
"VICE PRESIDENT OF ACTIVITIES","VICE PRESIDENT OF ACTIVITIES",,,"2"
"VICE PRESIDENT OF ALUMNI AFFAIRS AND DEVELOPMENT","VICE PRESIDENT OF ALUMNI AFFAIRS AND DEVELOPMENT",,,"2"
"VICE PRESIDENT OF BASEBALL","VICE PRESIDENT OF BASEBALL",,,"2"
"VICE PRESIDENT OF BUDGET AND FINANCE","VICE PRESIDENT OF BUDGET AND FINANCE",,,"2"
"VICE PRESIDENT OF BUILDING DEVELOPMENT","VICE PRESIDENT OF BUILDING DEVELOPMENT",,,"2"
"VICE PRESIDENT OF BUSINESS LENDING","VICE PRESIDENT OF BUSINESS LENDING",,,"2"
"VICE PRESIDENT OF CLINICAL SERVICES","VICE PRESIDENT OF CLINICAL SERVICES",,,"2"
"VICE PRESIDENT OF COMMUNICATIONS AND MARKETING","VICE PRESIDENT OF COMMUNICATIONS AND MARKETING",,,"2"
"VICE PRESIDENT OF CORP RECORDS AND CORP S","VICE PRESIDENT OF CORP RECORDS AND CORP S",,,"2"
"VICE PRESIDENT OF CORPORATE STRATEGY","VICE PRESIDENT OF CORPORATE STRATEGY",,,"2"
"VICE PRESIDENT OF FACILITIES AND SERVICES","VICE PRESIDENT OF FACILITIES AND SERVICES",,,"2"
"VICE PRESIDENT OF FINANCE AND ADMINISTRATION AND TREASURER","VICE PRESIDENT OF FINANCE AND ADMINISTRATION AND TREASURER",,,"2"
"VICE PRESIDENT OF FINANCE AND RISK MANAGEMENT","VICE PRESIDENT OF FINANCE AND RISK MANAGEMENT",,,"2"
"VICE PRESIDENT OF FINANCE SERVICES","VICE PRESIDENT OF FINANCE SERVICES",,,"2"
"VICE PRESIDENT OF HARVARD LIBRARY","VICE PRESIDENT OF HARVARD LIBRARY",,,"2"
"VICE PRESIDENT OF INSTRU","VICE PRESIDENT OF INSTRU",,,"2"
"VICE PRESIDENT OF LEGAL AFFAIRS","VICE PRESIDENT OF LEGAL AFFAIRS",,,"2"
"VICE PRESIDENT OF MEMBER EXPERIENCE","VICE PRESIDENT OF MEMBER EXPERIENCE",,,"2"
"VICE PRESIDENT OF MEMBER SERVICES","VICE PRESIDENT OF MEMBER SERVICES",,,"2"
"VICE PRESIDENT OF MEMBERSHIP RECRUITMENT","VICE PRESIDENT OF MEMBERSHIP RECRUITMENT",,,"2"
"VICE PRESIDENT OF MISSION ADVANCEMENT","VICE PRESIDENT OF MISSION ADVANCEMENT",,,"2"
"VICE PRESIDENT OF NURSING","VICE PRESIDENT OF NURSING",,,"2"
"VICE PRESIDENT OF OPERATIONS AND ADMINISTRATION","VICE PRESIDENT OF OPERATIONS AND ADMINISTRATION",,,"2"
"VICE PRESIDENT OF OUTREACH","VICE PRESIDENT OF OUTREACH",,,"2"
"VICE PRESIDENT OF PRODUCT","VICE PRESIDENT OF PRODUCT",,,"2"
"VICE PRESIDENT OF PROF DEVELOPMENT","VICE PRESIDENT OF PROF DEVELOPMENT",,,"2"
"VICE PRESIDENT OF PROPERTIES","VICE PRESIDENT OF PROPERTIES",,,"2"
"VICE PRESIDENT OF PUBLIC","VICE PRESIDENT OF PUBLIC",,,"2"
"VICE PRESIDENT OF SHARED SERVICES","VICE PRESIDENT OF SHARED SERVICES",,,"2"
"VICE PRESIDENT OF SKILLED SERVICES","VICE PRESIDENT OF SKILLED SERVICES",,,"2"
"VICE PRESIDENT OF SOFTBALL","VICE PRESIDENT OF SOFTBALL",,,"2"
"VICE PRESIDENT OF STRATEGY AND PROGRAMS","VICE PRESIDENT OF STRATEGY AND PROGRAMS",,,"2"
"VICE PRESIDENT OF STUDENT AFFAIRS","VICE PRESIDENT OF STUDENT AFFAIRS",,,"2"
"VICE PRESIDENT OF TRAINING AND DEVELOPMENT","VICE PRESIDENT OF TRAINING AND DEVELOPMENT",,,"2"
"VICE PRESIDENT P","VICE PRESIDENT P",,,"2"
"VICE PRESIDENT PLANNING","VICE PRESIDENT PLANNING",,,"2"
"VICE PRESIDENT RECREATIO","VICE PRESIDENT RECREATIO",,,"2"
"VICE PRESIDENT REGIONAL DIRECTOR","VICE PRESIDENT REGIONAL DIRECTOR",,,"2"
"VICE PRESIDENT ROOM PARENT","VICE PRESIDENT ROOM PARENT",,,"2"
"VICE PRESIDENT SPIRIT WEAR","VICE PRESIDENT SPIRIT WEAR",,,"2"
"VICE PRESIDENT TALENT ACQUISITION","VICE PRESIDENT TALENT ACQUISITION",,,"2"
"VICE PRESIDENT TOTAL REWARDS","VICE PRESIDENT TOTAL REWARDS",,,"2"
"VICE PRESIDENT VOLUNTEERS AND PROGRAMS","VICE PRESIDENT VOLUNTEERS AND PROGRAMS",,,"2"
"VISE PRESIDENT","VISE PRESIDENT",,,"2"
"VOLUNTEER CHAIR","VOLUNTEER CHAIR",,,"2"
"VOLUNTEER COMMITTEE","VOLUNTEER COMMITTEE",,,"2"
"VOLUNTEER DIRECTOR","VOLUNTEER DIRECTOR",,,"2"
"VOLUNTEER LIAISON","VOLUNTEER LIAISON",,,"2"
"VOLUNTEERS","VOLUNTEERS",,,"2"
"WAYS AND MEANS","WAYS AND MEANS",,,"2"
"WEBSITE CHARGE","WEBSITE CHARGE",,,"2"
"WISE MASTER","WISE MASTER",,,"2"
"WOMENS CHAIR","WOMENS CHAIR",,,"2"
"WORSHIP LEAD","WORSHIP LEAD",,,"2"
"WORTHY CHAPLAIN","WORTHY CHAPLAIN",,,"2"
"YFU IES","YFU IES",,,"2"
"YOUTH REPRESENTATIVE","YOUTH REPRESENTATIVE",,,"2"
