"title.variant","old","new"
"BOARD SECRETARY TREASURER","(new variant)","BOARD SECRETARY"
"BOARD VICE PRESIDENT TREASURER","(new variant)","BOARD VICE PRESIDENT"
"CAUCUS COUNCILOR","CAUCUS COUNCILOR","BOARD MEMBER"
"COMMODO","COMMODO","BOARD PRESIDENT"
"CONTRACTOR TRUSTEE","CONTRACTOR TRUSTEE","BOARD MEMBER"
"COUNCIL CHAIR","COUNCIL CHAIR","BOARD PRESIDENT"
"COUNCIL PRESIDENT","COUNCIL PRESIDENT","BOARD PRESIDENT"
"COUNCILMAN","COUNCILMAN","BOARD MEMBER"
"COUNCILWOMAN","COUNCILMAN","BOARD MEMBER"
"DIRECTOR ALUMNA","DIRECTOR ALUMNA","BOARD MEMBER"
"DIRECTOR VICE CHAIR","DIRECTOR VICE CHAIR","BOARD VICE PRESIDENT"
"FACULTY REPRESENTATIVE","FACULTY REPRESENTATIVE","BOARD MEMBER"
"FLEET CAPTAIN","FLEET CAPTAIN","BOARD MEMBER"
"GOVERNANCE","GOVERNANCE","BOARD MEMBER"
"GUILD PRESIDENT","GUILD PRESIDENT","BOARD PRESIDENT"
"INCORPORATOR","INCORPORATOR","BOARD MEMBER"
"LRC","LABOR RELATIONS COMMITTEE","BOARD MEMBER"
"LABOR RELATIONS COMMITTEE","(new variant)","BOARD MEMBER"
"EXAMINING BOARD","MEDICAL EXAMINING BOARD","BOARD MEMBER"
"MEDICAL EXAMINING BOARD","(new variant)","BOARD MEMBER"
"ORIENTAL GUIDE","ORIENTAL GUIDE","BOARD MEMBER"
"PRESIDENT TREASURER","PRESIDENT TREASURER","BOARD PRESIDENT"
"REGIONAL REPRESENTATIVE","REPRESENTATIVE","BOARD MEMBER"
"REPRESENTATIVE","REPRESENTATIVE","BOARD MEMBER"
"ZONE REPRESENTATIVE","REPRESENTATIVE","BOARD MEMBER"
"SERGEANT AT ARM","SERGEANT AT ARM","BOARD MEMBER"
"SERGEANT","SERGEANT AT ARMS","BOARD MEMBER"
"SERGEANT AT A","SERGEANT AT ARMS","BOARD MEMBER"
"SERGEANT AT ARMS","SERGEANT AT ARMS","BOARD MEMBER"
"SERGEANT OF A","SERGEANT AT ARMS","BOARD MEMBER"
"SUPERVISORY COMMITTEE","SUPERVISORY COMMITTEE","BOARD MEMBER"
"SHOP STEWARD","UNION REPRESENTATIVE","BOARD MEMBER"
"CO-VICE CHAIR","VICE CHAIR","BOARD VICE PRESIDENT"
"REGIONAL VICE CHAIR","VICE CHAIR","BOARD VICE PRESIDENT"
"V COMMANDER","VICE COMMANDER","BOARD VICE PRESIDENT"
"VICE COMMAND","VICE COMMANDER","BOARD VICE PRESIDENT"
"VICE PRESIDENT OF ALUMNAE RELATIONS","VICE PRESIDENT OF ALUMNAE RELATIONS","BOARD VICE PRESIDENT"
"VICE PRESIDENT OF COMMITTEE RELATIONS","VICE PRESIDENT OF COMMITTEE RELATIONS","BOARD VICE PRESIDENT"
"VICE PRESIDENT CORRESPONDING","VICE PRESIDENT OF CORRESPONDENCE","BOARD VICE PRESIDENT"
"VICE PRESIDENT OF CORRESPONDENCE","(new variant)","BOARD VICE PRESIDENT"
"VICE PRESIDENT OF MEMBER RECRUITMENT","(new variant)","BOARD VICE PRESIDENT"
"VICE PRESIDENT SOFTBALL","VICE PRESIDENT OF SOFTBALL","BOARD VICE PRESIDENT"
"VICE PRESIDENT OF STANDARDS AND VALUES","VICE PRESIDENT OF STANDARDS AND VALUES","BOARD VICE PRESIDENT"
"VICE REGENT","VICE REGENT","BOARD VICE PRESIDENT"
