"title.standard","old.category","old.label","new.category","new.label"
"ALTERNATE","non-job title","xxx","non-job title","none"
"AMBASSADOR","non-job title","xxx","non-job title","none"
"ASSISTANT CEO","operations","administration","executive","general management"
"ASSISTANT CHIEF","","","industry-specific","public safety"
"ASSISTANT DIRECTOR OF MARKETING","operations","marketing-sales","operations","marketing and communications"
"ASSOCIATE CEO","operations","administration","executive","general management"
"BARTENDER","operations","hospitality","industry-specific","hospitality"
"BOARD MEMBER","board","board","governance","board"
"BOARD PRESIDENT","board","board","governance","board"
"BOARD SECRETARY","board","board","governance","board"
"BOARD TREASURER","board","board","governance","board"
"BOARD VICE PRESIDENT","board","board","governance","board"
"CAO","operations","","operations","administration"
"CARETAKER","","","operations","facilities"
"CEO","operations","administration","executive","general management"
"CHAPLAIN","industry-specific","religious","industry-specific","religion"
"CHEF","xxx","xxx","industry-specific","hospitality"
"CHIEF","xxx","xxx","non-job title","none"
"CHIEF CONTENT OFFICER","industry-specific","marketing-sales","operations","marketing and communications"
"CHIEF ENGAGEMENT OFFICER","operations","comms-pr","operations","marketing and communications"
"CHIEF IMAM","industry-specific","religious","industry-specific","religion"
"CHIEF INSIGHTS OFFICER","operations","administration","executive","general management"
"CHIEF LEARNING OFFICER","operations","education","industry-specific","education"
"CHIEF MARKETING OFFICER","operations","marketing-sales","operations","marketing and communications"
"CHIEF MARSHAL","industry-specific","xxx","industry-specific","military"
"CHIEF MECHANICAL OFFICER","operations","engineering and architecture","industry-specific","engineering and architecture"
"CHIEF OFFICER","operations","administration","executive","general management"
"CHIEF OPERATING OFFICER","operations","administration","executive","general management"
"CHIEF PARTNERSHIP OFFICER","operations","comms-pr","operations","marketing and communications"
"CHIEF RELATIONS OFFICER","operations","comms-pr","operations","marketing and communications"
"CIVIC DIRECTOR","industry-specific (operations?)","comms-pr","operations","programs and events"
"CMO","operations","marketing-pr","operations","marketing and communications"
"CO-CEO","operations","administration","executive","general management"
"COMMISSIONER","xxx","xxx","non-job title","none"
"COMMUNICATIONS","operations","comms-pr","operations","marketing and communications"
"COMMUNITY RELATIONS","operations","comms-pr","operations","marketing and communications"
"CONCESSIONS","","","industry-specific","hospitality"
"COO","operations","administration","executive","general management"
"DEPUTY CEO","operations","administration","executive","general management"
"DEPUTY CHIEF","","","industry-specific","public safety"
"DEPUTY DIRECTOR","operations","administration","executive","general management"
"DIRECTOR OF COMMUNICATIONS","operations","comms-pr","operations","marketing and communications"
"DIRECTOR OF CONTENT","","","operations","marketing and communications"
"DIRECTOR OF CORPORATE X","","","operations","business development"
"DIRECTOR OF ENGAGEMENT","","","operations","marketing and communications"
"DIRECTOR OF ENGINEERING","operations","engineering and architecture","industry-specific","engineering and architecture"
"DIRECTOR OF EXTERNAL AFFAIRS","operations","comms-pr","operations","marketing and communications"
"DIRECTOR OF MARKETING","operations","marketing-sales","operations","marketing and communications"
"DIRECTOR OF MARKETING AND COMMUNICATIONS","","","operations","marketing and communications"
"DIRECTOR OF PUBLIC AFFAIRS","operations","comms-pr","operations","marketing and communications"
"DIRECTOR OF PUBLIC RELATIONS","operations","comms-pr","operations","marketing and communications"
"DIRECTOR OF PUBLICITY","operations","comms-pr","operations","marketing and communications"
"DIRECTOR OF SALES","operations","marketing-sales","operations","marketing and communications"
"DIRECTOR OF STRATEGY AND ENGAGEMENT","","","operations","business development"
"EDUCATION COORDINATOR","operations","education","industry-specific","education"
"ELDER","industry-specific","religious","industry-specific","religion"
"EMPLOYEE","operations","employee","operations","administration"
"EXECUTIVE ADMINISTRATION","operations","administration","executive","general management"
"EXECUTIVE CHEF","","","industry-specific","hospitality"
"EXECUTIVE DIRECTOR","operations","administration","executive","general management"
"EXECUTIVE SENIOR VICE PRESIDENT","operations","administration","executive","general management"
"EXECUTIVE VICE PRESIDENT","operations","administration","executive","general management"
"FINANCE AND ADMINISTRATION","","","operations","finance"
"FIRE CHIEF","industry-specific","","industry-specific","public safety"
"FIRE FIGHTER","industry-specific","","industry-specific","public safety"
"FOUNDER","operations","administration","executive","general management"
"GENERAL DIRECTOR","operations","administration","executive","general management"
"GIFT SHOP MANAGER","operations","marketing-sales","operations","marketing and communications"
"IMAM","industry-specific","religious","industry-specific","religion"
"INTERN","NA","NA","operations","administration"
"JUNIOR","","","non-job title","none"
"LIAISON","operations","comms-pr","operations","marketing and communications"
"MANAGING DIRECTOR","operations","administration","executive","general management"
"MARKETING","operations","marketing-sales","operations","marketing and communications"
"NA","NA","missing","non-job title","missing"
"ORGANIZATION DIRECTOR","operations","administration","executive","general management"
"OUTGOING","NA","xxx","non-job title","none"
"POLITICAL DIRECTOR","","","operations","programs and events"
"POLITICIAN","","","non-job title","none"
"PRESIDENT","operations","administration","executive","general management"
"PRINCIPAL","xxx","xxx","industry-specific","education"
"PUBLIC RELATIONS","operations","comms-pr","operations","marketing and communications"
"PUBLIC RELATIONS ASSOCIATE","operations","comms-pr","operations","marketing and communications"
"REGIONAL VICE PRESIDENT","operations","administration","executive","general management"
"SECRETARY GENERAL","operations","administration","executive","general management"
"SENIOR DIRECTOR OF PROGRAMS","industry-specific","programs and events","operations","programs and events"
"SENIOR EXECUTIVE VICE PRESIDENT","operations","administration","executive","general management"
"SENIOR VICE PRESIDENT","operations","administration","executive","general management"
"SENIOR VICE PRESIDENT OF HOUSING OPERATIONS","operations","administration","industry-specific","housing"
"SENIOR VICE PRESIDENT OF OPERATIONS","operations","administration","executive","general management"
"SUPERINTENDENT","operations","administration","industry-specific","education"
"VICE CEO","operations","administration","executive","general management"
"VICE PRESIDENT","operations","administration","executive","general management"
"VICE PRESIDENT AND CIO","","","operations","technology"
"VICE PRESIDENT OF BUSINESS OPERATIONS","operations","administration","executive","general management"
"VICE PRESIDENT OF COMMUNICATIONS","operations","comms-pr","operations","marketing and communications"
"VICE PRESIDENT OF COMMUNICATIONS AND OPERATIONS","","","executive","general management"
"VICE PRESIDENT OF COMMUNITY","","","operations","programs and events"
"VICE PRESIDENT OF CORPORATE RECORDS","operations","comms-pr","operations","marketing and communications"
"VICE PRESIDENT OF EDUCATION AND GUEST EXPERIENCE","","","industry-specific","education"
"VICE PRESIDENT OF EXTERNAL AFFAIRS","operations","comms-pr","operations","marketing and communications"
"VICE PRESIDENT OF FINANCE AND ADMINISTRATION","","","operations","finance"
"VICE PRESIDENT OF GOVERNMENT AFFAIRS","operations","comms-pr","operations","marketing and communications"
"VICE PRESIDENT OF HOUSING","operations","facilities","industry-specific","housing"
"VICE PRESIDENT OF HOUSING OPERATIONS","industry-specific","","industry-specific","housing"
"VICE PRESIDENT OF LENDING","","","operations","finance"
"VICE PRESIDENT OF MARKETING","operations","marketing-sales","operations","marketing and communications"
"VICE PRESIDENT OF MARKETING AND COMMUNICATIONS","","","operations","marketing and communications"
"VICE PRESIDENT OF MARKETING AND PUBLICITY","","","operations","marketing and communications"
"VICE PRESIDENT OF OPERATIONS","operations","administration","executive","general management"
"VICE PRESIDENT OF PUBLIC RELATIONS","operations","comms-pr","operations","marketing and communications"
"VICE PRESIDENT OF PUBLICITY","operations","comms-pr","operations","marketing and communications"
"VICE PRESIDENT OF SALES","operations","marketing-sales","operations","marketing and communications"
"VICE PRESIDENT OF SALES AND MARKETING","operations","marketing-sales","operations","marketing and communications"
"VOLUNTEER","operations","employee","operations","administration"
