"domain.category","domain.label","description"
"executive","general management","top staff leadership and general-management officers"
"governance","board","board members and board officers"
"operations","administration","a support function found in any organization"
"operations","business development","a support function found in any organization"
"operations","facilities","a support function found in any organization"
"operations","finance","a support function found in any organization"
"operations","fundraising and membership","a support function found in any organization"
"operations","human resources","a support function found in any organization"
"operations","legal","a support function found in any organization"
"operations","marketing and communications","a support function found in any organization"
"operations","programs and events","a support function found in any organization"
"operations","research and development","a support function found in any organization"
"operations","technology","a support function found in any organization"
"operations","writers and editors","a support function found in any organization"
"industry-specific","arts and history","work specific to the organization's field"
"industry-specific","education","work specific to the organization's field"
"industry-specific","engineering and architecture","work specific to the organization's field"
"industry-specific","higher education","work specific to the organization's field"
"industry-specific","hospitality","work specific to the organization's field"
"industry-specific","housing","work specific to the organization's field"
"industry-specific","medical","work specific to the organization's field"
"industry-specific","military","work specific to the organization's field"
"industry-specific","public safety","work specific to the organization's field"
"industry-specific","recreation and sports","work specific to the organization's field"
"industry-specific","religion","work specific to the organization's field"
"industry-specific","social services","work specific to the organization's field"
"industry-specific","utilities","work specific to the organization's field"
"non-job title","missing","no title, or boilerplate in place of one"
"non-job title","none","not a job title"
