"title.standard","emp.level","board.role","rule","collapsed_into"
"ACCOUNTANT","PROFESSIONAL","","spec: non-managerial job often reported for its pay",""
"ACCOUNTING DIRECTOR","MANAGER","","dir.vp: director",""
"ACTOR","PROFESSIONAL","","spec: non-managerial job often reported for its pay",""
"ADMINISTRATION DIRECTOR","MANAGER","","dir.vp: director",""
"ADMINISTRATION OFFICER","STAFF","","spec flag",""
"ADMINISTRATIVE ASSISTANT","STAFF","","spec flag",""
"ADMINISTRATOR","MANAGER","","mgr flag",""
"ADOPTION COUNSELOR","STAFF","","spec flag",""
"ADVISOR","STAFF","","spec flag",""
"ADVISORY BOARD","","MEMBER","board flag","BOARD MEMBER"
"ALTERNATE","","","",""
"AMBASSADOR","","","",""
"ANALYST","STAFF","","spec flag",""
"ARCHITECT","PROFESSIONAL","","spec: non-managerial job often reported for its pay",""
"ARCHIVES DIRECTOR","MANAGER","","dir.vp: director",""
"ARCHIVIST","STAFF","","spec flag",""
"ARTIST","STAFF","","spec flag",""
"ARTISTIC DIRECTOR","MANAGER","","dir.vp: director",""
"ARTISTIC LIAISON","STAFF","","spec flag",""
"ASSISTANT","STAFF","","spec flag",""
"ASSISTANT BUSINESS AGENT","PROFESSIONAL","","spec: non-managerial job often reported for its pay",""
"ASSISTANT CEO","OFFICER","","c.level flag",""
"ASSISTANT CHIEF","MANAGER","","fire or uniformed officer",""
"ASSISTANT CLERK","STAFF","","spec flag",""
"ASSISTANT CURATOR","STAFF","","spec flag",""
"ASSISTANT DIRECTOR","MANAGER","","dir.vp: director",""
"ASSISTANT DIRECTOR OF MARKETING","MANAGER","","dir.vp: director",""
"ASSISTANT REGISTRAR","STAFF","","spec flag",""
"ASSISTANT SECRETARY","STAFF","","spec flag",""
"ASSISTANT TREASURER","","TREASURER","treas flag","BOARD TREASURER"
"ASSISTANT VICE PRESIDENT","MANAGER","","below vice president",""
"ASSOCIATE ARTISTIC DIRECTOR","MANAGER","","dir.vp: director",""
"ASSOCIATE CEO","OFFICER","","c.level flag",""
"ASSOCIATE DEAN","MANAGER","","dir.vp: director",""
"ASSOCIATE DIRECTOR","MANAGER","","dir.vp: director",""
"ASSOCIATE MEMBER","","MEMBER","board flag","BOARD MEMBER"
"ASSOCIATE VICE PRESIDENT","MANAGER","","below vice president",""
"ATHLETE","PROFESSIONAL","","spec: non-managerial job often reported for its pay",""
"ATTORNEY","PROFESSIONAL","","spec: non-managerial job often reported for its pay",""
"AUDITOR","PROFESSIONAL","","spec: non-managerial job often reported for its pay",""
"BAND DIRECTOR","MANAGER","","dir.vp: director",""
"BOARD CHAIR","","CHAIR","presiding officer","BOARD PRESIDENT"
"BOARD MEMBER","","MEMBER","board flag",""
"BOARD PRESIDENT","","CHAIR","pres flag",""
"BOARD SECRETARY","","SECRETARY","sec flag",""
"BOARD SECRETARY TREASURER","","SECRETARY","sec flag","BOARD SECRETARY"
"BOARD TREASURER","","TREASURER","treas flag",""
"BOARD VICE PRESIDENT","","VICE CHAIR","vp flag",""
"BOARD VICE PRESIDENT TREASURER","","VICE CHAIR","vp flag","BOARD VICE PRESIDENT"
"BOOKKEEPER","STAFF","","spec flag",""
"BUSINESS ADVISOR","STAFF","","spec flag",""
"BUSINESS AGENT","PROFESSIONAL","","spec: non-managerial job often reported for its pay",""
"BUSINESS GAENT","PROFESSIONAL","","spec: non-managerial job often reported for its pay",""
"BUSINESS MANAGER","STAFF","","spec flag",""
"BUSINESS REPRESENTATIVE","PROFESSIONAL","","spec: non-managerial job often reported for its pay",""
"CAO","OFFICER","","c.level flag",""
"CAPTAIN","MANAGER","","fire or uniformed officer",""
"CARETAKER","STAFF","","spec flag",""
"CAUCUS COUNCILOR","","MEMBER","board flag","BOARD MEMBER"
"CEO","CEO","","ceo flag",""
"CO-CEO","CEO","","ceo flag",""
"EXECUTIVE DIRECTOR","CEO","","ceo flag",""
"EXECUTIVE ADMINISTRATION","OFFICER","","c.level flag",""
"GENERAL DIRECTOR","CEO","","ceo flag",""
"MANAGING DIRECTOR","OFFICER","","c.level flag",""
"ORGANIZATION DIRECTOR","OFFICER","","c.level flag",""
"CHIEF FINANCIAL OFFICER","OFFICER","","c.level flag",""
"CFO","OFFICER","","c.level flag",""
"CHAPLAIN","STAFF","","spec flag",""
"CHEF","STAFF","","a job with no flags",""
"CHIEF","","","",""
"CHIEF ACADEMICS OFFICER","OFFICER","","c.level flag",""
"CHIEF ACCOUNTANT","MANAGER","","mgr flag",""
"CHIEF ADMINISTRATION OFFICER","OFFICER","","c.level flag",""
"CHIEF ADMINISTRATIVE OFFICER","OFFICER","","c.level flag",""
"CHIEF ADVANCEMENT OFFICER","OFFICER","","c.level flag",""
"CHIEF ARCHITECT","MANAGER","","mgr flag",""
"CHIEF ARTISTIC OFFICER","OFFICER","","c.level flag",""
"CHIEF BUSINESS DEVELOPMENT OFFICER","OFFICER","","c.level flag",""
"CHIEF CIVIC PROGRAMS OFFICER","OFFICER","","c.level flag",""
"CHIEF CLERK","MANAGER","","mgr flag",""
"CHIEF CLINICAL OFFICER","OFFICER","","c.level flag",""
"CHIEF COLLECTIONS OFFICER","OFFICER","","c.level flag",""
"CHIEF CONTENT OFFICER","OFFICER","","c.level flag",""
"CHIEF CURATOR","OFFICER","","c.level flag",""
"CHIEF DEVELOPMENT OFFICER","OFFICER","","c.level flag",""
"CHIEF DIGITAL OFFICER","OFFICER","","c.level flag",""
"CHIEF ENGAGEMENT OFFICER","OFFICER","","c.level flag",""
"CHIEF HISTORIAN","OFFICER","","c.level flag",""
"CHIEF HUMAN RESOURCES OFFICER","OFFICER","","c.level flag",""
"CHIEF IMAM","MANAGER","","mgr flag",""
"CHIEF INFORMATION OFFICER","OFFICER","","c.level flag",""
"CHIEF INNOVATION OFFICER","OFFICER","","c.level flag",""
"CHIEF INSIGHTS OFFICER","OFFICER","","c.level flag",""
"CHIEF INSTITUTIONAL ADVANCEMENT OFFICER","OFFICER","","c.level flag",""
"CHIEF INVESTMENT OFFICER","OFFICER","","c.level flag",""
"CHIEF LEARNING OFFICER","OFFICER","","c.level flag",""
"CHIEF LEGAL OFFICER","OFFICER","","c.level flag",""
"CHIEF MARKETING OFFICER","OFFICER","","c.level flag",""
"CHIEF MARSHAL","MANAGER","","mgr flag",""
"CHIEF MECHANICAL OFFICER","OFFICER","","c.level flag",""
"CHIEF MEDICAL OFFICER","OFFICER","","c.level flag",""
"CHIEF NURSING OFFICER","OFFICER","","c.level flag",""
"CHIEF OF STAFF","MANAGER","","mgr flag",""
"CHIEF OPERATING OFFICER","OFFICER","","c.level flag",""
"CHIEF PARTNERSHIP OFFICER","OFFICER","","c.level flag",""
"CHIEF PHILANTHROPY OFFICER","OFFICER","","c.level flag",""
"CHIEF PROGRAMS OFFICER","OFFICER","","c.level flag",""
"CHIEF RELATIONS OFFICER","OFFICER","","c.level flag",""
"CHIEF SCIENTIFIC OFFICER","OFFICER","","c.level flag",""
"CHIEF STRATEGY OFFICER","OFFICER","","c.level flag",""
"CHIEF SUSTAINABILITY OFFICER","OFFICER","","c.level flag",""
"CHIEF TECHNOLOGY OFFICER","OFFICER","","c.level flag",""
"CIVIC DIRECTOR","MANAGER","","dir.vp: director",""
"CLERK","STAFF","","spec flag",""
"CLINICAL DIRECTOR","MANAGER","","dir.vp: director",""
"CLUB MANAGER","MANAGER","","mgr flag",""
"CMO","OFFICER","","c.level flag",""
"COLLECTIONS","STAFF","","spec flag",""
"COLLECTIONS MANAGER","MANAGER","","mgr flag",""
"COMMISSIONER","","","",""
"COMMITTEE CHAIR","","MEMBER","board flag","BOARD MEMBER"
"COMMODO","","CHAIR","P2: presiding officer of a club or lodge","BOARD PRESIDENT"
"COMMUNICATIONS","STAFF","","spec flag",""
"COMMUNITY RELATIONS","STAFF","","spec flag",""
"COMPLIANCE DIRECTOR","MANAGER","","dir.vp: director",""
"COMPLIANCE OFFICER","STAFF","","spec flag",""
"COMPOSER","PROFESSIONAL","","spec: non-managerial job often reported for its pay",""
"COMPTROLLER","MANAGER","","finance manager, not staff",""
"CONCESSIONS","STAFF","","a job with no flags",""
"CONDUCTOR","PROFESSIONAL","","spec: non-managerial job often reported for its pay",""
"CONSULTANT","STAFF","","spec flag",""
"CONTRACT COMPLIANCE","STAFF","","spec flag",""
"CONTRACTOR TRUSTEE","","MEMBER","board flag","BOARD MEMBER"
"COO","OFFICER","","c.level flag",""
"COORDINATOR","STAFF","","spec flag",""
"CORPORATE SECRETARY","OFFICER","","officer title",""
"COUNCIL CHAIR","","CHAIR","presiding officer","BOARD PRESIDENT"
"COUNCIL PRESIDENT","","CHAIR","presiding officer","BOARD PRESIDENT"
"COUNCILMAN","","MEMBER","board flag","BOARD MEMBER"
"COUNSELOR","STAFF","","spec flag",""
"CREATIVE DIRECTOR","MANAGER","","dir.vp: director",""
"CURATOR","PROFESSIONAL","","spec: non-managerial job often reported for its pay",""
"CUSTODIAN","STAFF","","spec flag",""
"DEACON","STAFF","","spec flag",""
"DEAN","MANAGER","","dir.vp: director",""
"DEPUTY CEO","OFFICER","","c.level flag",""
"DEPUTY CHIEF","MANAGER","","fire or uniformed officer",""
"DEPUTY DIRECTOR","OFFICER","","dir.vp: vice president or deputy",""
"DEPUTY GRAND","","VICE CHAIR","P2: vice officer of a club, lodge or chapter","BOARD VICE PRESIDENT"
"DEPUTY GRAND KNIGHT","","VICE CHAIR","P2: vice officer of a club, lodge or chapter","BOARD VICE PRESIDENT"
"DEVELOPMENT","STAFF","","spec flag",""
"DEVELOPMENT MANAGER","MANAGER","","mgr flag",""
"DEVELOPMENT OFFICER","STAFF","","spec flag",""
"DIRECTOR","MANAGER","","dir.vp: director",""
"DIRECTOR ALUMNA","","MEMBER","P2: ritual or club officer","BOARD MEMBER"
"DIRECTOR OF ACADEMICS","MANAGER","","dir.vp: director",""
"DIRECTOR OF ACQUISITIONS","MANAGER","","dir.vp: director",""
"DIRECTOR OF ADMINISTRATION","OFFICER","","dir.vp: August evidence routes up",""
"DIRECTOR OF ADVANCEMENT","OFFICER","","dir.vp: August evidence routes up",""
"DIRECTOR OF BUDGET AND ANALYTICS","MANAGER","","dir.vp: director",""
"DIRECTOR OF BUSINESS","MANAGER","","dir.vp: director",""
"DIRECTOR OF BUSINESS DEVELOPMENT","MANAGER","","dir.vp: director",""
"DIRECTOR OF COLLECTIONS","MANAGER","","dir.vp: director",""
"DIRECTOR OF COMMITTEE","","MEMBER","board flag","BOARD MEMBER"
"DIRECTOR OF COMMUNICATIONS","MANAGER","","dir.vp: director",""
"DIRECTOR OF CONTENT","MANAGER","","dir.vp: director",""
"DIRECTOR OF CORPORATE X","MANAGER","","dir.vp: director",""
"DIRECTOR OF DEVELOPMENT","MANAGER","","dir.vp: director",""
"DIRECTOR OF EDUCATION","MANAGER","","dir.vp: director",""
"DIRECTOR OF ENGAGEMENT","MANAGER","","dir.vp: director",""
"DIRECTOR OF ENGINEERING","MANAGER","","dir.vp: director",""
"DIRECTOR OF EVENTS","MANAGER","","dir.vp: director",""
"DIRECTOR OF EXHIBITIONS","MANAGER","","dir.vp: director",""
"DIRECTOR OF EXTERNAL AFFAIRS","MANAGER","","dir.vp: director",""
"DIRECTOR OF FACILITIES","MANAGER","","dir.vp: director",""
"DIRECTOR OF FINANCE","MANAGER","","dir.vp: director",""
"DIRECTOR OF FINANCE AND ADMINISTRATION","OFFICER","","dir.vp: August evidence routes up",""
"DIRECTOR OF FINANCE AND OPERATIONS","MANAGER","","dir.vp: director",""
"DIRECTOR OF FUNDRAISING","MANAGER","","dir.vp: director",""
"DIRECTOR OF HUMAN RESOURCES","MANAGER","","dir.vp: director",""
"DIRECTOR OF INFORMATION TECHNOLOGY","MANAGER","","dir.vp: director",""
"DIRECTOR OF LEGAL AFFAIRS","MANAGER","","dir.vp: director",""
"DIRECTOR OF LEGISLATIVE AFFAIRS","MANAGER","","dir.vp: director",""
"DIRECTOR OF MAJOR GIFTS","MANAGER","","dir.vp: director",""
"DIRECTOR OF MARKETING","MANAGER","","dir.vp: director",""
"DIRECTOR OF MARKETING AND COMMUNICATIONS","MANAGER","","dir.vp: director",""
"DIRECTOR OF MEMBERSHIP","MANAGER","","dir.vp: director",""
"DIRECTOR OF MUSIC","MANAGER","","dir.vp: director",""
"DIRECTOR OF NURSING","MANAGER","","dir.vp: director",""
"DIRECTOR OF OPERATIONS","MANAGER","","dir.vp: director",""
"DIRECTOR OF PRODUCTION","MANAGER","","dir.vp: director",""
"DIRECTOR OF PROGRAMS","MANAGER","","dir.vp: director",""
"DIRECTOR OF PUBLIC AFFAIRS","MANAGER","","dir.vp: director",""
"DIRECTOR OF PUBLIC RELATIONS","MANAGER","","dir.vp: director",""
"DIRECTOR OF PUBLICITY","MANAGER","","dir.vp: director",""
"DIRECTOR OF RESEARCH","MANAGER","","dir.vp: director",""
"DIRECTOR OF RISK MANAGEMENT","MANAGER","","dir.vp: director",""
"DIRECTOR OF SALES","MANAGER","","dir.vp: director",""
"DIRECTOR OF SECURITY","MANAGER","","dir.vp: director",""
"DIRECTOR OF STRATEGY AND ENGAGEMENT","MANAGER","","dir.vp: director",""
"DIRECTOR OF TECHNOLOGY","MANAGER","","dir.vp: director",""
"DIRECTOR VICE CHAIR","","VICE CHAIR","P2: vice officer of a club, lodge or chapter","BOARD VICE PRESIDENT"
"DIVISION DIRECTOR","MANAGER","","dir.vp: director",""
"DOCTOR","PROFESSIONAL","","spec: non-managerial job often reported for its pay",""
"EDITOR","STAFF","","spec flag",""
"EDITOR IN CHIEF","OFFICER","","dir.vp: August evidence routes up",""
"EDUCATION","STAFF","","spec flag",""
"EDUCATION COORDINATOR","STAFF","","spec flag",""
"EDUCATION INSTRUCTOR","STAFF","","spec flag",""
"EDUCATION MN","STAFF","","spec flag",""
"EDUCATOR","STAFF","","spec flag",""
"ELDER","STAFF","","spec flag",""
"EMPLOYEE","STAFF","","spec flag",""
"ENDOWMENTS","STAFF","","spec flag",""
"ENGINEER","STAFF","","spec flag",""
"EVENT COORDINATOR","STAFF","","spec flag",""
"EVENTS","STAFF","","spec flag",""
"EXECUTIVE","","","",""
"EXECUTIVE ARTISTIC DIRECTOR","OFFICER","","co-head of an arts organization",""
"EXECUTIVE ASSISTANT","STAFF","","spec flag",""
"EXECUTIVE CHEF","STAFF","","a job with no flags",""
"EXECUTIVE EDITOR","MANAGER","","mgr flag",""
"EXECUTIVE PRODUCER","MANAGER","","dir.vp: director",""
"EXECUTIVE SECRETARY","STAFF","","spec flag",""
"EXECUTIVE SENIOR VICE PRESIDENT","OFFICER","","emp without a level",""
"EXECUTIVE VICE PRESIDENT","OFFICER","","dir.vp: vice president or deputy",""
"FACILITIES","STAFF","","spec flag",""
"FACULTY","PROFESSIONAL","","spec: non-managerial job often reported for its pay",""
"FACULTY REPRESENTATIVE","","MEMBER","board flag","BOARD MEMBER"
"FIELD DIRECTOR","MANAGER","","dir.vp: director",""
"FIELD REPRESENTATIVE","STAFF","","spec flag",""
"FINANCE","STAFF","","spec flag",""
"FINANCE ADVISOR","STAFF","","spec flag",""
"FINANCE AND ADMINISTRATION","STAFF","","spec flag",""
"FINANCE MANAGER","MANAGER","","mgr flag",""
"FINANCE OFFICER","MANAGER","","finance manager, not staff",""
"FINANCIAL SECRETARY","STAFF","","spec flag",""
"FIRE CHIEF","OFFICER","","emp without a level",""
"FIRE FIGHTER","STAFF","","spec flag",""
"FLEET CAPTAIN","","MEMBER","P2: ritual or club officer","BOARD MEMBER"
"FOUNDATION MANAGER","MANAGER","","mgr flag",""
"FOUNDER","OFFICER","","officer title",""
"FOUNDING ARTISTIC DIRECTOR","OFFICER","","co-head of an arts organization",""
"FUND ADMINISTRATOR","MANAGER","","mgr flag",""
"FUNDRAISING","STAFF","","spec flag",""
"GARDEN DIRECTOR","MANAGER","","dir.vp: director",""
"GENEALOGIST","STAFF","","spec flag",""
"GENERAL COUNSEL","OFFICER","","c.level flag",""
"GENERAL MANAGER","MANAGER","","mgr flag",""
"GIFT SHOP MANAGER","MANAGER","","mgr flag",""
"GOVERNANCE","","MEMBER","board domain","BOARD MEMBER"
"GUARD","STAFF","","spec flag",""
"GUILD PRESIDENT","","CHAIR","P2: presiding officer of a club or lodge","BOARD PRESIDENT"
"HEAD TEACHER","MANAGER","","mgr flag",""
"HISTORIAN","PROFESSIONAL","","spec: non-managerial job often reported for its pay",""
"HOSPITALITY","STAFF","","spec flag",""
"HUMAN RESOURCES","STAFF","","spec flag",""
"IMAM","STAFF","","spec flag",""
"INCORPORATOR","","MEMBER","board flag","BOARD MEMBER"
"INDUSTRY REPRESENTATIVE","STAFF","","spec flag",""
"INFORMATION OFFICER","STAFF","","spec flag",""
"INFORMATION TECHNOLOGY MANAGER","MANAGER","","mgr flag",""
"INSTRUCTOR","STAFF","","spec flag",""
"INTERN","STAFF","","a job with no flags",""
"INVESTMENT OFFICER","PROFESSIONAL","","spec: non-managerial job often reported for its pay",""
"JANITOR","STAFF","","spec flag",""
"JUDGE ADVOCATE","PROFESSIONAL","","spec: non-managerial job often reported for its pay",""
"JUNIOR","","","",""
"JUNIOR DIRECTOR","MANAGER","","dir.vp: director",""
"JUNIOR VICE COMMITTEE","","MEMBER","board flag","BOARD MEMBER"
"JUNIOR VICE PRESIDENT","MANAGER","","below vice president",""
"LABOR RELATIONS COMMITTEE","","MEMBER","board flag","BOARD MEMBER"
"LAWYER","PROFESSIONAL","","spec: non-managerial job often reported for its pay",""
"LECTURER","PROFESSIONAL","","spec: non-managerial job often reported for its pay",""
"LEGAL ADVISOR","PROFESSIONAL","","spec: non-managerial job often reported for its pay",""
"LEGISLATIVE","STAFF","","spec flag",""
"LIAISON","STAFF","","spec flag",""
"LIBRARIAN","STAFF","","spec flag",""
"LIBRARY DIRECTOR","MANAGER","","dir.vp: director",""
"LIEUTENANT","MANAGER","","fire or uniformed officer",""
"MAINTENANCE","STAFF","","spec flag",""
"MANAGER","MANAGER","","mgr flag",""
"MANAGER OF OPERATIONS","MANAGER","","mgr flag",""
"MARKETING","STAFF","","spec flag",""
"MARSHAL","OFFICER","","c.level flag",""
"MEDICAL DIRECTOR","MANAGER","","dir.vp: director",""
"MEDICAL EXAMINING BOARD","","MEMBER","board flag","BOARD MEMBER"
"MEDICAL OFFICER","PROFESSIONAL","","a physician, not a manager",""
"MEMBERSHIP","STAFF","","spec flag",""
"MEMBERSHIP COORDINATOR","STAFF","","spec flag",""
"MILITARY","STAFF","","spec flag",""
"MUSEUM DIRECTOR","CEO","","ceo flag",""
"MUSIC DIRECTOR","MANAGER","","dir.vp: director",""
"MUSICIAN","PROFESSIONAL","","spec: non-managerial job often reported for its pay",""
"NA","","","",""
"NURSE","PROFESSIONAL","","spec: non-managerial job often reported for its pay",""
"OFFICE ADMINISTRATOR","MANAGER","","mgr flag",""
"OFFICE MANAGER","MANAGER","","mgr flag",""
"OFFICER MANAGER","MANAGER","","mgr flag",""
"OPERATIONS","STAFF","","spec flag",""
"OPERATIONS MANAGER","MANAGER","","mgr flag",""
"ORGANIZER","STAFF","","spec flag",""
"ORIENTAL GUIDE","","MEMBER","P2: ritual or club officer","BOARD MEMBER"
"OUTGOING","","","",""
"OUTREACH DIRECTOR","MANAGER","","dir.vp: director",""
"OUTREACH MANAGER","MANAGER","","mgr flag",""
"PASTOR","CEO","","ceo flag",""
"PERSONNEL CHAIR","","MEMBER","board flag","BOARD MEMBER"
"PHILANTHROPY","STAFF","","spec flag",""
"POLITICAL DIRECTOR","MANAGER","","dir.vp: director",""
"POLITICIAN","","","",""
"POST COMMANDER","CEO","","ceo flag",""
"PRELATE","STAFF","","spec flag",""
"PRESIDENT","CEO","","ceo flag",""
"PRESIDENT OF MEDICAL STAFF","PROFESSIONAL","","spec: non-managerial job often reported for its pay",""
"PRESIDENT TREASURER","","CHAIR","presiding officer","BOARD PRESIDENT"
"PRINCIPAL","CEO","","ceo flag",""
"PRODUCER","STAFF","","spec flag",""
"PRODUCING DIRECTOR","OFFICER","","co-head of an arts organization",""
"PRODUCTION","STAFF","","spec flag",""
"PRODUCTION ASSISTANT","STAFF","","spec flag",""
"PRODUCTION MANAGER","MANAGER","","mgr flag",""
"PROFESSOR","PROFESSIONAL","","spec: non-managerial job often reported for its pay",""
"PROGRAMMING","STAFF","","spec flag",""
"PROGRAMS","STAFF","","spec flag",""
"PROGRAMS COORDINATOR","STAFF","","spec flag",""
"PROGRAMS DIRECTOR","MANAGER","","dir.vp: director",""
"PROGRAMS MANAGER","MANAGER","","mgr flag",""
"PROGRAMS OFFICER","STAFF","","spec flag",""
"PROGRAMS VICE PRESIDENT","OFFICER","","dir.vp: vice president or deputy",""
"PROJECT MANAGER","MANAGER","","mgr flag",""
"PROJECTS DIRECTOR","MANAGER","","dir.vp: director",""
"PROVOST","OFFICER","","c.level flag",""
"PUBLIC RELATIONS","STAFF","","spec flag",""
"PUBLIC RELATIONS ASSOCIATE","STAFF","","spec flag",""
"PUBLIC SAFETY","STAFF","","spec flag",""
"PUBLISHER","STAFF","","spec flag",""
"RECRUITMENT","STAFF","","spec flag",""
"REGIONAL DIRECTOR","MANAGER","","dir.vp: director",""
"REGIONAL MANAGER","MANAGER","","mgr flag",""
"REGIONAL VICE PRESIDENT","OFFICER","","dir.vp: vice president or deputy",""
"REGISTRAR","STAFF","","spec flag",""
"REPRESENTATIVE","","MEMBER","board flag","BOARD MEMBER"
"SCHOLARSHIPS","STAFF","","spec flag",""
"SCOUT EXECUTIVE","CEO","","chief executive of a scout council",""
"SECRETARY","STAFF","","spec flag",""
"SECRETARY GENERAL","OFFICER","","c.level flag",""
"SENIOR CURATOR","PROFESSIONAL","","spec: non-managerial job often reported for its pay",""
"SENIOR DIRECTOR OF DEVELOPMENT","MANAGER","","dir.vp: director",""
"SENIOR DIRECTOR OF OPERATIONS","MANAGER","","dir.vp: director",""
"SENIOR DIRECTOR OF PROGRAMS","MANAGER","","dir.vp: director",""
"SENIOR DIRECTOR OF STRATEGY AND ENGAGEMENT","MANAGER","","dir.vp: director",""
"SENIOR EDITOR","STAFF","","spec flag",""
"SENIOR EXECUTIVE VICE PRESIDENT","OFFICER","","dir.vp: vice president or deputy",""
"SENIOR INSTRUCTOR","STAFF","","spec flag",""
"SENIOR PROGRAMS OFFICER","MANAGER","","mgr flag",""
"SENIOR VICE PRESIDENT","OFFICER","","dir.vp: vice president or deputy",""
"SENIOR VICE PRESIDENT OF ADVANCEMENT","OFFICER","","dir.vp: vice president or deputy",""
"SENIOR VICE PRESIDENT OF BUSINESS DEVELOPMENT","OFFICER","","dir.vp: vice president or deputy",""
"SENIOR VICE PRESIDENT OF FINANCE","OFFICER","","dir.vp: vice president or deputy",""
"SENIOR VICE PRESIDENT OF FINANCE AND ADMINISTRATION","OFFICER","","dir.vp: vice president or deputy",""
"SENIOR VICE PRESIDENT OF HOUSING OPERATIONS","OFFICER","","dir.vp: vice president or deputy",""
"SENIOR VICE PRESIDENT OF OPERATIONS","OFFICER","","dir.vp: vice president or deputy",""
"SENIOR VICE PRESIDENT OF PRODUCTION","OFFICER","","dir.vp: vice president or deputy",""
"SERGEANT AT ARM","","MEMBER","board flag","BOARD MEMBER"
"SERGEANT AT ARMS","","MEMBER","board flag","BOARD MEMBER"
"SOCIAL","STAFF","","spec flag",""
"SOCIAL WORKER","STAFF","","spec flag",""
"SPORTS","STAFF","","spec flag",""
"SPORTS DIRECTOR","MANAGER","","dir.vp: director",""
"STAFF","STAFF","","spec flag",""
"STAFF REPRESENTATIVE","PROFESSIONAL","","union staff, like a business agent",""
"STATION MANAGER","MANAGER","","mgr flag",""
"STRATEGY","STAFF","","spec flag",""
"STUDIO DIRECTOR","MANAGER","","dir.vp: director",""
"SUPERINTENDENT","CEO","","ceo flag",""
"SUPERVISOR","MANAGER","","mgr flag",""
"SUPERVISORY COMMITTEE","","MEMBER","board flag","BOARD MEMBER"
"SURGEON","PROFESSIONAL","","spec: non-managerial job often reported for its pay",""
"SURGEON GENERAL","MANAGER","","dir.vp: director",""
"TEACHER","STAFF","","spec flag",""
"TEAM LEADER","MANAGER","","mgr flag",""
"TECHNOLOGY","STAFF","","spec flag",""
"THERAPIST","PROFESSIONAL","","spec: non-managerial job often reported for its pay",""
"TRAINING","STAFF","","spec flag",""
"TRAINING DIRECTOR","MANAGER","","dir.vp: director",""
"TRAINING OFFICER","STAFF","","spec flag",""
"UNDERGRAD DIRECTOR","MANAGER","","dir.vp: director",""
"UNION REPRESENTATIVE","","MEMBER","board flag","BOARD MEMBER"
"VICE CEO","OFFICER","","c.level flag",""
"VICE CHAIR","","VICE CHAIR","vice chair","BOARD VICE PRESIDENT"
"VICE COMMANDER","","VICE CHAIR","P2: vice officer of a club, lodge or chapter","BOARD VICE PRESIDENT"
"VICE PRESIDENT","OFFICER","","dir.vp: vice president or deputy",""
"VICE PRESIDENT AND CIO","OFFICER","","emp without a level",""
"VICE PRESIDENT OF ACADEMICS","OFFICER","","dir.vp: vice president or deputy",""
"VICE PRESIDENT OF ACADEMICS AFFAIRS","OFFICER","","dir.vp: vice president or deputy",""
"VICE PRESIDENT OF ACQUISITIONS AND PROJECTS","OFFICER","","dir.vp: vice president or deputy",""
"VICE PRESIDENT OF ADMINISTRATION","OFFICER","","dir.vp: vice president or deputy",""
"VICE PRESIDENT OF ADVANCEMENT","OFFICER","","dir.vp: vice president or deputy",""
"VICE PRESIDENT OF ALUMNAE RELATIONS","","VICE CHAIR","P2: vice officer of a club, lodge or chapter","BOARD VICE PRESIDENT"
"VICE PRESIDENT OF BUSINESS DEVELOPMENT","OFFICER","","dir.vp: vice president or deputy",""
"VICE PRESIDENT OF BUSINESS OPERATIONS","OFFICER","","dir.vp: vice president or deputy",""
"VICE PRESIDENT OF COLLECTIONS","OFFICER","","dir.vp: vice president or deputy",""
"VICE PRESIDENT OF COMMITTEE RELATIONS","","VICE CHAIR","P2: vice officer of a club, lodge or chapter","BOARD VICE PRESIDENT"
"VICE PRESIDENT OF COMMUNICATIONS","OFFICER","","dir.vp: vice president or deputy",""
"VICE PRESIDENT OF COMMUNICATIONS AND OPERATIONS","OFFICER","","dir.vp: vice president or deputy",""
"VICE PRESIDENT OF COMMUNITY","OFFICER","","dir.vp: vice president or deputy",""
"VICE PRESIDENT OF CORPORATE RECORDS","OFFICER","","dir.vp: vice president or deputy",""
"VICE PRESIDENT OF CORRESPONDENCE","","VICE CHAIR","P2: vice officer of a club, lodge or chapter","BOARD VICE PRESIDENT"
"VICE PRESIDENT OF DEVELOPMENT","OFFICER","","dir.vp: vice president or deputy",""
"VICE PRESIDENT OF ECONOMIC DEVELOPMENT","OFFICER","","dir.vp: vice president or deputy",""
"VICE PRESIDENT OF EDUCATION","OFFICER","","dir.vp: vice president or deputy",""
"VICE PRESIDENT OF EDUCATION AND GUEST EXPERIENCE","OFFICER","","dir.vp: vice president or deputy",""
"VICE PRESIDENT OF EVENTS","OFFICER","","dir.vp: vice president or deputy",""
"VICE PRESIDENT OF EXHIBITS","OFFICER","","dir.vp: vice president or deputy",""
"VICE PRESIDENT OF EXTERNAL AFFAIRS","OFFICER","","dir.vp: vice president or deputy",""
"VICE PRESIDENT OF FACILITIES","OFFICER","","dir.vp: vice president or deputy",""
"VICE PRESIDENT OF FINANCE","OFFICER","","dir.vp: vice president or deputy",""
"VICE PRESIDENT OF FINANCE AND ADMINISTRATION","OFFICER","","dir.vp: vice president or deputy",""
"VICE PRESIDENT OF FINANCE AND OPERATIONS","OFFICER","","dir.vp: vice president or deputy",""
"VICE PRESIDENT OF FRATERNITY DEVELOPMENT","","VICE CHAIR","P2: vice officer of a club, lodge or chapter","BOARD VICE PRESIDENT"
"VICE PRESIDENT OF FUNDRAISING","OFFICER","","dir.vp: vice president or deputy",""
"VICE PRESIDENT OF GOVERNMENT AFFAIRS","OFFICER","","dir.vp: vice president or deputy",""
"VICE PRESIDENT OF HEALTH","OFFICER","","dir.vp: vice president or deputy",""
"VICE PRESIDENT OF HEALTH CARE OPERATIONS","OFFICER","","dir.vp: vice president or deputy",""
"VICE PRESIDENT OF HOSPITALITY","OFFICER","","dir.vp: vice president or deputy",""
"VICE PRESIDENT OF HOUSING","OFFICER","","dir.vp: vice president or deputy",""
"VICE PRESIDENT OF HOUSING OPERATIONS","OFFICER","","dir.vp: vice president or deputy",""
"VICE PRESIDENT OF HUMAN RESOURCES","OFFICER","","dir.vp: vice president or deputy",""
"VICE PRESIDENT OF INFORMATION TECHNOLOGY","OFFICER","","dir.vp: vice president or deputy",""
"VICE PRESIDENT OF INSTITUTIONAL ADVANCEMENT","OFFICER","","dir.vp: vice president or deputy",""
"VICE PRESIDENT OF LEGAL","OFFICER","","dir.vp: vice president or deputy",""
"VICE PRESIDENT OF LENDING","OFFICER","","dir.vp: vice president or deputy",""
"VICE PRESIDENT OF MARKETING","OFFICER","","dir.vp: vice president or deputy",""
"VICE PRESIDENT OF MARKETING AND COMMUNICATIONS","OFFICER","","dir.vp: vice president or deputy",""
"VICE PRESIDENT OF MARKETING AND PUBLICITY","OFFICER","","dir.vp: vice president or deputy",""
"VICE PRESIDENT OF MEDICAL AFFAIRS","OFFICER","","dir.vp: vice president or deputy",""
"VICE PRESIDENT OF MEMBER DEVELOPMENT","","VICE CHAIR","P2: vice officer of a club, lodge or chapter","BOARD VICE PRESIDENT"
"VICE PRESIDENT OF MEMBER EDUCATION","","VICE CHAIR","P2: vice officer of a club, lodge or chapter","BOARD VICE PRESIDENT"
"VICE PRESIDENT OF MEMBER RECRUITMENT","","VICE CHAIR","P2: vice officer of a club, lodge or chapter","BOARD VICE PRESIDENT"
"VICE PRESIDENT OF MEMBERSHIP","OFFICER","","dir.vp: vice president or deputy",""
"VICE PRESIDENT OF MEMBERSHIPS","OFFICER","","dir.vp: vice president or deputy",""
"VICE PRESIDENT OF MUSEUM EXPERIENCE","OFFICER","","dir.vp: vice president or deputy",""
"VICE PRESIDENT OF MUSIC","OFFICER","","dir.vp: vice president or deputy",""
"VICE PRESIDENT OF OPERATIONS","OFFICER","","dir.vp: vice president or deputy",""
"VICE PRESIDENT OF PHILANTHROPY","OFFICER","","dir.vp: vice president or deputy",""
"VICE PRESIDENT OF PRODUCTION","OFFICER","","dir.vp: vice president or deputy",""
"VICE PRESIDENT OF PROGRAMMING","OFFICER","","dir.vp: vice president or deputy",""
"VICE PRESIDENT OF PROGRAMS","OFFICER","","dir.vp: vice president or deputy",""
"VICE PRESIDENT OF PROJECTS","OFFICER","","dir.vp: vice president or deputy",""
"VICE PRESIDENT OF PUBLIC RELATIONS","OFFICER","","dir.vp: vice president or deputy",""
"VICE PRESIDENT OF PUBLICITY","OFFICER","","dir.vp: vice president or deputy",""
"VICE PRESIDENT OF REAL ESTATE DEVELOPMENT","OFFICER","","dir.vp: vice president or deputy",""
"VICE PRESIDENT OF RESEARCH","OFFICER","","dir.vp: vice president or deputy",""
"VICE PRESIDENT OF RISK MANAGEMENT","OFFICER","","dir.vp: vice president or deputy",""
"VICE PRESIDENT OF SALES","OFFICER","","dir.vp: vice president or deputy",""
"VICE PRESIDENT OF SALES AND MARKETING","OFFICER","","dir.vp: vice president or deputy",""
"VICE PRESIDENT OF SOFTBALL","","VICE CHAIR","P2: vice officer of a club, lodge or chapter","BOARD VICE PRESIDENT"
"VICE PRESIDENT OF STANDARDS AND VALUES","","VICE CHAIR","P2: vice officer of a club, lodge or chapter","BOARD VICE PRESIDENT"
"VICE PRESIDENT OF STRATEGY","OFFICER","","dir.vp: vice president or deputy",""
"VICE PRESIDENT OF TECHNOLOGY","OFFICER","","dir.vp: vice president or deputy",""
"VICE PRESIDENT OF UNIVERSITY ADVANCEMENT","OFFICER","","dir.vp: vice president or deputy",""
"VICE PRESIDENT OF VOLUNTEERS","OFFICER","","dir.vp: vice president or deputy",""
"VICE PRESIDENT SECRETARY","","VICE CHAIR","P2: vice officer of a club, lodge or chapter","BOARD VICE PRESIDENT"
"VICE REGENT","","VICE CHAIR","P2: vice officer of a club, lodge or chapter","BOARD VICE PRESIDENT"
"VOLUNTEER","STAFF","","spec flag",""
"VOLUNTEER COORDINATOR","STAFF","","spec flag",""
"VOLUNTEER DIRECTOR","MANAGER","","dir.vp: director",""
"WARDEN","STAFF","","spec flag",""
"WEBMASTER","STAFF","","spec flag",""
"WRITER","STAFF","","spec flag",""
"YOUTH DIRECTOR","MANAGER","","dir.vp: director",""
"COACH","PROFESSIONAL","","new standard; coach variants are left to the Part VII review (F-020)",""
