"title.standard","column","old","new","applied"
"COO","soc.label","General and Operations Managers","Chief Executives","2026-10-08"
"COO","broad.group","11-1020","11-1010","2026-10-08"
"COO","detailed.occupation","11-1021","11-1011","2026-10-08"
"PRESIDENT","soc.label","","Chief Executives","2026-10-08"
"PRESIDENT","major.group","","11","2026-10-08"
"PRESIDENT","minor.group","","11-1000","2026-10-08"
"PRESIDENT","broad.group","","11-1010","2026-10-08"
"PRESIDENT","detailed.occupation","","11-1011","2026-10-08"
"SCOUT EXECUTIVE","soc.label","","Chief Executives","2026-10-08"
"SCOUT EXECUTIVE","major.group","","11","2026-10-08"
"SCOUT EXECUTIVE","minor.group","","11-1000","2026-10-08"
"SCOUT EXECUTIVE","broad.group","","11-1010","2026-10-08"
"SCOUT EXECUTIVE","detailed.occupation","","11-1011","2026-10-08"
"DEPUTY CEO","soc.label","","Chief Executives","2026-10-08"
"DEPUTY CEO","major.group","","11","2026-10-08"
"DEPUTY CEO","minor.group","","11-1000","2026-10-08"
"DEPUTY CEO","broad.group","","11-1010","2026-10-08"
"DEPUTY CEO","detailed.occupation","","11-1011","2026-10-08"
"VICE CEO","soc.label","","Chief Executives","2026-10-08"
"VICE CEO","major.group","","11","2026-10-08"
"VICE CEO","minor.group","","11-1000","2026-10-08"
"VICE CEO","broad.group","","11-1010","2026-10-08"
"VICE CEO","detailed.occupation","","11-1011","2026-10-08"
"CHIEF OFFICER","soc.label","","General and Operations Managers","2026-10-08"
"CHIEF OFFICER","major.group","","11","2026-10-08"
"CHIEF OFFICER","minor.group","","11-1000","2026-10-08"
"CHIEF OFFICER","broad.group","","11-1020","2026-10-08"
"CHIEF OFFICER","detailed.occupation","","11-1021","2026-10-08"
"CHIEF ADMINISTRATIVE OFFICER","soc.label","General and Operations Managers","Administrative Services Managers","2026-10-08"
"CHIEF ADMINISTRATIVE OFFICER","minor.group","11-1000","11-3000","2026-10-08"
"CHIEF ADMINISTRATIVE OFFICER","broad.group","11-1020","11-3010","2026-10-08"
"CHIEF ADMINISTRATIVE OFFICER","detailed.occupation","11-1021","11-3012","2026-10-08"
"CHIEF ADMINISTRATION OFFICER","soc.label","","Administrative Services Managers","2026-10-08"
"CHIEF ADMINISTRATION OFFICER","major.group","","11","2026-10-08"
"CHIEF ADMINISTRATION OFFICER","minor.group","","11-3000","2026-10-08"
"CHIEF ADMINISTRATION OFFICER","broad.group","","11-3010","2026-10-08"
"CHIEF ADMINISTRATION OFFICER","detailed.occupation","","11-3012","2026-10-08"
"CAO","soc.label","","Administrative Services Managers","2026-10-08"
"CAO","major.group","","11","2026-10-08"
"CAO","minor.group","","11-3000","2026-10-08"
"CAO","broad.group","","11-3010","2026-10-08"
"CAO","detailed.occupation","","11-3012","2026-10-08"
"CHIEF HUMAN RESOURCES OFFICER","soc.label","General and Operations Managers","Human Resources Managers","2026-10-08"
"CHIEF HUMAN RESOURCES OFFICER","minor.group","11-1000","11-3000","2026-10-08"
"CHIEF HUMAN RESOURCES OFFICER","broad.group","11-1020","11-3120","2026-10-08"
"CHIEF HUMAN RESOURCES OFFICER","detailed.occupation","11-1021","11-3121","2026-10-08"
"CHIEF INFORMATION OFFICER","soc.label","General and Operations Managers","Computer and Information Systems Managers","2026-10-08"
"CHIEF INFORMATION OFFICER","minor.group","11-1000","11-3000","2026-10-08"
"CHIEF INFORMATION OFFICER","broad.group","11-1020","11-3020","2026-10-08"
"CHIEF INFORMATION OFFICER","detailed.occupation","11-1021","11-3021","2026-10-08"
"CHIEF TECHNOLOGY OFFICER","soc.label","General and Operations Managers","Computer and Information Systems Managers","2026-10-08"
"CHIEF TECHNOLOGY OFFICER","minor.group","11-1000","11-3000","2026-10-08"
"CHIEF TECHNOLOGY OFFICER","broad.group","11-1020","11-3020","2026-10-08"
"CHIEF TECHNOLOGY OFFICER","detailed.occupation","11-1021","11-3021","2026-10-08"
"CHIEF DIGITAL OFFICER","soc.label","General and Operations Managers","Computer and Information Systems Managers","2026-10-08"
"CHIEF DIGITAL OFFICER","minor.group","11-1000","11-3000","2026-10-08"
"CHIEF DIGITAL OFFICER","broad.group","11-1020","11-3020","2026-10-08"
"CHIEF DIGITAL OFFICER","detailed.occupation","11-1021","11-3021","2026-10-08"
"VICE PRESIDENT AND CIO","soc.label","","Computer and Information Systems Managers","2026-10-08"
"VICE PRESIDENT AND CIO","major.group","","11","2026-10-08"
"VICE PRESIDENT AND CIO","minor.group","","11-3000","2026-10-08"
"VICE PRESIDENT AND CIO","broad.group","","11-3020","2026-10-08"
"VICE PRESIDENT AND CIO","detailed.occupation","","11-3021","2026-10-08"
"CHIEF DEVELOPMENT OFFICER","soc.label","General and Operations Managers","Fundraising Managers","2026-10-08"
"CHIEF DEVELOPMENT OFFICER","minor.group","11-1000","11-2000","2026-10-08"
"CHIEF DEVELOPMENT OFFICER","broad.group","11-1020","11-2030","2026-10-08"
"CHIEF DEVELOPMENT OFFICER","detailed.occupation","11-1021","11-2033","2026-10-08"
"CHIEF ADVANCEMENT OFFICER","soc.label","General and Operations Managers","Fundraising Managers","2026-10-08"
"CHIEF ADVANCEMENT OFFICER","minor.group","11-1000","11-2000","2026-10-08"
"CHIEF ADVANCEMENT OFFICER","broad.group","11-1020","11-2030","2026-10-08"
"CHIEF ADVANCEMENT OFFICER","detailed.occupation","11-1021","11-2033","2026-10-08"
"CHIEF INSTITUTIONAL ADVANCEMENT OFFICER","soc.label","General and Operations Managers","Fundraising Managers","2026-10-08"
"CHIEF INSTITUTIONAL ADVANCEMENT OFFICER","minor.group","11-1000","11-2000","2026-10-08"
"CHIEF INSTITUTIONAL ADVANCEMENT OFFICER","broad.group","11-1020","11-2030","2026-10-08"
"CHIEF INSTITUTIONAL ADVANCEMENT OFFICER","detailed.occupation","11-1021","11-2033","2026-10-08"
"CHIEF PHILANTHROPY OFFICER","soc.label","General and Operations Managers","Fundraising Managers","2026-10-08"
"CHIEF PHILANTHROPY OFFICER","minor.group","11-1000","11-2000","2026-10-08"
"CHIEF PHILANTHROPY OFFICER","broad.group","11-1020","11-2030","2026-10-08"
"CHIEF PHILANTHROPY OFFICER","detailed.occupation","11-1021","11-2033","2026-10-08"
"CHIEF MARKETING OFFICER","soc.label","General and Operations Managers","Marketing Managers","2026-10-08"
"CHIEF MARKETING OFFICER","minor.group","11-1000","11-2000","2026-10-08"
"CHIEF MARKETING OFFICER","broad.group","11-1020","11-2020","2026-10-08"
"CHIEF MARKETING OFFICER","detailed.occupation","11-1021","11-2021","2026-10-08"
"CHIEF RELATIONS OFFICER","soc.label","General and Operations Managers","Public Relations Managers","2026-10-08"
"CHIEF RELATIONS OFFICER","minor.group","11-1000","11-2000","2026-10-08"
"CHIEF RELATIONS OFFICER","broad.group","11-1020","11-2030","2026-10-08"
"CHIEF RELATIONS OFFICER","detailed.occupation","11-1021","11-2032","2026-10-08"
"CHIEF LEGAL OFFICER","soc.label","General and Operations Managers","Lawyers","2026-10-08"
"CHIEF LEGAL OFFICER","major.group","11","23","2026-10-08"
"CHIEF LEGAL OFFICER","minor.group","11-1000","23-1000","2026-10-08"
"CHIEF LEGAL OFFICER","broad.group","11-1020","23-1010","2026-10-08"
"CHIEF LEGAL OFFICER","detailed.occupation","11-1021","23-1011","2026-10-08"
"CHIEF SCIENTIFIC OFFICER","soc.label","General and Operations Managers","Natural Sciences Managers","2026-10-08"
"CHIEF SCIENTIFIC OFFICER","minor.group","11-1000","11-9000","2026-10-08"
"CHIEF SCIENTIFIC OFFICER","broad.group","11-1020","11-9120","2026-10-08"
"CHIEF SCIENTIFIC OFFICER","detailed.occupation","11-1021","11-9121","2026-10-08"
"CHIEF MECHANICAL OFFICER","soc.label","General and Operations Managers","Architectural and Engineering Managers","2026-10-08"
"CHIEF MECHANICAL OFFICER","minor.group","11-1000","11-9000","2026-10-08"
"CHIEF MECHANICAL OFFICER","broad.group","11-1020","11-9040","2026-10-08"
"CHIEF MECHANICAL OFFICER","detailed.occupation","11-1021","11-9041","2026-10-08"
"CHIEF PROGRAMS OFFICER","soc.label","General and Operations Managers","Social and Community Service Managers","2026-10-08"
"CHIEF PROGRAMS OFFICER","minor.group","11-1000","11-9000","2026-10-08"
"CHIEF PROGRAMS OFFICER","broad.group","11-1020","11-9150","2026-10-08"
"CHIEF PROGRAMS OFFICER","detailed.occupation","11-1021","11-9151","2026-10-08"
"CHIEF ARTISTIC OFFICER","soc.label","General and Operations Managers","Art Directors","2026-10-08"
"CHIEF ARTISTIC OFFICER","major.group","11","27","2026-10-08"
"CHIEF ARTISTIC OFFICER","minor.group","11-1000","27-1000","2026-10-08"
"CHIEF ARTISTIC OFFICER","broad.group","11-1020","27-1010","2026-10-08"
"CHIEF ARTISTIC OFFICER","detailed.occupation","11-1021","27-1011","2026-10-08"
"CHIEF CURATOR","soc.label","General and Operations Managers","Curators","2026-10-08"
"CHIEF CURATOR","major.group","11","25","2026-10-08"
"CHIEF CURATOR","minor.group","11-1000","25-4000","2026-10-08"
"CHIEF CURATOR","broad.group","11-1020","25-4010","2026-10-08"
"CHIEF CURATOR","detailed.occupation","11-1021","25-4012","2026-10-08"
"CHIEF COLLECTIONS OFFICER","soc.label","General and Operations Managers","Curators","2026-10-08"
"CHIEF COLLECTIONS OFFICER","major.group","11","25","2026-10-08"
"CHIEF COLLECTIONS OFFICER","minor.group","11-1000","25-4000","2026-10-08"
"CHIEF COLLECTIONS OFFICER","broad.group","11-1020","25-4010","2026-10-08"
"CHIEF COLLECTIONS OFFICER","detailed.occupation","11-1021","25-4012","2026-10-08"
"CHIEF HISTORIAN","soc.label","General and Operations Managers","Historians","2026-10-08"
"CHIEF HISTORIAN","major.group","11","19","2026-10-08"
"CHIEF HISTORIAN","minor.group","11-1000","19-3000","2026-10-08"
"CHIEF HISTORIAN","broad.group","11-1020","19-3090","2026-10-08"
"CHIEF HISTORIAN","detailed.occupation","11-1021","19-3093","2026-10-08"
"CHIEF LEARNING OFFICER","soc.label","","Training and Development Managers","2026-10-08"
"CHIEF LEARNING OFFICER","major.group","","11","2026-10-08"
"CHIEF LEARNING OFFICER","minor.group","","11-3000","2026-10-08"
"CHIEF LEARNING OFFICER","broad.group","","11-3130","2026-10-08"
"CHIEF LEARNING OFFICER","detailed.occupation","","11-3131","2026-10-08"
"CHIEF INVESTMENT OFFICER","soc.label","","Financial Managers","2026-10-08"
"CHIEF INVESTMENT OFFICER","major.group","","11","2026-10-08"
"CHIEF INVESTMENT OFFICER","minor.group","","11-3000","2026-10-08"
"CHIEF INVESTMENT OFFICER","broad.group","","11-3030","2026-10-08"
"CHIEF INVESTMENT OFFICER","detailed.occupation","","11-3031","2026-10-08"
"CHIEF NURSING OFFICER","soc.label","","Medical and Health Services Managers","2026-10-08"
"CHIEF NURSING OFFICER","major.group","","11","2026-10-08"
"CHIEF NURSING OFFICER","minor.group","","11-9000","2026-10-08"
"CHIEF NURSING OFFICER","broad.group","","11-9110","2026-10-08"
"CHIEF NURSING OFFICER","detailed.occupation","","11-9111","2026-10-08"
"CHIEF CLINICAL OFFICER","soc.label","","Medical and Health Services Managers","2026-10-08"
"CHIEF CLINICAL OFFICER","major.group","","11","2026-10-08"
"CHIEF CLINICAL OFFICER","minor.group","","11-9000","2026-10-08"
"CHIEF CLINICAL OFFICER","broad.group","","11-9110","2026-10-08"
"CHIEF CLINICAL OFFICER","detailed.occupation","","11-9111","2026-10-08"
"CHIEF MEDICAL OFFICER","soc.label","","Medical and Health Services Managers","2026-10-08"
"CHIEF MEDICAL OFFICER","major.group","","11","2026-10-08"
"CHIEF MEDICAL OFFICER","minor.group","","11-9000","2026-10-08"
"CHIEF MEDICAL OFFICER","broad.group","","11-9110","2026-10-08"
"CHIEF MEDICAL OFFICER","detailed.occupation","","11-9111","2026-10-08"
"CHIEF ACADEMICS OFFICER","soc.label","","Education Administrators, Postsecondary","2026-10-08"
"CHIEF ACADEMICS OFFICER","major.group","","11","2026-10-08"
"CHIEF ACADEMICS OFFICER","minor.group","","11-9000","2026-10-08"
"CHIEF ACADEMICS OFFICER","broad.group","","11-9030","2026-10-08"
"CHIEF ACADEMICS OFFICER","detailed.occupation","","11-9033","2026-10-08"
"DOCTOR","soc.label","","Physicians","2026-10-08"
"DOCTOR","major.group","","29","2026-10-08"
"DOCTOR","minor.group","","29-1000","2026-10-08"
"DOCTOR","broad.group","","29-1210","2026-10-08"
"MEDICAL OFFICER","soc.label","","Physicians","2026-10-08"
"MEDICAL OFFICER","major.group","","29","2026-10-08"
"MEDICAL OFFICER","minor.group","","29-1000","2026-10-08"
"MEDICAL OFFICER","broad.group","","29-1210","2026-10-08"
"PRESIDENT OF MEDICAL STAFF","soc.label","","Physicians","2026-10-08"
"PRESIDENT OF MEDICAL STAFF","major.group","","29","2026-10-08"
"PRESIDENT OF MEDICAL STAFF","minor.group","","29-1000","2026-10-08"
"PRESIDENT OF MEDICAL STAFF","broad.group","","29-1210","2026-10-08"
"NURSE","soc.label","","Registered Nurses","2026-10-08"
"NURSE","major.group","","29","2026-10-08"
"NURSE","minor.group","","29-1000","2026-10-08"
"NURSE","broad.group","","29-1140","2026-10-08"
"NURSE","detailed.occupation","","29-1141","2026-10-08"
"THERAPIST","soc.label","","Therapists","2026-10-08"
"THERAPIST","major.group","","29","2026-10-08"
"THERAPIST","minor.group","","29-1000","2026-10-08"
"THERAPIST","broad.group","","29-1120","2026-10-08"
"PHARMACIST","soc.label","","Pharmacists","2026-10-08"
"PHARMACIST","major.group","","29","2026-10-08"
"PHARMACIST","minor.group","","29-1000","2026-10-08"
"PHARMACIST","broad.group","","29-1050","2026-10-08"
"PHARMACIST","detailed.occupation","","29-1051","2026-10-08"
"VETERINARIAN","soc.label","","Veterinarians","2026-10-08"
"VETERINARIAN","major.group","","29","2026-10-08"
"VETERINARIAN","minor.group","","29-1000","2026-10-08"
"VETERINARIAN","broad.group","","29-1130","2026-10-08"
"VETERINARIAN","detailed.occupation","","29-1131","2026-10-08"
"MEDICAL DIRECTOR","soc.label","","Medical and Health Services Managers","2026-10-08"
"MEDICAL DIRECTOR","major.group","","11","2026-10-08"
"MEDICAL DIRECTOR","minor.group","","11-9000","2026-10-08"
"MEDICAL DIRECTOR","broad.group","","11-9110","2026-10-08"
"MEDICAL DIRECTOR","detailed.occupation","","11-9111","2026-10-08"
"CLINICAL DIRECTOR","soc.label","","Medical and Health Services Managers","2026-10-08"
"CLINICAL DIRECTOR","major.group","","11","2026-10-08"
"CLINICAL DIRECTOR","minor.group","","11-9000","2026-10-08"
"CLINICAL DIRECTOR","broad.group","","11-9110","2026-10-08"
"CLINICAL DIRECTOR","detailed.occupation","","11-9111","2026-10-08"
"DIRECTOR OF NURSING","soc.label","","Medical and Health Services Managers","2026-10-08"
"DIRECTOR OF NURSING","major.group","","11","2026-10-08"
"DIRECTOR OF NURSING","minor.group","","11-9000","2026-10-08"
"DIRECTOR OF NURSING","broad.group","","11-9110","2026-10-08"
"DIRECTOR OF NURSING","detailed.occupation","","11-9111","2026-10-08"
"VICE PRESIDENT OF HEALTH CARE OPERATIONS","soc.label","","Medical and Health Services Managers","2026-10-08"
"VICE PRESIDENT OF HEALTH CARE OPERATIONS","major.group","","11","2026-10-08"
"VICE PRESIDENT OF HEALTH CARE OPERATIONS","minor.group","","11-9000","2026-10-08"
"VICE PRESIDENT OF HEALTH CARE OPERATIONS","broad.group","","11-9110","2026-10-08"
"VICE PRESIDENT OF HEALTH CARE OPERATIONS","detailed.occupation","","11-9111","2026-10-08"
"PROFESSOR","soc.label","","Postsecondary Teachers","2026-10-08"
"PROFESSOR","major.group","","25","2026-10-08"
"PROFESSOR","minor.group","","25-1000","2026-10-08"
"FACULTY","soc.label","","Postsecondary Teachers","2026-10-08"
"FACULTY","major.group","","25","2026-10-08"
"FACULTY","minor.group","","25-1000","2026-10-08"
"LECTURER","soc.label","","Postsecondary Teachers","2026-10-08"
"LECTURER","major.group","","25","2026-10-08"
"LECTURER","minor.group","","25-1000","2026-10-08"
"TEACHER","soc.label","Educational Instruction and Library Occupations","Preschool, Elementary, Middle, Secondary, and Special Education Teachers","2026-10-08"
"TEACHER","minor.group","","25-2000","2026-10-08"
"INSTRUCTOR","soc.label","Educational Instruction and Library Occupations","Teachers and Instructors, All Other","2026-10-08"
"INSTRUCTOR","minor.group","","25-3000","2026-10-08"
"INSTRUCTOR","broad.group","","25-3090","2026-10-08"
"INSTRUCTOR","detailed.occupation","","25-3099","2026-10-08"
"SENIOR INSTRUCTOR","soc.label","Educational Instruction and Library Occupations","Teachers and Instructors, All Other","2026-10-08"
"SENIOR INSTRUCTOR","minor.group","","25-3000","2026-10-08"
"SENIOR INSTRUCTOR","broad.group","","25-3090","2026-10-08"
"SENIOR INSTRUCTOR","detailed.occupation","","25-3099","2026-10-08"
"EDUCATION INSTRUCTOR","soc.label","","Teachers and Instructors, All Other","2026-10-08"
"EDUCATION INSTRUCTOR","major.group","","25","2026-10-08"
"EDUCATION INSTRUCTOR","minor.group","","25-3000","2026-10-08"
"EDUCATION INSTRUCTOR","broad.group","","25-3090","2026-10-08"
"EDUCATION INSTRUCTOR","detailed.occupation","","25-3099","2026-10-08"
"EDUCATOR","soc.label","","Teachers and Instructors, All Other","2026-10-08"
"EDUCATOR","major.group","","25","2026-10-08"
"EDUCATOR","minor.group","","25-3000","2026-10-08"
"EDUCATOR","broad.group","","25-3090","2026-10-08"
"EDUCATOR","detailed.occupation","","25-3099","2026-10-08"
"EDUCATION COORDINATOR","soc.label","","Instructional Coordinators","2026-10-08"
"EDUCATION COORDINATOR","major.group","","25","2026-10-08"
"EDUCATION COORDINATOR","minor.group","","25-9000","2026-10-08"
"EDUCATION COORDINATOR","broad.group","","25-9030","2026-10-08"
"EDUCATION COORDINATOR","detailed.occupation","","25-9031","2026-10-08"
"PRINCIPAL","soc.label","","Education Administrators, Kindergarten through Secondary","2026-10-08"
"PRINCIPAL","major.group","","11","2026-10-08"
"PRINCIPAL","minor.group","","11-9000","2026-10-08"
"PRINCIPAL","broad.group","","11-9030","2026-10-08"
"PRINCIPAL","detailed.occupation","","11-9032","2026-10-08"
"ASSISTANT PRINCIPAL","soc.label","","Education Administrators, Kindergarten through Secondary","2026-10-08"
"ASSISTANT PRINCIPAL","major.group","","11","2026-10-08"
"ASSISTANT PRINCIPAL","minor.group","","11-9000","2026-10-08"
"ASSISTANT PRINCIPAL","broad.group","","11-9030","2026-10-08"
"ASSISTANT PRINCIPAL","detailed.occupation","","11-9032","2026-10-08"
"SUPERINTENDENT","soc.label","","Education Administrators, Kindergarten through Secondary","2026-10-08"
"SUPERINTENDENT","major.group","","11","2026-10-08"
"SUPERINTENDENT","minor.group","","11-9000","2026-10-08"
"SUPERINTENDENT","broad.group","","11-9030","2026-10-08"
"SUPERINTENDENT","detailed.occupation","","11-9032","2026-10-08"
"VICE PRESIDENT OF ACADEMICS","soc.label","","Education Administrators, Postsecondary","2026-10-08"
"VICE PRESIDENT OF ACADEMICS","major.group","","11","2026-10-08"
"VICE PRESIDENT OF ACADEMICS","minor.group","","11-9000","2026-10-08"
"VICE PRESIDENT OF ACADEMICS","broad.group","","11-9030","2026-10-08"
"VICE PRESIDENT OF ACADEMICS","detailed.occupation","","11-9033","2026-10-08"
"VICE PRESIDENT OF ACADEMICS AFFAIRS","soc.label","","Education Administrators, Postsecondary","2026-10-08"
"VICE PRESIDENT OF ACADEMICS AFFAIRS","major.group","","11","2026-10-08"
"VICE PRESIDENT OF ACADEMICS AFFAIRS","minor.group","","11-9000","2026-10-08"
"VICE PRESIDENT OF ACADEMICS AFFAIRS","broad.group","","11-9030","2026-10-08"
"VICE PRESIDENT OF ACADEMICS AFFAIRS","detailed.occupation","","11-9033","2026-10-08"
"DIRECTOR OF ACADEMICS","soc.label","","Education Administrators, Postsecondary","2026-10-08"
"DIRECTOR OF ACADEMICS","major.group","","11","2026-10-08"
"DIRECTOR OF ACADEMICS","minor.group","","11-9000","2026-10-08"
"DIRECTOR OF ACADEMICS","broad.group","","11-9030","2026-10-08"
"DIRECTOR OF ACADEMICS","detailed.occupation","","11-9033","2026-10-08"
"ASSOCIATE DEAN","soc.label","","Education Administrators, Postsecondary","2026-10-08"
"ASSOCIATE DEAN","major.group","","11","2026-10-08"
"ASSOCIATE DEAN","minor.group","","11-9000","2026-10-08"
"ASSOCIATE DEAN","broad.group","","11-9030","2026-10-08"
"ASSOCIATE DEAN","detailed.occupation","","11-9033","2026-10-08"
"UNDERGRAD DIRECTOR","soc.label","","Education Administrators, Postsecondary","2026-10-08"
"UNDERGRAD DIRECTOR","major.group","","11","2026-10-08"
"UNDERGRAD DIRECTOR","minor.group","","11-9000","2026-10-08"
"UNDERGRAD DIRECTOR","broad.group","","11-9030","2026-10-08"
"UNDERGRAD DIRECTOR","detailed.occupation","","11-9033","2026-10-08"
"VICE PRESIDENT OF UNIVERSITY ADVANCEMENT","soc.label","","Fundraising Managers","2026-10-08"
"VICE PRESIDENT OF UNIVERSITY ADVANCEMENT","major.group","","11","2026-10-08"
"VICE PRESIDENT OF UNIVERSITY ADVANCEMENT","minor.group","","11-2000","2026-10-08"
"VICE PRESIDENT OF UNIVERSITY ADVANCEMENT","broad.group","","11-2030","2026-10-08"
"VICE PRESIDENT OF UNIVERSITY ADVANCEMENT","detailed.occupation","","11-2033","2026-10-08"
"DIRECTOR OF EDUCATION","soc.label","","Education Administrators, All Other","2026-10-08"
"DIRECTOR OF EDUCATION","major.group","","11","2026-10-08"
"DIRECTOR OF EDUCATION","minor.group","","11-9000","2026-10-08"
"DIRECTOR OF EDUCATION","broad.group","","11-9030","2026-10-08"
"DIRECTOR OF EDUCATION","detailed.occupation","","11-9039","2026-10-08"
"VICE PRESIDENT OF EDUCATION","soc.label","","Education Administrators, All Other","2026-10-08"
"VICE PRESIDENT OF EDUCATION","major.group","","11","2026-10-08"
"VICE PRESIDENT OF EDUCATION","minor.group","","11-9000","2026-10-08"
"VICE PRESIDENT OF EDUCATION","broad.group","","11-9030","2026-10-08"
"VICE PRESIDENT OF EDUCATION","detailed.occupation","","11-9039","2026-10-08"
"EDUCATION MN","soc.label","","Education Administrators, All Other","2026-10-08"
"EDUCATION MN","major.group","","11","2026-10-08"
"EDUCATION MN","minor.group","","11-9000","2026-10-08"
"EDUCATION MN","broad.group","","11-9030","2026-10-08"
"EDUCATION MN","detailed.occupation","","11-9039","2026-10-08"
"VICE PRESIDENT OF EDUCATION AND GUEST EXPERIENCE","soc.label","","Education Administrators, All Other","2026-10-08"
"VICE PRESIDENT OF EDUCATION AND GUEST EXPERIENCE","major.group","","11","2026-10-08"
"VICE PRESIDENT OF EDUCATION AND GUEST EXPERIENCE","minor.group","","11-9000","2026-10-08"
"VICE PRESIDENT OF EDUCATION AND GUEST EXPERIENCE","broad.group","","11-9030","2026-10-08"
"VICE PRESIDENT OF EDUCATION AND GUEST EXPERIENCE","detailed.occupation","","11-9039","2026-10-08"
"TRAINING DIRECTOR","soc.label","","Training and Development Managers","2026-10-08"
"TRAINING DIRECTOR","major.group","","11","2026-10-08"
"TRAINING DIRECTOR","minor.group","","11-3000","2026-10-08"
"TRAINING DIRECTOR","broad.group","","11-3130","2026-10-08"
"TRAINING DIRECTOR","detailed.occupation","","11-3131","2026-10-08"
"TRAINING","soc.label","","Training and Development Specialists","2026-10-08"
"TRAINING","major.group","","13","2026-10-08"
"TRAINING","minor.group","","13-1000","2026-10-08"
"TRAINING","broad.group","","13-1150","2026-10-08"
"TRAINING","detailed.occupation","","13-1151","2026-10-08"
"TRAINING COORDINATOR","soc.label","","Training and Development Specialists","2026-10-08"
"TRAINING COORDINATOR","major.group","","13","2026-10-08"
"TRAINING COORDINATOR","minor.group","","13-1000","2026-10-08"
"TRAINING COORDINATOR","broad.group","","13-1150","2026-10-08"
"TRAINING COORDINATOR","detailed.occupation","","13-1151","2026-10-08"
"TRAINING OFFICER","soc.label","","Training and Development Specialists","2026-10-08"
"TRAINING OFFICER","major.group","","13","2026-10-08"
"TRAINING OFFICER","minor.group","","13-1000","2026-10-08"
"TRAINING OFFICER","broad.group","","13-1150","2026-10-08"
"TRAINING OFFICER","detailed.occupation","","13-1151","2026-10-08"
"DIRECTOR OF PROGRAMS","soc.label","","Social and Community Service Managers","2026-10-08"
"DIRECTOR OF PROGRAMS","major.group","","11","2026-10-08"
"DIRECTOR OF PROGRAMS","minor.group","","11-9000","2026-10-08"
"DIRECTOR OF PROGRAMS","broad.group","","11-9150","2026-10-08"
"DIRECTOR OF PROGRAMS","detailed.occupation","","11-9151","2026-10-08"
"PROGRAMS DIRECTOR","soc.label","","Social and Community Service Managers","2026-10-08"
"PROGRAMS DIRECTOR","major.group","","11","2026-10-08"
"PROGRAMS DIRECTOR","minor.group","","11-9000","2026-10-08"
"PROGRAMS DIRECTOR","broad.group","","11-9150","2026-10-08"
"PROGRAMS DIRECTOR","detailed.occupation","","11-9151","2026-10-08"
"SENIOR DIRECTOR OF PROGRAMS","soc.label","","Social and Community Service Managers","2026-10-08"
"SENIOR DIRECTOR OF PROGRAMS","major.group","","11","2026-10-08"
"SENIOR DIRECTOR OF PROGRAMS","minor.group","","11-9000","2026-10-08"
"SENIOR DIRECTOR OF PROGRAMS","broad.group","","11-9150","2026-10-08"
"SENIOR DIRECTOR OF PROGRAMS","detailed.occupation","","11-9151","2026-10-08"
"VICE PRESIDENT OF PROGRAMS","soc.label","","Social and Community Service Managers","2026-10-08"
"VICE PRESIDENT OF PROGRAMS","major.group","","11","2026-10-08"
"VICE PRESIDENT OF PROGRAMS","minor.group","","11-9000","2026-10-08"
"VICE PRESIDENT OF PROGRAMS","broad.group","","11-9150","2026-10-08"
"VICE PRESIDENT OF PROGRAMS","detailed.occupation","","11-9151","2026-10-08"
"PROGRAMS VICE PRESIDENT","soc.label","","Social and Community Service Managers","2026-10-08"
"PROGRAMS VICE PRESIDENT","major.group","","11","2026-10-08"
"PROGRAMS VICE PRESIDENT","minor.group","","11-9000","2026-10-08"
"PROGRAMS VICE PRESIDENT","broad.group","","11-9150","2026-10-08"
"PROGRAMS VICE PRESIDENT","detailed.occupation","","11-9151","2026-10-08"
"PROGRAMS MANAGER","soc.label","","Social and Community Service Managers","2026-10-08"
"PROGRAMS MANAGER","major.group","","11","2026-10-08"
"PROGRAMS MANAGER","minor.group","","11-9000","2026-10-08"
"PROGRAMS MANAGER","broad.group","","11-9150","2026-10-08"
"PROGRAMS MANAGER","detailed.occupation","","11-9151","2026-10-08"
"SENIOR PROGRAMS OFFICER","soc.label","","Social and Community Service Managers","2026-10-08"
"SENIOR PROGRAMS OFFICER","major.group","","11","2026-10-08"
"SENIOR PROGRAMS OFFICER","minor.group","","11-9000","2026-10-08"
"SENIOR PROGRAMS OFFICER","broad.group","","11-9150","2026-10-08"
"SENIOR PROGRAMS OFFICER","detailed.occupation","","11-9151","2026-10-08"
"OUTREACH DIRECTOR","soc.label","","Social and Community Service Managers","2026-10-08"
"OUTREACH DIRECTOR","major.group","","11","2026-10-08"
"OUTREACH DIRECTOR","minor.group","","11-9000","2026-10-08"
"OUTREACH DIRECTOR","broad.group","","11-9150","2026-10-08"
"OUTREACH DIRECTOR","detailed.occupation","","11-9151","2026-10-08"
"OUTREACH MANAGER","soc.label","","Social and Community Service Managers","2026-10-08"
"OUTREACH MANAGER","major.group","","11","2026-10-08"
"OUTREACH MANAGER","minor.group","","11-9000","2026-10-08"
"OUTREACH MANAGER","broad.group","","11-9150","2026-10-08"
"OUTREACH MANAGER","detailed.occupation","","11-9151","2026-10-08"
"YOUTH DIRECTOR","soc.label","","Social and Community Service Managers","2026-10-08"
"YOUTH DIRECTOR","major.group","","11","2026-10-08"
"YOUTH DIRECTOR","minor.group","","11-9000","2026-10-08"
"YOUTH DIRECTOR","broad.group","","11-9150","2026-10-08"
"YOUTH DIRECTOR","detailed.occupation","","11-9151","2026-10-08"
"PROGRAMS COORDINATOR","soc.label","","Community and Social Service Specialists, All Other","2026-10-08"
"PROGRAMS COORDINATOR","major.group","","21","2026-10-08"
"PROGRAMS COORDINATOR","minor.group","","21-1000","2026-10-08"
"PROGRAMS COORDINATOR","broad.group","","21-1090","2026-10-08"
"PROGRAMS COORDINATOR","detailed.occupation","","21-1099","2026-10-08"
"PROGRAMS OFFICER","soc.label","","Community and Social Service Specialists, All Other","2026-10-08"
"PROGRAMS OFFICER","major.group","","21","2026-10-08"
"PROGRAMS OFFICER","minor.group","","21-1000","2026-10-08"
"PROGRAMS OFFICER","broad.group","","21-1090","2026-10-08"
"PROGRAMS OFFICER","detailed.occupation","","21-1099","2026-10-08"
"ORGANIZER","soc.label","","Community and Social Service Specialists, All Other","2026-10-08"
"ORGANIZER","major.group","","21","2026-10-08"
"ORGANIZER","minor.group","","21-1000","2026-10-08"
"ORGANIZER","broad.group","","21-1090","2026-10-08"
"ORGANIZER","detailed.occupation","","21-1099","2026-10-08"
"VICE PRESIDENT OF EVENTS","soc.label","","Meeting, Convention, and Event Planners","2026-10-08"
"VICE PRESIDENT OF EVENTS","major.group","","13","2026-10-08"
"VICE PRESIDENT OF EVENTS","minor.group","","13-1000","2026-10-08"
"VICE PRESIDENT OF EVENTS","broad.group","","13-1120","2026-10-08"
"VICE PRESIDENT OF EVENTS","detailed.occupation","","13-1121","2026-10-08"
"DIRECTOR OF EVENTS","soc.label","","Meeting, Convention, and Event Planners","2026-10-08"
"DIRECTOR OF EVENTS","major.group","","13","2026-10-08"
"DIRECTOR OF EVENTS","minor.group","","13-1000","2026-10-08"
"DIRECTOR OF EVENTS","broad.group","","13-1120","2026-10-08"
"DIRECTOR OF EVENTS","detailed.occupation","","13-1121","2026-10-08"
"PASTOR","soc.label","","Clergy","2026-10-08"
"PASTOR","major.group","","21","2026-10-08"
"PASTOR","minor.group","","21-2000","2026-10-08"
"PASTOR","broad.group","","21-2010","2026-10-08"
"PASTOR","detailed.occupation","","21-2011","2026-10-08"
"DEACON","soc.label","","Religious Workers, All Other","2026-10-08"
"DEACON","major.group","","21","2026-10-08"
"DEACON","minor.group","","21-2000","2026-10-08"
"DEACON","broad.group","","21-2090","2026-10-08"
"DEACON","detailed.occupation","","21-2099","2026-10-08"
"ACCOUNTING DIRECTOR","soc.label","","Financial Managers","2026-10-08"
"ACCOUNTING DIRECTOR","major.group","","11","2026-10-08"
"ACCOUNTING DIRECTOR","minor.group","","11-3000","2026-10-08"
"ACCOUNTING DIRECTOR","broad.group","","11-3030","2026-10-08"
"ACCOUNTING DIRECTOR","detailed.occupation","","11-3031","2026-10-08"
"DIRECTOR OF BUDGET AND ANALYTICS","soc.label","","Financial Managers","2026-10-08"
"DIRECTOR OF BUDGET AND ANALYTICS","major.group","","11","2026-10-08"
"DIRECTOR OF BUDGET AND ANALYTICS","minor.group","","11-3000","2026-10-08"
"DIRECTOR OF BUDGET AND ANALYTICS","broad.group","","11-3030","2026-10-08"
"DIRECTOR OF BUDGET AND ANALYTICS","detailed.occupation","","11-3031","2026-10-08"
"SENIOR VICE PRESIDENT OF FINANCE","soc.label","","Financial Managers","2026-10-08"
"SENIOR VICE PRESIDENT OF FINANCE","major.group","","11","2026-10-08"
"SENIOR VICE PRESIDENT OF FINANCE","minor.group","","11-3000","2026-10-08"
"SENIOR VICE PRESIDENT OF FINANCE","broad.group","","11-3030","2026-10-08"
"SENIOR VICE PRESIDENT OF FINANCE","detailed.occupation","","11-3031","2026-10-08"
"VICE PRESIDENT OF FINANCE AND ADMINISTRATION","soc.label","","Financial Managers","2026-10-08"
"VICE PRESIDENT OF FINANCE AND ADMINISTRATION","major.group","","11","2026-10-08"
"VICE PRESIDENT OF FINANCE AND ADMINISTRATION","minor.group","","11-3000","2026-10-08"
"VICE PRESIDENT OF FINANCE AND ADMINISTRATION","broad.group","","11-3030","2026-10-08"
"VICE PRESIDENT OF FINANCE AND ADMINISTRATION","detailed.occupation","","11-3031","2026-10-08"
"VICE PRESIDENT OF LENDING","soc.label","","Financial Managers","2026-10-08"
"VICE PRESIDENT OF LENDING","major.group","","11","2026-10-08"
"VICE PRESIDENT OF LENDING","minor.group","","11-3000","2026-10-08"
"VICE PRESIDENT OF LENDING","broad.group","","11-3030","2026-10-08"
"VICE PRESIDENT OF LENDING","detailed.occupation","","11-3031","2026-10-08"
"INVESTMENT OFFICER","soc.label","","Financial and Investment Analysts","2026-10-08"
"INVESTMENT OFFICER","major.group","","13","2026-10-08"
"INVESTMENT OFFICER","minor.group","","13-2000","2026-10-08"
"INVESTMENT OFFICER","broad.group","","13-2050","2026-10-08"
"INVESTMENT OFFICER","detailed.occupation","","13-2051","2026-10-08"
"FINANCE ADVISOR","soc.label","","Personal Financial Advisors","2026-10-08"
"FINANCE ADVISOR","major.group","","13","2026-10-08"
"FINANCE ADVISOR","minor.group","","13-2000","2026-10-08"
"FINANCE ADVISOR","broad.group","","13-2050","2026-10-08"
"FINANCE ADVISOR","detailed.occupation","","13-2052","2026-10-08"
"DEVELOPMENT MANAGER","soc.label","","Fundraising Managers","2026-10-08"
"DEVELOPMENT MANAGER","major.group","","11","2026-10-08"
"DEVELOPMENT MANAGER","minor.group","","11-2000","2026-10-08"
"DEVELOPMENT MANAGER","broad.group","","11-2030","2026-10-08"
"DEVELOPMENT MANAGER","detailed.occupation","","11-2033","2026-10-08"
"SENIOR DIRECTOR OF DEVELOPMENT","soc.label","","Fundraising Managers","2026-10-08"
"SENIOR DIRECTOR OF DEVELOPMENT","major.group","","11","2026-10-08"
"SENIOR DIRECTOR OF DEVELOPMENT","minor.group","","11-2000","2026-10-08"
"SENIOR DIRECTOR OF DEVELOPMENT","broad.group","","11-2030","2026-10-08"
"SENIOR DIRECTOR OF DEVELOPMENT","detailed.occupation","","11-2033","2026-10-08"
"DIRECTOR OF MAJOR GIFTS","soc.label","","Fundraising Managers","2026-10-08"
"DIRECTOR OF MAJOR GIFTS","major.group","","11","2026-10-08"
"DIRECTOR OF MAJOR GIFTS","minor.group","","11-2000","2026-10-08"
"DIRECTOR OF MAJOR GIFTS","broad.group","","11-2030","2026-10-08"
"DIRECTOR OF MAJOR GIFTS","detailed.occupation","","11-2033","2026-10-08"
"VICE PRESIDENT OF PHILANTHROPY","soc.label","","Fundraising Managers","2026-10-08"
"VICE PRESIDENT OF PHILANTHROPY","major.group","","11","2026-10-08"
"VICE PRESIDENT OF PHILANTHROPY","minor.group","","11-2000","2026-10-08"
"VICE PRESIDENT OF PHILANTHROPY","broad.group","","11-2030","2026-10-08"
"VICE PRESIDENT OF PHILANTHROPY","detailed.occupation","","11-2033","2026-10-08"
"VICE PRESIDENT OF MEMBERSHIPS","soc.label","","Fundraising Managers","2026-10-08"
"VICE PRESIDENT OF MEMBERSHIPS","major.group","","11","2026-10-08"
"VICE PRESIDENT OF MEMBERSHIPS","minor.group","","11-2000","2026-10-08"
"VICE PRESIDENT OF MEMBERSHIPS","broad.group","","11-2030","2026-10-08"
"VICE PRESIDENT OF MEMBERSHIPS","detailed.occupation","","11-2033","2026-10-08"
"DEVELOPMENT OFFICER","soc.label","","Fundraisers","2026-10-08"
"DEVELOPMENT OFFICER","major.group","","13","2026-10-08"
"DEVELOPMENT OFFICER","minor.group","","13-1000","2026-10-08"
"DEVELOPMENT OFFICER","broad.group","","13-1130","2026-10-08"
"DEVELOPMENT OFFICER","detailed.occupation","","13-1131","2026-10-08"
"ENDOWMENTS","soc.label","","Fundraisers","2026-10-08"
"ENDOWMENTS","major.group","","13","2026-10-08"
"ENDOWMENTS","minor.group","","13-1000","2026-10-08"
"ENDOWMENTS","broad.group","","13-1130","2026-10-08"
"ENDOWMENTS","detailed.occupation","","13-1131","2026-10-08"
"MEMBERSHIP COORDINATOR","soc.label","","Fundraisers","2026-10-08"
"MEMBERSHIP COORDINATOR","major.group","","13","2026-10-08"
"MEMBERSHIP COORDINATOR","minor.group","","13-1000","2026-10-08"
"MEMBERSHIP COORDINATOR","broad.group","","13-1130","2026-10-08"
"MEMBERSHIP COORDINATOR","detailed.occupation","","13-1131","2026-10-08"
"DIRECTOR OF MARKETING AND COMMUNICATIONS","soc.label","","Marketing Managers","2026-10-08"
"DIRECTOR OF MARKETING AND COMMUNICATIONS","major.group","","11","2026-10-08"
"DIRECTOR OF MARKETING AND COMMUNICATIONS","minor.group","","11-2000","2026-10-08"
"DIRECTOR OF MARKETING AND COMMUNICATIONS","broad.group","","11-2020","2026-10-08"
"DIRECTOR OF MARKETING AND COMMUNICATIONS","detailed.occupation","","11-2021","2026-10-08"
"VICE PRESIDENT OF MARKETING AND COMMUNICATIONS","soc.label","","Marketing Managers","2026-10-08"
"VICE PRESIDENT OF MARKETING AND COMMUNICATIONS","major.group","","11","2026-10-08"
"VICE PRESIDENT OF MARKETING AND COMMUNICATIONS","minor.group","","11-2000","2026-10-08"
"VICE PRESIDENT OF MARKETING AND COMMUNICATIONS","broad.group","","11-2020","2026-10-08"
"VICE PRESIDENT OF MARKETING AND COMMUNICATIONS","detailed.occupation","","11-2021","2026-10-08"
"VICE PRESIDENT OF MARKETING AND PUBLICITY","soc.label","","Marketing Managers","2026-10-08"
"VICE PRESIDENT OF MARKETING AND PUBLICITY","major.group","","11","2026-10-08"
"VICE PRESIDENT OF MARKETING AND PUBLICITY","minor.group","","11-2000","2026-10-08"
"VICE PRESIDENT OF MARKETING AND PUBLICITY","broad.group","","11-2020","2026-10-08"
"VICE PRESIDENT OF MARKETING AND PUBLICITY","detailed.occupation","","11-2021","2026-10-08"
"ASSISTANT DIRECTOR OF MARKETING","soc.label","","Marketing Managers","2026-10-08"
"ASSISTANT DIRECTOR OF MARKETING","major.group","","11","2026-10-08"
"ASSISTANT DIRECTOR OF MARKETING","minor.group","","11-2000","2026-10-08"
"ASSISTANT DIRECTOR OF MARKETING","broad.group","","11-2020","2026-10-08"
"ASSISTANT DIRECTOR OF MARKETING","detailed.occupation","","11-2021","2026-10-08"
"DIRECTOR OF SALES","soc.label","","Sales Managers","2026-10-08"
"DIRECTOR OF SALES","major.group","","11","2026-10-08"
"DIRECTOR OF SALES","minor.group","","11-2000","2026-10-08"
"DIRECTOR OF SALES","broad.group","","11-2020","2026-10-08"
"DIRECTOR OF SALES","detailed.occupation","","11-2022","2026-10-08"
"DIRECTOR OF PUBLIC AFFAIRS","soc.label","","Public Relations Managers","2026-10-08"
"DIRECTOR OF PUBLIC AFFAIRS","major.group","","11","2026-10-08"
"DIRECTOR OF PUBLIC AFFAIRS","minor.group","","11-2000","2026-10-08"
"DIRECTOR OF PUBLIC AFFAIRS","broad.group","","11-2030","2026-10-08"
"DIRECTOR OF PUBLIC AFFAIRS","detailed.occupation","","11-2032","2026-10-08"
"DIRECTOR OF PUBLICITY","soc.label","","Public Relations Managers","2026-10-08"
"DIRECTOR OF PUBLICITY","major.group","","11","2026-10-08"
"DIRECTOR OF PUBLICITY","minor.group","","11-2000","2026-10-08"
"DIRECTOR OF PUBLICITY","broad.group","","11-2030","2026-10-08"
"DIRECTOR OF PUBLICITY","detailed.occupation","","11-2032","2026-10-08"
"VICE PRESIDENT OF PUBLICITY","soc.label","","Public Relations Managers","2026-10-08"
"VICE PRESIDENT OF PUBLICITY","major.group","","11","2026-10-08"
"VICE PRESIDENT OF PUBLICITY","minor.group","","11-2000","2026-10-08"
"VICE PRESIDENT OF PUBLICITY","broad.group","","11-2030","2026-10-08"
"VICE PRESIDENT OF PUBLICITY","detailed.occupation","","11-2032","2026-10-08"
"VICE PRESIDENT OF EXTERNAL AFFAIRS","soc.label","","Public Relations Managers","2026-10-08"
"VICE PRESIDENT OF EXTERNAL AFFAIRS","major.group","","11","2026-10-08"
"VICE PRESIDENT OF EXTERNAL AFFAIRS","minor.group","","11-2000","2026-10-08"
"VICE PRESIDENT OF EXTERNAL AFFAIRS","broad.group","","11-2030","2026-10-08"
"VICE PRESIDENT OF EXTERNAL AFFAIRS","detailed.occupation","","11-2032","2026-10-08"
"VICE PRESIDENT OF GOVERNMENT AFFAIRS","soc.label","","Public Relations Managers","2026-10-08"
"VICE PRESIDENT OF GOVERNMENT AFFAIRS","major.group","","11","2026-10-08"
"VICE PRESIDENT OF GOVERNMENT AFFAIRS","minor.group","","11-2000","2026-10-08"
"VICE PRESIDENT OF GOVERNMENT AFFAIRS","broad.group","","11-2030","2026-10-08"
"VICE PRESIDENT OF GOVERNMENT AFFAIRS","detailed.occupation","","11-2032","2026-10-08"
"COMMUNITY RELATIONS","soc.label","","Public Relations Specialists","2026-10-08"
"COMMUNITY RELATIONS","major.group","","27","2026-10-08"
"COMMUNITY RELATIONS","minor.group","","27-3000","2026-10-08"
"COMMUNITY RELATIONS","broad.group","","27-3030","2026-10-08"
"COMMUNITY RELATIONS","detailed.occupation","","27-3031","2026-10-08"
"INFORMATION OFFICER","soc.label","","Public Relations Specialists","2026-10-08"
"INFORMATION OFFICER","major.group","","27","2026-10-08"
"INFORMATION OFFICER","minor.group","","27-3000","2026-10-08"
"INFORMATION OFFICER","broad.group","","27-3030","2026-10-08"
"INFORMATION OFFICER","detailed.occupation","","27-3031","2026-10-08"
"HUMAN RESOURCES","soc.label","","Human Resources Specialists","2026-10-08"
"HUMAN RESOURCES","major.group","","13","2026-10-08"
"HUMAN RESOURCES","minor.group","","13-1000","2026-10-08"
"HUMAN RESOURCES","broad.group","","13-1070","2026-10-08"
"HUMAN RESOURCES","detailed.occupation","","13-1071","2026-10-08"
"RECRUITMENT","soc.label","","Human Resources Specialists","2026-10-08"
"RECRUITMENT","major.group","","13","2026-10-08"
"RECRUITMENT","minor.group","","13-1000","2026-10-08"
"RECRUITMENT","broad.group","","13-1070","2026-10-08"
"RECRUITMENT","detailed.occupation","","13-1071","2026-10-08"
"LAWYER","soc.label","","Lawyers","2026-10-08"
"LAWYER","major.group","","23","2026-10-08"
"LAWYER","minor.group","","23-1000","2026-10-08"
"LAWYER","broad.group","","23-1010","2026-10-08"
"LAWYER","detailed.occupation","","23-1011","2026-10-08"
"JUDGE ADVOCATE","soc.label","","Lawyers","2026-10-08"
"JUDGE ADVOCATE","major.group","","23","2026-10-08"
"JUDGE ADVOCATE","minor.group","","23-1000","2026-10-08"
"JUDGE ADVOCATE","broad.group","","23-1010","2026-10-08"
"JUDGE ADVOCATE","detailed.occupation","","23-1011","2026-10-08"
"VICE PRESIDENT OF LEGAL","soc.label","Legal Occupations","Lawyers","2026-10-08"
"VICE PRESIDENT OF LEGAL","minor.group","","23-1000","2026-10-08"
"VICE PRESIDENT OF LEGAL","broad.group","","23-1010","2026-10-08"
"VICE PRESIDENT OF LEGAL","detailed.occupation","","23-1011","2026-10-08"
"COMPLIANCE OFFICER","soc.label","","Compliance Officers","2026-10-08"
"COMPLIANCE OFFICER","major.group","","13","2026-10-08"
"COMPLIANCE OFFICER","minor.group","","13-1000","2026-10-08"
"COMPLIANCE OFFICER","broad.group","","13-1040","2026-10-08"
"COMPLIANCE OFFICER","detailed.occupation","","13-1041","2026-10-08"
"CONTRACT COMPLIANCE","soc.label","","Compliance Officers","2026-10-08"
"CONTRACT COMPLIANCE","major.group","","13","2026-10-08"
"CONTRACT COMPLIANCE","minor.group","","13-1000","2026-10-08"
"CONTRACT COMPLIANCE","broad.group","","13-1040","2026-10-08"
"CONTRACT COMPLIANCE","detailed.occupation","","13-1041","2026-10-08"
"MANAGER","soc.label","","Managers, All Other","2026-10-08"
"MANAGER","major.group","","11","2026-10-08"
"MANAGER","minor.group","","11-9000","2026-10-08"
"MANAGER","broad.group","","11-9190","2026-10-08"
"MANAGER","detailed.occupation","","11-9199","2026-10-08"
"MANAGER OF OPERATIONS","soc.label","","General and Operations Managers","2026-10-08"
"MANAGER OF OPERATIONS","major.group","","11","2026-10-08"
"MANAGER OF OPERATIONS","minor.group","","11-1000","2026-10-08"
"MANAGER OF OPERATIONS","broad.group","","11-1020","2026-10-08"
"MANAGER OF OPERATIONS","detailed.occupation","","11-1021","2026-10-08"
"REGIONAL DIRECTOR","soc.label","","General and Operations Managers","2026-10-08"
"REGIONAL DIRECTOR","major.group","","11","2026-10-08"
"REGIONAL DIRECTOR","minor.group","","11-1000","2026-10-08"
"REGIONAL DIRECTOR","broad.group","","11-1020","2026-10-08"
"REGIONAL DIRECTOR","detailed.occupation","","11-1021","2026-10-08"
"REGIONAL MANAGER","soc.label","","General and Operations Managers","2026-10-08"
"REGIONAL MANAGER","major.group","","11","2026-10-08"
"REGIONAL MANAGER","minor.group","","11-1000","2026-10-08"
"REGIONAL MANAGER","broad.group","","11-1020","2026-10-08"
"REGIONAL MANAGER","detailed.occupation","","11-1021","2026-10-08"
"DIVISION DIRECTOR","soc.label","","General and Operations Managers","2026-10-08"
"DIVISION DIRECTOR","major.group","","11","2026-10-08"
"DIVISION DIRECTOR","minor.group","","11-1000","2026-10-08"
"DIVISION DIRECTOR","broad.group","","11-1020","2026-10-08"
"DIVISION DIRECTOR","detailed.occupation","","11-1021","2026-10-08"
"SENIOR VICE PRESIDENT OF OPERATIONS","soc.label","","General and Operations Managers","2026-10-08"
"SENIOR VICE PRESIDENT OF OPERATIONS","major.group","","11","2026-10-08"
"SENIOR VICE PRESIDENT OF OPERATIONS","minor.group","","11-1000","2026-10-08"
"SENIOR VICE PRESIDENT OF OPERATIONS","broad.group","","11-1020","2026-10-08"
"SENIOR VICE PRESIDENT OF OPERATIONS","detailed.occupation","","11-1021","2026-10-08"
"VICE PRESIDENT OF COMMUNICATIONS AND OPERATIONS","soc.label","","General and Operations Managers","2026-10-08"
"VICE PRESIDENT OF COMMUNICATIONS AND OPERATIONS","major.group","","11","2026-10-08"
"VICE PRESIDENT OF COMMUNICATIONS AND OPERATIONS","minor.group","","11-1000","2026-10-08"
"VICE PRESIDENT OF COMMUNICATIONS AND OPERATIONS","broad.group","","11-1020","2026-10-08"
"VICE PRESIDENT OF COMMUNICATIONS AND OPERATIONS","detailed.occupation","","11-1021","2026-10-08"
"VICE PRESIDENT OF ECONOMIC DEVELOPMENT","soc.label","","General and Operations Managers","2026-10-08"
"VICE PRESIDENT OF ECONOMIC DEVELOPMENT","major.group","","11","2026-10-08"
"VICE PRESIDENT OF ECONOMIC DEVELOPMENT","minor.group","","11-1000","2026-10-08"
"VICE PRESIDENT OF ECONOMIC DEVELOPMENT","broad.group","","11-1020","2026-10-08"
"VICE PRESIDENT OF ECONOMIC DEVELOPMENT","detailed.occupation","","11-1021","2026-10-08"
"ADMINISTRATION DIRECTOR","soc.label","","Administrative Services Managers","2026-10-08"
"ADMINISTRATION DIRECTOR","major.group","","11","2026-10-08"
"ADMINISTRATION DIRECTOR","minor.group","","11-3000","2026-10-08"
"ADMINISTRATION DIRECTOR","broad.group","","11-3010","2026-10-08"
"ADMINISTRATION DIRECTOR","detailed.occupation","","11-3012","2026-10-08"
"VICE PRESIDENT OF HOUSING","soc.label","","Property, Real Estate, and Community Association Managers","2026-10-08"
"VICE PRESIDENT OF HOUSING","major.group","","11","2026-10-08"
"VICE PRESIDENT OF HOUSING","minor.group","","11-9000","2026-10-08"
"VICE PRESIDENT OF HOUSING","broad.group","","11-9140","2026-10-08"
"VICE PRESIDENT OF HOUSING","detailed.occupation","","11-9141","2026-10-08"
"VICE PRESIDENT OF HOUSING OPERATIONS","soc.label","","Property, Real Estate, and Community Association Managers","2026-10-08"
"VICE PRESIDENT OF HOUSING OPERATIONS","major.group","","11","2026-10-08"
"VICE PRESIDENT OF HOUSING OPERATIONS","minor.group","","11-9000","2026-10-08"
"VICE PRESIDENT OF HOUSING OPERATIONS","broad.group","","11-9140","2026-10-08"
"VICE PRESIDENT OF HOUSING OPERATIONS","detailed.occupation","","11-9141","2026-10-08"
"SENIOR VICE PRESIDENT OF HOUSING OPERATIONS","soc.label","","Property, Real Estate, and Community Association Managers","2026-10-08"
"SENIOR VICE PRESIDENT OF HOUSING OPERATIONS","major.group","","11","2026-10-08"
"SENIOR VICE PRESIDENT OF HOUSING OPERATIONS","minor.group","","11-9000","2026-10-08"
"SENIOR VICE PRESIDENT OF HOUSING OPERATIONS","broad.group","","11-9140","2026-10-08"
"SENIOR VICE PRESIDENT OF HOUSING OPERATIONS","detailed.occupation","","11-9141","2026-10-08"
"VICE PRESIDENT OF REAL ESTATE DEVELOPMENT","soc.label","","Property, Real Estate, and Community Association Managers","2026-10-08"
"VICE PRESIDENT OF REAL ESTATE DEVELOPMENT","major.group","","11","2026-10-08"
"VICE PRESIDENT OF REAL ESTATE DEVELOPMENT","minor.group","","11-9000","2026-10-08"
"VICE PRESIDENT OF REAL ESTATE DEVELOPMENT","broad.group","","11-9140","2026-10-08"
"VICE PRESIDENT OF REAL ESTATE DEVELOPMENT","detailed.occupation","","11-9141","2026-10-08"
"PROJECT MANAGER","soc.label","","Project Management Specialists","2026-10-08"
"PROJECT MANAGER","major.group","","13","2026-10-08"
"PROJECT MANAGER","minor.group","","13-1000","2026-10-08"
"PROJECT MANAGER","broad.group","","13-1080","2026-10-08"
"PROJECT MANAGER","detailed.occupation","","13-1082","2026-10-08"
"OFFICE MANAGER","soc.label","","First-Line Supervisors of Office and Administrative Support Workers","2026-10-08"
"OFFICE MANAGER","major.group","","43","2026-10-08"
"OFFICE MANAGER","minor.group","","43-1000","2026-10-08"
"OFFICE MANAGER","broad.group","","43-1010","2026-10-08"
"OFFICE MANAGER","detailed.occupation","","43-1011","2026-10-08"
"CHIEF CLERK","soc.label","Financial clerk?","First-Line Supervisors of Office and Administrative Support Workers","2026-10-08"
"CHIEF CLERK","major.group","","43","2026-10-08"
"CHIEF CLERK","minor.group","","43-1000","2026-10-08"
"CHIEF CLERK","broad.group","","43-1010","2026-10-08"
"CHIEF CLERK","detailed.occupation","","43-1011","2026-10-08"
"CLERK","soc.label","Financial clerk?","Office Clerks, General","2026-10-08"
"CLERK","major.group","","43","2026-10-08"
"CLERK","minor.group","","43-9000","2026-10-08"
"CLERK","broad.group","","43-9060","2026-10-08"
"CLERK","detailed.occupation","","43-9061","2026-10-08"
"ASSISTANT CLERK","soc.label","","Office Clerks, General","2026-10-08"
"ASSISTANT CLERK","major.group","","43","2026-10-08"
"ASSISTANT CLERK","minor.group","","43-9000","2026-10-08"
"ASSISTANT CLERK","broad.group","","43-9060","2026-10-08"
"ASSISTANT CLERK","detailed.occupation","","43-9061","2026-10-08"
"ARCHIVES DIRECTOR","soc.label","","Archivists","2026-10-08"
"ARCHIVES DIRECTOR","major.group","","25","2026-10-08"
"ARCHIVES DIRECTOR","minor.group","","25-4000","2026-10-08"
"ARCHIVES DIRECTOR","broad.group","","25-4010","2026-10-08"
"ARCHIVES DIRECTOR","detailed.occupation","","25-4011","2026-10-08"
"ASSISTANT CURATOR","soc.label","","Curators","2026-10-08"
"ASSISTANT CURATOR","major.group","","25","2026-10-08"
"ASSISTANT CURATOR","minor.group","","25-4000","2026-10-08"
"ASSISTANT CURATOR","broad.group","","25-4010","2026-10-08"
"ASSISTANT CURATOR","detailed.occupation","","25-4012","2026-10-08"
"DIRECTOR OF COLLECTIONS","soc.label","","Curators","2026-10-08"
"DIRECTOR OF COLLECTIONS","major.group","","25","2026-10-08"
"DIRECTOR OF COLLECTIONS","minor.group","","25-4000","2026-10-08"
"DIRECTOR OF COLLECTIONS","broad.group","","25-4010","2026-10-08"
"DIRECTOR OF COLLECTIONS","detailed.occupation","","25-4012","2026-10-08"
"VICE PRESIDENT OF COLLECTIONS","soc.label","","Curators","2026-10-08"
"VICE PRESIDENT OF COLLECTIONS","major.group","","25","2026-10-08"
"VICE PRESIDENT OF COLLECTIONS","minor.group","","25-4000","2026-10-08"
"VICE PRESIDENT OF COLLECTIONS","broad.group","","25-4010","2026-10-08"
"VICE PRESIDENT OF COLLECTIONS","detailed.occupation","","25-4012","2026-10-08"
"COLLECTIONS MANAGER","soc.label","","Curators","2026-10-08"
"COLLECTIONS MANAGER","major.group","","25","2026-10-08"
"COLLECTIONS MANAGER","minor.group","","25-4000","2026-10-08"
"COLLECTIONS MANAGER","broad.group","","25-4010","2026-10-08"
"COLLECTIONS MANAGER","detailed.occupation","","25-4012","2026-10-08"
"DIRECTOR OF EXHIBITIONS","soc.label","","Curators","2026-10-08"
"DIRECTOR OF EXHIBITIONS","major.group","","25","2026-10-08"
"DIRECTOR OF EXHIBITIONS","minor.group","","25-4000","2026-10-08"
"DIRECTOR OF EXHIBITIONS","broad.group","","25-4010","2026-10-08"
"DIRECTOR OF EXHIBITIONS","detailed.occupation","","25-4012","2026-10-08"
"LIBRARY DIRECTOR","soc.label","","Librarians and Media Collections Specialists","2026-10-08"
"LIBRARY DIRECTOR","major.group","","25","2026-10-08"
"LIBRARY DIRECTOR","minor.group","","25-4000","2026-10-08"
"LIBRARY DIRECTOR","broad.group","","25-4020","2026-10-08"
"LIBRARY DIRECTOR","detailed.occupation","","25-4022","2026-10-08"
"GENEALOGIST","soc.label","","Historians","2026-10-08"
"GENEALOGIST","major.group","","19","2026-10-08"
"GENEALOGIST","minor.group","","19-3000","2026-10-08"
"GENEALOGIST","broad.group","","19-3090","2026-10-08"
"GENEALOGIST","detailed.occupation","","19-3093","2026-10-08"
"ASSOCIATE ARTISTIC DIRECTOR","soc.label","","Art Directors","2026-10-08"
"ASSOCIATE ARTISTIC DIRECTOR","major.group","","27","2026-10-08"
"ASSOCIATE ARTISTIC DIRECTOR","minor.group","","27-1000","2026-10-08"
"ASSOCIATE ARTISTIC DIRECTOR","broad.group","","27-1010","2026-10-08"
"ASSOCIATE ARTISTIC DIRECTOR","detailed.occupation","","27-1011","2026-10-08"
"FOUNDING ARTISTIC DIRECTOR","soc.label","","Art Directors","2026-10-08"
"FOUNDING ARTISTIC DIRECTOR","major.group","","27","2026-10-08"
"FOUNDING ARTISTIC DIRECTOR","minor.group","","27-1000","2026-10-08"
"FOUNDING ARTISTIC DIRECTOR","broad.group","","27-1010","2026-10-08"
"FOUNDING ARTISTIC DIRECTOR","detailed.occupation","","27-1011","2026-10-08"
"FIRE CHIEF","soc.label","","First-Line Supervisors of Firefighting and Prevention Workers","2026-10-08"
"FIRE CHIEF","major.group","","33","2026-10-08"
"FIRE CHIEF","minor.group","","33-1000","2026-10-08"
"FIRE CHIEF","broad.group","","33-1020","2026-10-08"
"FIRE CHIEF","detailed.occupation","","33-1021","2026-10-08"
"FIRE OFFICER","soc.label","","First-Line Supervisors of Firefighting and Prevention Workers","2026-10-08"
"FIRE OFFICER","major.group","","33","2026-10-08"
"FIRE OFFICER","minor.group","","33-1000","2026-10-08"
"FIRE OFFICER","broad.group","","33-1020","2026-10-08"
"FIRE OFFICER","detailed.occupation","","33-1021","2026-10-08"
"FIRE FIGHTER","soc.label","","Firefighters","2026-10-08"
"FIRE FIGHTER","major.group","","33","2026-10-08"
"FIRE FIGHTER","minor.group","","33-2000","2026-10-08"
"FIRE FIGHTER","broad.group","","33-2010","2026-10-08"
"FIRE FIGHTER","detailed.occupation","","33-2011","2026-10-08"
"GUARD","soc.label","","Security Guards","2026-10-08"
"GUARD","major.group","","33","2026-10-08"
"GUARD","minor.group","","33-9000","2026-10-08"
"GUARD","broad.group","","33-9030","2026-10-08"
"GUARD","detailed.occupation","","33-9032","2026-10-08"
"DIRECTOR OF SECURITY","soc.label","","First-Line Supervisors of Security Workers","2026-10-08"
"DIRECTOR OF SECURITY","major.group","","33","2026-10-08"
"DIRECTOR OF SECURITY","minor.group","","33-1000","2026-10-08"
"DIRECTOR OF SECURITY","broad.group","","33-1090","2026-10-08"
"DIRECTOR OF SECURITY","detailed.occupation","","33-1091","2026-10-08"
"CUSTODIAN","soc.label","","Janitors and Cleaners, Except Maids and Housekeeping Cleaners","2026-10-08"
"CUSTODIAN","major.group","","37","2026-10-08"
"CUSTODIAN","minor.group","","37-2000","2026-10-08"
"CUSTODIAN","broad.group","","37-2010","2026-10-08"
"CUSTODIAN","detailed.occupation","","37-2011","2026-10-08"
"JANITOR","soc.label","","Janitors and Cleaners, Except Maids and Housekeeping Cleaners","2026-10-08"
"JANITOR","major.group","","37","2026-10-08"
"JANITOR","minor.group","","37-2000","2026-10-08"
"JANITOR","broad.group","","37-2010","2026-10-08"
"JANITOR","detailed.occupation","","37-2011","2026-10-08"
"CARETAKER","soc.label","","Janitors and Cleaners, Except Maids and Housekeeping Cleaners","2026-10-08"
"CARETAKER","major.group","","37","2026-10-08"
"CARETAKER","minor.group","","37-2000","2026-10-08"
"CARETAKER","broad.group","","37-2010","2026-10-08"
"CARETAKER","detailed.occupation","","37-2011","2026-10-08"
"MAINTENANCE","soc.label","","Maintenance and Repair Workers, General","2026-10-08"
"MAINTENANCE","major.group","","49","2026-10-08"
"MAINTENANCE","minor.group","","49-9000","2026-10-08"
"MAINTENANCE","broad.group","","49-9070","2026-10-08"
"MAINTENANCE","detailed.occupation","","49-9071","2026-10-08"
"GOLF COURSE SUPERINTENDENT","soc.label","","First-Line Supervisors of Landscaping, Lawn Service, and Groundskeeping Workers","2026-10-08"
"GOLF COURSE SUPERINTENDENT","major.group","","37","2026-10-08"
"GOLF COURSE SUPERINTENDENT","minor.group","","37-1000","2026-10-08"
"GOLF COURSE SUPERINTENDENT","broad.group","","37-1010","2026-10-08"
"GOLF COURSE SUPERINTENDENT","detailed.occupation","","37-1012","2026-10-08"
"LINEMAN","soc.label","","Electrical Power-Line Installers and Repairers","2026-10-08"
"LINEMAN","major.group","","49","2026-10-08"
"LINEMAN","minor.group","","49-9000","2026-10-08"
"LINEMAN","broad.group","","49-9050","2026-10-08"
"LINEMAN","detailed.occupation","","49-9051","2026-10-08"
"DISPATCHER","soc.label","","Dispatchers","2026-10-08"
"DISPATCHER","major.group","","43","2026-10-08"
"DISPATCHER","minor.group","","43-5000","2026-10-08"
"DISPATCHER","broad.group","","43-5030","2026-10-08"
"BARTENDER","soc.label","","Bartenders","2026-10-08"
"BARTENDER","major.group","","35","2026-10-08"
"BARTENDER","minor.group","","35-3000","2026-10-08"
"BARTENDER","broad.group","","35-3010","2026-10-08"
"BARTENDER","detailed.occupation","","35-3011","2026-10-08"
"CHEF","soc.label","","Chefs and Head Cooks","2026-10-08"
"CHEF","major.group","","35","2026-10-08"
"CHEF","minor.group","","35-1000","2026-10-08"
"CHEF","broad.group","","35-1010","2026-10-08"
"CHEF","detailed.occupation","","35-1011","2026-10-08"
"EXECUTIVE CHEF","soc.label","","Chefs and Head Cooks","2026-10-08"
"EXECUTIVE CHEF","major.group","","35","2026-10-08"
"EXECUTIVE CHEF","minor.group","","35-1000","2026-10-08"
"EXECUTIVE CHEF","broad.group","","35-1010","2026-10-08"
"EXECUTIVE CHEF","detailed.occupation","","35-1011","2026-10-08"
"GIFT SHOP MANAGER","soc.label","","First-Line Supervisors of Retail Sales Workers","2026-10-08"
"GIFT SHOP MANAGER","major.group","","41","2026-10-08"
"GIFT SHOP MANAGER","minor.group","","41-1000","2026-10-08"
"GIFT SHOP MANAGER","broad.group","","41-1010","2026-10-08"
"GIFT SHOP MANAGER","detailed.occupation","","41-1011","2026-10-08"
"GOLF PROFESSIONAL","soc.label","","Coaches and Scouts","2026-10-08"
"GOLF PROFESSIONAL","major.group","","27","2026-10-08"
"GOLF PROFESSIONAL","minor.group","","27-2000","2026-10-08"
"GOLF PROFESSIONAL","broad.group","","27-2020","2026-10-08"
"GOLF PROFESSIONAL","detailed.occupation","","27-2022","2026-10-08"
"BUSINESS GAENT","soc.label","","Business Operations Specialists, All Other","2026-10-08"
"BUSINESS GAENT","major.group","","13","2026-10-08"
"BUSINESS GAENT","minor.group","","13-1000","2026-10-08"
"BUSINESS GAENT","broad.group","","13-1190","2026-10-08"
"BUSINESS GAENT","detailed.occupation","","13-1199","2026-10-08"
"ASSISTANT BUSINESS AGENT","soc.label","","Business Operations Specialists, All Other","2026-10-08"
"ASSISTANT BUSINESS AGENT","major.group","","13","2026-10-08"
"ASSISTANT BUSINESS AGENT","minor.group","","13-1000","2026-10-08"
"ASSISTANT BUSINESS AGENT","broad.group","","13-1190","2026-10-08"
"ASSISTANT BUSINESS AGENT","detailed.occupation","","13-1199","2026-10-08"
"STAFF REPRESENTATIVE","soc.label","","Business Operations Specialists, All Other","2026-10-08"
"STAFF REPRESENTATIVE","major.group","","13","2026-10-08"
"STAFF REPRESENTATIVE","minor.group","","13-1000","2026-10-08"
"STAFF REPRESENTATIVE","broad.group","","13-1190","2026-10-08"
"STAFF REPRESENTATIVE","detailed.occupation","","13-1199","2026-10-08"
"LOAN OFFICER","soc.label","","Loan Officers","2026-10-09"
"LOAN OFFICER","major.group","","13","2026-10-09"
"LOAN OFFICER","minor.group","","13-2000","2026-10-09"
"LOAN OFFICER","broad.group","","13-2070","2026-10-09"
"LOAN OFFICER","detailed.occupation","","13-2072","2026-10-09"
"ACTUARY","soc.label","","Actuaries","2026-10-09"
"ACTUARY","major.group","","15","2026-10-09"
"ACTUARY","minor.group","","15-2000","2026-10-09"
"ACTUARY","broad.group","","15-2010","2026-10-09"
"ACTUARY","detailed.occupation","","15-2011","2026-10-09"
"MISSIONARY","soc.label","","Religious Workers, All Other","2026-10-09"
"MISSIONARY","major.group","","21","2026-10-09"
"MISSIONARY","minor.group","","21-2000","2026-10-09"
"MISSIONARY","broad.group","","21-2090","2026-10-09"
"MISSIONARY","detailed.occupation","","21-2099","2026-10-09"
"PARAMEDIC","soc.label","","Paramedics","2026-10-09"
"PARAMEDIC","major.group","","29","2026-10-09"
"PARAMEDIC","minor.group","","29-2000","2026-10-09"
"PARAMEDIC","broad.group","","29-2040","2026-10-09"
"PARAMEDIC","detailed.occupation","","29-2043","2026-10-09"
"PERFUSIONIST","soc.label","","Healthcare Practitioners and Technical Workers, All Other","2026-10-09"
"PERFUSIONIST","major.group","","29","2026-10-09"
"PERFUSIONIST","minor.group","","29-9000","2026-10-09"
"PERFUSIONIST","broad.group","","29-9090","2026-10-09"
"PERFUSIONIST","detailed.occupation","","29-9099","2026-10-09"
"PILOT","soc.label","","Commercial Pilots","2026-10-09"
"PILOT","major.group","","53","2026-10-09"
"PILOT","minor.group","","53-2000","2026-10-09"
"PILOT","broad.group","","53-2010","2026-10-09"
"PILOT","detailed.occupation","","53-2012","2026-10-09"
