"title.standard","domain.category","domain.label","emp.level","board.role","soc.label","major.group","minor.group","broad.group","detailed.occupation"
"ACCOUNTANT","operations","finance","PROFESSIONAL","","Accountants and Auditors","13","13-2000","13-2010","13-2011"
"ACCOUNTING DIRECTOR","operations","finance","MANAGER","","Financial Managers","11","11-3000","11-3030","11-3031"
"ACTOR","industry-specific","arts and history","PROFESSIONAL","","Actors","27","27-2000","27-2010","27-2011"
"ADMINISTRATION DIRECTOR","operations","administration","MANAGER","","Administrative Services Managers","11","11-3000","11-3010","11-3012"
"ADMINISTRATION OFFICER","operations","administration","STAFF","","","","","",""
"ADMINISTRATIVE ASSISTANT","operations","administration","STAFF","","Secretaries and Administrative Assistants","43","43-6000","43-6010",""
"ADMINISTRATOR","operations","administration","MANAGER","","Administrative Services Managers","11","11-3000","11-3010","11-3012"
"ADOPTION COUNSELOR","industry-specific","social services","STAFF","","Counselors","21","21-1000","21-1010",""
"ADVISOR","operations","business development","STAFF","","","","","",""
"ALTERNATE","non-job title","none","","","","","","",""
"AMBASSADOR","non-job title","none","","","","","","",""
"ANALYST","operations","administration","STAFF","","Management Analysts","13","13-1000","13-1110","13-1111"
"ARCHITECT","industry-specific","engineering and architecture","PROFESSIONAL","","Architects, Except Naval","17","17-1000","17-1010",""
"ARCHIVES DIRECTOR","industry-specific","arts and history","MANAGER","","Archivists","25","25-4000","25-4010","25-4011"
"ARCHIVIST","industry-specific","arts and history","STAFF","","Archivists","25","25-4000","25-4010","25-4011"
"ARTIST","industry-specific","arts and history","STAFF","","Artists and Related Workers","27","27-1000","27-1010",""
"ARTISTIC DIRECTOR","industry-specific","arts and history","MANAGER","","Art Directors","27","27-1000","27-1010","27-1011"
"ARTISTIC LIAISON","industry-specific","arts and history","STAFF","","","","","",""
"ASSISTANT","operations","administration","STAFF","","Secretaries and Administrative Assistants","43","43-6000","43-6010",""
"ASSISTANT BUSINESS AGENT","operations","business development","PROFESSIONAL","","Business Operations Specialists, All Other","13","13-1000","13-1190","13-1199"
"ASSISTANT CEO","executive","general management","OFFICER","","Chief Executives","11","11-1000","11-1010","11-1011"
"ASSISTANT CHIEF","industry-specific","public safety","MANAGER","","","","","",""
"ASSISTANT CLERK","operations","administration","STAFF","","Office Clerks, General","43","43-9000","43-9060","43-9061"
"ASSISTANT CURATOR","industry-specific","arts and history","STAFF","","Curators","25","25-4000","25-4010","25-4012"
"ASSISTANT DIRECTOR","operations","administration","MANAGER","","General and Operations Managers","11","11-1000","11-1020","11-1021"
"ASSISTANT DIRECTOR OF MARKETING","operations","marketing and communications","MANAGER","","Marketing Managers","11","11-2000","11-2020","11-2021"
"ASSISTANT PRINCIPAL","industry-specific","education","MANAGER","","Education Administrators, Kindergarten through Secondary","11","11-9000","11-9030","11-9032"
"ASSISTANT REGISTRAR","industry-specific","higher education","STAFF","","","","","",""
"ASSISTANT SECRETARY","operations","administration","STAFF","","Secretaries and Administrative Assistants","43","43-6000","43-6010",""
"ASSISTANT VICE PRESIDENT","operations","administration","MANAGER","","General and Operations Managers","11","11-1000","11-1020","11-1021"
"ASSOCIATE ARTISTIC DIRECTOR","industry-specific","arts and history","MANAGER","","Art Directors","27","27-1000","27-1010","27-1011"
"ASSOCIATE CEO","executive","general management","OFFICER","","Chief Executives","11","11-1000","11-1010","11-1011"
"ASSOCIATE DEAN","industry-specific","higher education","MANAGER","","Education Administrators, Postsecondary","11","11-9000","11-9030","11-9033"
"ASSOCIATE DIRECTOR","operations","administration","MANAGER","","General and Operations Managers","11","11-1000","11-1020","11-1021"
"ASSOCIATE VICE PRESIDENT","operations","administration","MANAGER","","","","","",""
"ATHLETE","industry-specific","recreation and sports","PROFESSIONAL","","Athletes and Sports Competitors","27","27-2000","27-2020","27-2021"
"ATTORNEY","operations","legal","PROFESSIONAL","","Lawyers","23","23-1000","23-1010","23-1011"
"AUDITOR","operations","finance","PROFESSIONAL","","Accountants and Auditors","13","13-2000","13-2010","13-2011"
"BAND DIRECTOR","industry-specific","arts and history","MANAGER","","Music Directors and Composers","27","27-2000","27-2040","27-2041"
"BARTENDER","industry-specific","hospitality","STAFF","","Bartenders","35","35-3000","35-3010","35-3011"
"BOARD MEMBER","governance","board","","MEMBER","","","","",""
"BOARD PRESIDENT","governance","board","","CHAIR","","","","",""
"BOARD SECRETARY","governance","board","","SECRETARY","","","","",""
"BOARD TREASURER","governance","board","","TREASURER","","","","",""
"BOARD VICE PRESIDENT","governance","board","","VICE CHAIR","","","","",""
"BOOKKEEPER","operations","finance","STAFF","","Bookkeeping, Accounting, and Auditing Clerks","43","43-3000","43-3030","43-3031"
"BUSINESS ADVISOR","operations","business development","STAFF","","","","","",""
"BUSINESS AGENT","operations","administration","PROFESSIONAL","","Business Operations Specialists, All Other","13","13-1000","13-1190","13-1199"
"BUSINESS GAENT","operations","business development","PROFESSIONAL","","Business Operations Specialists, All Other","13","13-1000","13-1190","13-1199"
"BUSINESS MANAGER","operations","business development","STAFF","","","","","",""
"BUSINESS REPRESENTATIVE","operations","administration","PROFESSIONAL","","Business Operations Specialists, All Other","13","13-1000","13-1190","13-1199"
"CAO","operations","administration","OFFICER","","Administrative Services Managers","11","11-3000","11-3010","11-3012"
"CAPTAIN","industry-specific","military","MANAGER","","","","","",""
"CARETAKER","operations","facilities","STAFF","","Janitors and Cleaners, Except Maids and Housekeeping Cleaners","37","37-2000","37-2010","37-2011"
"CEO","executive","general management","CEO","","Chief Executives","11","11-1000","11-1010","11-1011"
"CFO","operations","finance","OFFICER","","Financial Managers","11","11-3000","11-3030","11-3031"
"CHAPLAIN","industry-specific","religion","STAFF","","Religious Workers, All Other","21","21-2000","21-2090","21-2099"
"CHEF","industry-specific","hospitality","STAFF","","Chefs and Head Cooks","35","35-1000","35-1010","35-1011"
"CHIEF","non-job title","none","","","","","","",""
"CHIEF ACADEMICS OFFICER","industry-specific","higher education","OFFICER","","Education Administrators, Postsecondary","11","11-9000","11-9030","11-9033"
"CHIEF ACCOUNTANT","operations","finance","MANAGER","","Accountants and Auditors","13","13-2000","13-2010","13-2011"
"CHIEF ADMINISTRATION OFFICER","operations","administration","OFFICER","","Administrative Services Managers","11","11-3000","11-3010","11-3012"
"CHIEF ADMINISTRATIVE OFFICER","operations","administration","OFFICER","","Administrative Services Managers","11","11-3000","11-3010","11-3012"
"CHIEF ADVANCEMENT OFFICER","operations","fundraising and membership","OFFICER","","Fundraising Managers","11","11-2000","11-2030","11-2033"
"CHIEF ARCHITECT","industry-specific","engineering and architecture","MANAGER","","Architects, Except Naval","17","17-1000","17-1010",""
"CHIEF ARTISTIC OFFICER","industry-specific","arts and history","OFFICER","","Art Directors","27","27-1000","27-1010","27-1011"
"CHIEF BUSINESS DEVELOPMENT OFFICER","operations","business development","OFFICER","","General and Operations Managers","11","11-1000","11-1020","11-1021"
"CHIEF CIVIC PROGRAMS OFFICER","operations","programs and events","OFFICER","","Social and Community Service Managers","11","11-9000","11-9150","11-9151"
"CHIEF CLERK","operations","administration","MANAGER","","First-Line Supervisors of Office and Administrative Support Workers","43","43-1000","43-1010","43-1011"
"CHIEF CLINICAL OFFICER","industry-specific","medical","OFFICER","","Medical and Health Services Managers","11","11-9000","11-9110","11-9111"
"CHIEF COLLECTIONS OFFICER","industry-specific","arts and history","OFFICER","","Curators","25","25-4000","25-4010","25-4012"
"CHIEF CONTENT OFFICER","operations","marketing and communications","OFFICER","","General and Operations Managers","11","11-1000","11-1020","11-1021"
"CHIEF CURATOR","industry-specific","arts and history","OFFICER","","Curators","25","25-4000","25-4010","25-4012"
"CHIEF DEVELOPMENT OFFICER","operations","fundraising and membership","OFFICER","","Fundraising Managers","11","11-2000","11-2030","11-2033"
"CHIEF DIGITAL OFFICER","operations","technology","OFFICER","","Computer and Information Systems Managers","11","11-3000","11-3020","11-3021"
"CHIEF ENGAGEMENT OFFICER","operations","marketing and communications","OFFICER","","General and Operations Managers","11","11-1000","11-1020","11-1021"
"CHIEF FINANCIAL OFFICER","operations","finance","OFFICER","","Financial Managers","11","11-3000","11-3030","11-3031"
"CHIEF HISTORIAN","industry-specific","arts and history","OFFICER","","Historians","19","19-3000","19-3090","19-3093"
"CHIEF HUMAN RESOURCES OFFICER","operations","human resources","OFFICER","","Human Resources Managers","11","11-3000","11-3120","11-3121"
"CHIEF IMAM","industry-specific","religion","MANAGER","","Religious Workers, All Other","21","21-2000","21-2090","21-2099"
"CHIEF INFORMATION OFFICER","operations","technology","OFFICER","","Computer and Information Systems Managers","11","11-3000","11-3020","11-3021"
"CHIEF INNOVATION OFFICER","operations","business development","OFFICER","","General and Operations Managers","11","11-1000","11-1020","11-1021"
"CHIEF INSIGHTS OFFICER","executive","general management","OFFICER","","General and Operations Managers","11","11-1000","11-1020","11-1021"
"CHIEF INSTITUTIONAL ADVANCEMENT OFFICER","operations","fundraising and membership","OFFICER","","Fundraising Managers","11","11-2000","11-2030","11-2033"
"CHIEF INVESTMENT OFFICER","operations","finance","OFFICER","","Financial Managers","11","11-3000","11-3030","11-3031"
"CHIEF LEARNING OFFICER","industry-specific","education","OFFICER","","Training and Development Managers","11","11-3000","11-3130","11-3131"
"CHIEF LEGAL OFFICER","operations","legal","OFFICER","","Lawyers","23","23-1000","23-1010","23-1011"
"CHIEF MARKETING OFFICER","operations","marketing and communications","OFFICER","","Marketing Managers","11","11-2000","11-2020","11-2021"
"CHIEF MARSHAL","industry-specific","military","MANAGER","","","","","",""
"CHIEF MECHANICAL OFFICER","industry-specific","engineering and architecture","OFFICER","","Architectural and Engineering Managers","11","11-9000","11-9040","11-9041"
"CHIEF MEDICAL OFFICER","industry-specific","medical","OFFICER","","Medical and Health Services Managers","11","11-9000","11-9110","11-9111"
"CHIEF NURSING OFFICER","industry-specific","medical","OFFICER","","Medical and Health Services Managers","11","11-9000","11-9110","11-9111"
"CHIEF OF STAFF","operations","administration","MANAGER","","Executive Secretaries and Executive Administrative Assistants","43","43-6000","43-6010","43-6011"
"CHIEF OFFICER","executive","general management","OFFICER","","General and Operations Managers","11","11-1000","11-1020","11-1021"
"CHIEF OPERATING OFFICER","executive","general management","OFFICER","","Chief Executives","11","11-1000","11-1010","11-1011"
"CHIEF PARTNERSHIP OFFICER","operations","marketing and communications","OFFICER","","General and Operations Managers","11","11-1000","11-1020","11-1021"
"CHIEF PHILANTHROPY OFFICER","operations","fundraising and membership","OFFICER","","Fundraising Managers","11","11-2000","11-2030","11-2033"
"CHIEF PROGRAMS OFFICER","operations","programs and events","OFFICER","","Social and Community Service Managers","11","11-9000","11-9150","11-9151"
"CHIEF RELATIONS OFFICER","operations","marketing and communications","OFFICER","","Public Relations Managers","11","11-2000","11-2030","11-2032"
"CHIEF SCIENTIFIC OFFICER","operations","research and development","OFFICER","","Natural Sciences Managers","11","11-9000","11-9120","11-9121"
"CHIEF STRATEGY OFFICER","operations","business development","OFFICER","","General and Operations Managers","11","11-1000","11-1020","11-1021"
"CHIEF SUSTAINABILITY OFFICER","operations","facilities","OFFICER","","General and Operations Managers","11","11-1000","11-1020","11-1021"
"CHIEF TECHNOLOGY OFFICER","operations","technology","OFFICER","","Computer and Information Systems Managers","11","11-3000","11-3020","11-3021"
"CIVIC DIRECTOR","operations","programs and events","MANAGER","","Social and Community Service Managers","11","11-9000","11-9150","11-9151"
"CLERK","operations","administration","STAFF","","Office Clerks, General","43","43-9000","43-9060","43-9061"
"CLINICAL DIRECTOR","industry-specific","medical","MANAGER","","Medical and Health Services Managers","11","11-9000","11-9110","11-9111"
"CLUB MANAGER","operations","administration","MANAGER","","Managers, All Other","11","11-9000","11-9190","11-9199"
"CMO","operations","marketing and communications","OFFICER","","Chief medical officer?","","","",""
"CO-CEO","executive","general management","CEO","","Chief Executives","11","11-1000","11-1010","11-1011"
"COACH","industry-specific","recreation and sports","PROFESSIONAL","","Coaches and Scouts","27","27-2000","27-2020","27-2022"
"COLLECTIONS","industry-specific","arts and history","STAFF","","","","","",""
"COLLECTIONS MANAGER","industry-specific","arts and history","MANAGER","","Curators","25","25-4000","25-4010","25-4012"
"COMMISSIONER","non-job title","none","","","","","","",""
"COMMUNICATIONS","operations","marketing and communications","STAFF","","Media and Communication Workers, All Other","27","27-3000","27-3090","27-3099"
"COMMUNITY RELATIONS","operations","marketing and communications","STAFF","","Public Relations Specialists","27","27-3000","27-3030","27-3031"
"COMPLIANCE DIRECTOR","operations","legal","MANAGER","","","","","",""
"COMPLIANCE OFFICER","operations","legal","STAFF","","Compliance Officers","13","13-1000","13-1040","13-1041"
"COMPOSER","industry-specific","arts and history","PROFESSIONAL","","Music Directors and Composers","27","27-2000","27-2040","27-2041"
"COMPTROLLER","operations","finance","MANAGER","","Financial Specialists, All Other","13","13-2000","13-2090","13-2099"
"CONCESSIONS","industry-specific","hospitality","STAFF","","","","","",""
"CONDUCTOR","industry-specific","arts and history","PROFESSIONAL","","Musicians, Singers, and Related Workers","27","27-2000","27-2040",""
"CONSULTANT","operations","business development","STAFF","","","","","",""
"CONTRACT COMPLIANCE","operations","legal","STAFF","","Compliance Officers","13","13-1000","13-1040","13-1041"
"COO","executive","general management","OFFICER","","Chief Executives","11","11-1000","11-1010","11-1011"
"COORDINATOR","operations","administration","STAFF","","","","","",""
"CORPORATE SECRETARY","operations","administration","OFFICER","","Secretaries and Administrative Assistants","43","43-6000","43-6010",""
"COUNSELOR","industry-specific","social services","STAFF","","Counselors","21","21-1000","21-1010",""
"CREATIVE DIRECTOR","industry-specific","arts and history","MANAGER","","artistic director vs. marketing?","","","",""
"CURATOR","industry-specific","arts and history","PROFESSIONAL","","Curators","25","25-4000","25-4010","25-4012"
"CUSTODIAN","operations","facilities","STAFF","","Janitors and Cleaners, Except Maids and Housekeeping Cleaners","37","37-2000","37-2010","37-2011"
"DEACON","industry-specific","religion","STAFF","","Religious Workers, All Other","21","21-2000","21-2090","21-2099"
"DEAN","industry-specific","higher education","MANAGER","","Education Administrators, Postsecondary","11","11-9000","11-9030","11-9033"
"DEPUTY CEO","executive","general management","OFFICER","","Chief Executives","11","11-1000","11-1010","11-1011"
"DEPUTY CHIEF","industry-specific","public safety","MANAGER","","","","","",""
"DEPUTY DIRECTOR","executive","general management","OFFICER","","General and Operations Managers","11","11-1000","11-1020","11-1021"
"DEVELOPMENT","operations","fundraising and membership","STAFF","","Fundraisers","13","13-1000","13-1130","13-1131"
"DEVELOPMENT MANAGER","operations","fundraising and membership","MANAGER","","Fundraising Managers","11","11-2000","11-2030","11-2033"
"DEVELOPMENT OFFICER","operations","fundraising and membership","STAFF","","Fundraisers","13","13-1000","13-1130","13-1131"
"DIRECTOR","operations","administration","MANAGER","","","","","",""
"DIRECTOR OF ACADEMICS","industry-specific","higher education","MANAGER","","Education Administrators, Postsecondary","11","11-9000","11-9030","11-9033"
"DIRECTOR OF ACQUISITIONS","operations","business development","MANAGER","","","","","",""
"DIRECTOR OF ADMINISTRATION","operations","administration","OFFICER","","Administrative Services Managers","11","11-3000","11-3010","11-3012"
"DIRECTOR OF ADVANCEMENT","operations","fundraising and membership","OFFICER","","Fundraising Managers","11","11-2000","11-2030","11-2033"
"DIRECTOR OF BUDGET AND ANALYTICS","operations","finance","MANAGER","","Financial Managers","11","11-3000","11-3030","11-3031"
"DIRECTOR OF BUSINESS","operations","business development","MANAGER","","","","","",""
"DIRECTOR OF BUSINESS DEVELOPMENT","operations","business development","MANAGER","","General and Operations Managers","11","11-1000","11-1020","11-1021"
"DIRECTOR OF COLLECTIONS","industry-specific","arts and history","MANAGER","","Curators","25","25-4000","25-4010","25-4012"
"DIRECTOR OF COMMUNICATIONS","operations","marketing and communications","MANAGER","","Advertising and Promotions Managers","11","11-2000","11-2010","11-2011"
"DIRECTOR OF CONTENT","operations","marketing and communications","MANAGER","","","","","",""
"DIRECTOR OF CORPORATE X","operations","business development","MANAGER","","","","","",""
"DIRECTOR OF DEVELOPMENT","operations","fundraising and membership","MANAGER","","Fundraising Managers","11","11-2000","11-2030","11-2033"
"DIRECTOR OF EDUCATION","industry-specific","education","MANAGER","","Education Administrators, All Other","11","11-9000","11-9030","11-9039"
"DIRECTOR OF ENGAGEMENT","operations","marketing and communications","MANAGER","","","","","",""
"DIRECTOR OF ENGINEERING","industry-specific","engineering and architecture","MANAGER","","Architectural and Engineering Managers","11","11-9000","11-9040","11-9041"
"DIRECTOR OF EVENTS","operations","programs and events","MANAGER","","Meeting, Convention, and Event Planners","13","13-1000","13-1120","13-1121"
"DIRECTOR OF EXHIBITIONS","industry-specific","arts and history","MANAGER","","Curators","25","25-4000","25-4010","25-4012"
"DIRECTOR OF EXTERNAL AFFAIRS","operations","marketing and communications","MANAGER","","Public Relations Managers","11","11-2000","11-2030","11-2032"
"DIRECTOR OF FACILITIES","operations","facilities","MANAGER","","Administrative Services Managers","11","11-3000","11-3010","11-3012"
"DIRECTOR OF FINANCE","operations","finance","MANAGER","","Financial Managers","11","11-3000","11-3030","11-3031"
"DIRECTOR OF FINANCE AND ADMINISTRATION","operations","finance","OFFICER","","Financial Managers","11","11-3000","11-3030","11-3031"
"DIRECTOR OF FINANCE AND OPERATIONS","operations","finance","MANAGER","","Financial Managers","11","11-3000","11-3030","11-3031"
"DIRECTOR OF FUNDRAISING","operations","fundraising and membership","MANAGER","","Fundraising Managers","11","11-2000","11-2030","11-2033"
"DIRECTOR OF HUMAN RESOURCES","operations","human resources","MANAGER","","Human Resources Managers","11","11-3000","11-3120","11-3121"
"DIRECTOR OF INFORMATION TECHNOLOGY","operations","technology","MANAGER","","Computer and Information Systems Managers","11","11-3000","11-3020","11-3021"
"DIRECTOR OF LEGAL AFFAIRS","operations","legal","MANAGER","","","","","",""
"DIRECTOR OF LEGISLATIVE AFFAIRS","operations","legal","MANAGER","","","","","",""
"DIRECTOR OF MAJOR GIFTS","operations","fundraising and membership","MANAGER","","Fundraising Managers","11","11-2000","11-2030","11-2033"
"DIRECTOR OF MARKETING","operations","marketing and communications","MANAGER","","Marketing Managers","11","11-2000","11-2020","11-2021"
"DIRECTOR OF MARKETING AND COMMUNICATIONS","operations","marketing and communications","MANAGER","","Marketing Managers","11","11-2000","11-2020","11-2021"
"DIRECTOR OF MEMBERSHIP","operations","fundraising and membership","MANAGER","","Fundraising Managers","11","11-2000","11-2030","11-2033"
"DIRECTOR OF MUSIC","industry-specific","arts and history","MANAGER","","Music Directors and Composers","27","27-2000","27-2040","27-2041"
"DIRECTOR OF NURSING","industry-specific","medical","MANAGER","","Medical and Health Services Managers","11","11-9000","11-9110","11-9111"
"DIRECTOR OF OPERATIONS","operations","administration","MANAGER","","General and Operations Managers","11","11-1000","11-1020","11-1021"
"DIRECTOR OF PRODUCTION","industry-specific","arts and history","MANAGER","","Producers and Directors","27","27-2000","27-2010","27-2012"
"DIRECTOR OF PROGRAMS","operations","programs and events","MANAGER","","Social and Community Service Managers","11","11-9000","11-9150","11-9151"
"DIRECTOR OF PUBLIC AFFAIRS","operations","marketing and communications","MANAGER","","Public Relations Managers","11","11-2000","11-2030","11-2032"
"DIRECTOR OF PUBLIC RELATIONS","operations","marketing and communications","MANAGER","","Public Relations Managers","11","11-2000","11-2030","11-2032"
"DIRECTOR OF PUBLICITY","operations","marketing and communications","MANAGER","","Public Relations Managers","11","11-2000","11-2030","11-2032"
"DIRECTOR OF RESEARCH","operations","research and development","MANAGER","","Life, Physical, and Social Science Occupations","19","","",""
"DIRECTOR OF RISK MANAGEMENT","operations","business development","MANAGER","","","","","",""
"DIRECTOR OF SALES","operations","marketing and communications","MANAGER","","Sales Managers","11","11-2000","11-2020","11-2022"
"DIRECTOR OF SECURITY","operations","facilities","MANAGER","","First-Line Supervisors of Security Workers","33","33-1000","33-1090","33-1091"
"DIRECTOR OF STRATEGY AND ENGAGEMENT","operations","business development","MANAGER","","","","","",""
"DIRECTOR OF TECHNOLOGY","operations","technology","MANAGER","","Computer and Information Systems Managers","11","11-3000","11-3020","11-3021"
"DISPATCHER","operations","administration","STAFF","","Dispatchers","43","43-5000","43-5030",""
"DIVISION DIRECTOR","operations","administration","MANAGER","","General and Operations Managers","11","11-1000","11-1020","11-1021"
"DOCTOR","industry-specific","medical","PROFESSIONAL","","Physicians","29","29-1000","29-1210",""
"EDITOR","operations","writers and editors","STAFF","","Editors","27","27-3000","27-3040","27-3041"
"EDITOR IN CHIEF","operations","writers and editors","OFFICER","","Editors","27","27-3000","27-3040","27-3041"
"EDUCATION","industry-specific","education","STAFF","","","","","",""
"EDUCATION COORDINATOR","industry-specific","education","STAFF","","Instructional Coordinators","25","25-9000","25-9030","25-9031"
"EDUCATION INSTRUCTOR","industry-specific","education","STAFF","","Teachers and Instructors, All Other","25","25-3000","25-3090","25-3099"
"EDUCATION MN","industry-specific","education","STAFF","","Education Administrators, All Other","11","11-9000","11-9030","11-9039"
"EDUCATOR","industry-specific","education","STAFF","","Teachers and Instructors, All Other","25","25-3000","25-3090","25-3099"
"ELDER","industry-specific","religion","STAFF","","Religious Workers, All Other","21","21-2000","21-2090","21-2099"
"EMPLOYEE","operations","administration","STAFF","","","","","",""
"ENDOWMENTS","operations","fundraising and membership","STAFF","","Fundraisers","13","13-1000","13-1130","13-1131"
"ENGINEER","operations","facilities","STAFF","","","","","",""
"EVENT COORDINATOR","operations","programs and events","STAFF","","Meeting, Convention, and Event Planners","13","13-1000","13-1120","13-1121"
"EVENTS","operations","programs and events","STAFF","","Meeting, Convention, and Event Planners","13","13-1000","13-1120","13-1121"
"EXECUTIVE","operations","administration","","","","","","",""
"EXECUTIVE ADMINISTRATION","executive","general management","OFFICER","","Chief Executives","11","11-1000","11-1010","11-1011"
"EXECUTIVE ARTISTIC DIRECTOR","industry-specific","arts and history","OFFICER","","Art Directors","27","27-1000","27-1010","27-1011"
"EXECUTIVE ASSISTANT","operations","administration","STAFF","","Executive Secretaries and Executive Administrative Assistants","43","43-6000","43-6010","43-6011"
"EXECUTIVE CHEF","industry-specific","hospitality","STAFF","","Chefs and Head Cooks","35","35-1000","35-1010","35-1011"
"EXECUTIVE DIRECTOR","executive","general management","CEO","","Chief Executives","11","11-1000","11-1010","11-1011"
"EXECUTIVE EDITOR","operations","writers and editors","MANAGER","","Editors","27","27-3000","27-3040","27-3041"
"EXECUTIVE PRODUCER","industry-specific","arts and history","MANAGER","","Producers and Directors","27","27-2000","27-2010","27-2012"
"EXECUTIVE SECRETARY","operations","administration","STAFF","","Executive Secretaries and Executive Administrative Assistants","43","43-6000","43-6010","43-6011"
"EXECUTIVE SENIOR VICE PRESIDENT","executive","general management","OFFICER","","General and Operations Managers","11","11-1000","11-1020","11-1021"
"EXECUTIVE VICE PRESIDENT","executive","general management","OFFICER","","General and Operations Managers","11","11-1000","11-1020","11-1021"
"FACILITIES","operations","facilities","STAFF","","","","","",""
"FACULTY","industry-specific","higher education","PROFESSIONAL","","Postsecondary Teachers","25","25-1000","",""
"FIELD DIRECTOR","operations","administration","MANAGER","","","","","",""
"FIELD REPRESENTATIVE","operations","administration","STAFF","","","","","",""
"FINANCE","operations","finance","STAFF","","Financial Specialists","13","13-2000","",""
"FINANCE ADVISOR","operations","finance","STAFF","","Personal Financial Advisors","13","13-2000","13-2050","13-2052"
"FINANCE AND ADMINISTRATION","operations","finance","STAFF","","","","","",""
"FINANCE MANAGER","operations","finance","MANAGER","","Financial Managers","11","11-3000","11-3030","11-3031"
"FINANCE OFFICER","operations","finance","MANAGER","","Financial Managers","11","11-3000","11-3030","11-3031"
"FINANCIAL SECRETARY","operations","finance","STAFF","","","","","",""
"FIRE CHIEF","industry-specific","public safety","OFFICER","","First-Line Supervisors of Firefighting and Prevention Workers","33","33-1000","33-1020","33-1021"
"FIRE FIGHTER","industry-specific","public safety","STAFF","","Firefighters","33","33-2000","33-2010","33-2011"
"FIRE OFFICER","industry-specific","public safety","MANAGER","","First-Line Supervisors of Firefighting and Prevention Workers","33","33-1000","33-1020","33-1021"
"FOREMAN","operations","facilities","MANAGER","","","","","",""
"FOUNDATION MANAGER","operations","fundraising and membership","MANAGER","","Fundraising Managers","11","11-2000","11-2030","11-2033"
"FOUNDER","executive","general management","OFFICER","","General and Operations Managers","11","11-1000","11-1020","11-1021"
"FOUNDING ARTISTIC DIRECTOR","industry-specific","arts and history","OFFICER","","Art Directors","27","27-1000","27-1010","27-1011"
"FUND ADMINISTRATOR","operations","finance","MANAGER","","","","","",""
"FUNDRAISING","operations","fundraising and membership","STAFF","","Fundraisers","13","13-1000","13-1130","13-1131"
"GARDEN DIRECTOR","operations","administration","MANAGER","","","","","",""
"GENEALOGIST","industry-specific","medical","STAFF","","Historians","19","19-3000","19-3090","19-3093"
"GENERAL COUNSEL","operations","legal","OFFICER","","Lawyers","23","23-1000","23-1010","23-1011"
"GENERAL DIRECTOR","executive","general management","CEO","","Chief Executives","11","11-1000","11-1010","11-1011"
"GENERAL MANAGER","operations","administration","MANAGER","","General and Operations Managers","11","11-1000","11-1020","11-1021"
"GIFT SHOP MANAGER","operations","marketing and communications","MANAGER","","First-Line Supervisors of Retail Sales Workers","41","41-1000","41-1010","41-1011"
"GOLF COURSE SUPERINTENDENT","operations","facilities","MANAGER","","First-Line Supervisors of Landscaping, Lawn Service, and Groundskeeping Workers","37","37-1000","37-1010","37-1012"
"GOLF PROFESSIONAL","industry-specific","recreation and sports","PROFESSIONAL","","Coaches and Scouts","27","27-2000","27-2020","27-2022"
"GUARD","operations","facilities","STAFF","","Security Guards","33","33-9000","33-9030","33-9032"
"HEAD OF DIVISION","industry-specific","education","MANAGER","","","","","",""
"HEAD TEACHER","industry-specific","education","MANAGER","","","","","",""
"HISTORIAN","industry-specific","arts and history","PROFESSIONAL","","Historians","19","19-3000","19-3090","19-3093"
"HOSPITALITY","operations","administration","STAFF","","Sales Representatives of Services, Except Advertising, Insurance, Financial Services, and Travel","41","41-3000","41-3090","41-3091"
"HUMAN RESOURCES","operations","human resources","STAFF","","Human Resources Specialists","13","13-1000","13-1070","13-1071"
"IMAM","industry-specific","religion","STAFF","","Religious Workers, All Other","21","21-2000","21-2090","21-2099"
"INDUSTRY REPRESENTATIVE","operations","administration","STAFF","","","","","",""
"INFORMATION OFFICER","operations","technology","STAFF","","Public Relations Specialists","27","27-3000","27-3030","27-3031"
"INFORMATION TECHNOLOGY MANAGER","operations","technology","MANAGER","","Computer and Information Systems Managers","11","11-3000","11-3020","11-3021"
"INSTRUCTOR","industry-specific","education","STAFF","","Teachers and Instructors, All Other","25","25-3000","25-3090","25-3099"
"INTERN","operations","administration","STAFF","","","","","",""
"INVESTMENT OFFICER","operations","finance","PROFESSIONAL","","Financial and Investment Analysts","13","13-2000","13-2050","13-2051"
"JANITOR","operations","facilities","STAFF","","Janitors and Cleaners, Except Maids and Housekeeping Cleaners","37","37-2000","37-2010","37-2011"
"JUDGE ADVOCATE","industry-specific","military","PROFESSIONAL","","Lawyers","23","23-1000","23-1010","23-1011"
"JUNIOR","non-job title","none","","","","","","",""
"JUNIOR DIRECTOR","operations","administration","MANAGER","","","","","",""
"JUNIOR VICE PRESIDENT","operations","administration","MANAGER","","","","","",""
"LAWYER","operations","legal","PROFESSIONAL","","Lawyers","23","23-1000","23-1010","23-1011"
"LECTURER","industry-specific","higher education","PROFESSIONAL","","Postsecondary Teachers","25","25-1000","",""
"LEGAL ADVISOR","operations","legal","PROFESSIONAL","","Legal Support Workers, All Other","23","23-2000","23-2090","23-2099"
"LEGISLATIVE","operations","legal","STAFF","","","","","",""
"LIAISON","operations","marketing and communications","STAFF","","Public Relations Specialists","27","27-3000","27-3030","27-3031"
"LIBRARIAN","industry-specific","arts and history","STAFF","","Librarians and Media Collections Specialists","25","25-4000","25-4020","25-4022"
"LIBRARY DIRECTOR","industry-specific","higher education","MANAGER","","Librarians and Media Collections Specialists","25","25-4000","25-4020","25-4022"
"LIEUTENANT","industry-specific","military","MANAGER","","","","","",""
"LINEMAN","industry-specific","utilities","STAFF","","Electrical Power-Line Installers and Repairers","49","49-9000","49-9050","49-9051"
"MAINTENANCE","operations","facilities","STAFF","","Maintenance and Repair Workers, General","49","49-9000","49-9070","49-9071"
"MANAGER","operations","administration","MANAGER","","Managers, All Other","11","11-9000","11-9190","11-9199"
"MANAGER OF OPERATIONS","operations","administration","MANAGER","","General and Operations Managers","11","11-1000","11-1020","11-1021"
"MANAGING DIRECTOR","executive","general management","OFFICER","","Chief Executives","11","11-1000","11-1010","11-1011"
"MARKETING","operations","marketing and communications","STAFF","","Market Research Analysts and Marketing Specialists","13","13-1000","13-1160","13-1161"
"MARSHAL","industry-specific","military","OFFICER","","","","","",""
"MEDICAL DIRECTOR","industry-specific","medical","MANAGER","","Medical and Health Services Managers","11","11-9000","11-9110","11-9111"
"MEDICAL OFFICER","industry-specific","medical","PROFESSIONAL","","Physicians","29","29-1000","29-1210",""
"MEMBERSHIP","operations","fundraising and membership","STAFF","","Fundraisers","13","13-1000","13-1130","13-1131"
"MEMBERSHIP COORDINATOR","operations","fundraising and membership","STAFF","","Fundraisers","13","13-1000","13-1130","13-1131"
"MILITARY","industry-specific","military","STAFF","","","","","",""
"MUSEUM DIRECTOR","industry-specific","arts and history","CEO","","Chief Executives","11","11-1000","11-1010","11-1011"
"MUSEUM GUIDE","industry-specific","arts and history","STAFF","","Tour Guides and Escorts","39","39-7000","39-7010","39-7011"
"MUSIC DIRECTOR","industry-specific","arts and history","MANAGER","","Music Directors and Composers","27","27-2000","27-2040","27-2041"
"MUSICIAN","industry-specific","arts and history","PROFESSIONAL","","Music Directors and Composers","27","27-2000","27-2040","27-2041"
"NA","non-job title","missing","","","","","","",""
"NO TITLE","non-job title","missing","","","","","","",""
"NURSE","industry-specific","medical","PROFESSIONAL","","Registered Nurses","29","29-1000","29-1140","29-1141"
"OFFICE ADMINISTRATOR","operations","administration","MANAGER","","General and Operations Managers","11","11-1000","11-1020","11-1021"
"OFFICE MANAGER","operations","administration","MANAGER","","First-Line Supervisors of Office and Administrative Support Workers","43","43-1000","43-1010","43-1011"
"OFFICER MANAGER","operations","administration","MANAGER","","General and Operations Managers","11","11-1000","11-1020","11-1021"
"OPERATIONS","operations","administration","STAFF","","","","","",""
"OPERATIONS MANAGER","operations","administration","MANAGER","","General and Operations Managers","11","11-1000","11-1020","11-1021"
"ORGANIZATION DIRECTOR","executive","general management","OFFICER","","Chief Executives","11","11-1000","11-1010","11-1011"
"ORGANIZER","operations","administration","STAFF","","Community and Social Service Specialists, All Other","21","21-1000","21-1090","21-1099"
"OUTGOING","non-job title","none","","","","","","",""
"OUTREACH DIRECTOR","operations","programs and events","MANAGER","","Social and Community Service Managers","11","11-9000","11-9150","11-9151"
"OUTREACH MANAGER","operations","programs and events","MANAGER","","Social and Community Service Managers","11","11-9000","11-9150","11-9151"
"PASTOR","industry-specific","religion","CEO","","Clergy","21","21-2000","21-2010","21-2011"
"PHARMACIST","industry-specific","medical","PROFESSIONAL","","Pharmacists","29","29-1000","29-1050","29-1051"
"PHILANTHROPY","operations","fundraising and membership","STAFF","","Fundraisers","13","13-1000","13-1130","13-1131"
"POLITICAL DIRECTOR","operations","programs and events","MANAGER","","","","","",""
"POLITICIAN","non-job title","none","","","","","","",""
"POST COMMANDER","industry-specific","military","CEO","","","","","",""
"PRELATE","industry-specific","religion","STAFF","","","","","",""
"PRESIDENT","executive","general management","CEO","","Chief Executives","11","11-1000","11-1010","11-1011"
"PRESIDENT OF MEDICAL STAFF","industry-specific","medical","PROFESSIONAL","","Physicians","29","29-1000","29-1210",""
"PRINCIPAL","industry-specific","education","CEO","","Education Administrators, Kindergarten through Secondary","11","11-9000","11-9030","11-9032"
"PRODUCER","industry-specific","arts and history","STAFF","","Producers and Directors","27","27-2000","27-2010","27-2012"
"PRODUCING DIRECTOR","industry-specific","arts and history","OFFICER","","Producers and Directors","27","27-2000","27-2010","27-2012"
"PRODUCTION","industry-specific","arts and history","STAFF","","Producers and Directors","27","27-2000","27-2010","27-2012"
"PRODUCTION ASSISTANT","industry-specific","arts and history","STAFF","","","","","",""
"PRODUCTION MANAGER","industry-specific","arts and history","MANAGER","","Producers and Directors","27","27-2000","27-2010","27-2012"
"PROFESSOR","industry-specific","higher education","PROFESSIONAL","","Postsecondary Teachers","25","25-1000","",""
"PROGRAMMING","operations","programs and events","STAFF","","","","","",""
"PROGRAMS","operations","programs and events","STAFF","","","","","",""
"PROGRAMS COORDINATOR","operations","programs and events","STAFF","","Community and Social Service Specialists, All Other","21","21-1000","21-1090","21-1099"
"PROGRAMS DIRECTOR","operations","programs and events","MANAGER","","Social and Community Service Managers","11","11-9000","11-9150","11-9151"
"PROGRAMS MANAGER","operations","programs and events","MANAGER","","Social and Community Service Managers","11","11-9000","11-9150","11-9151"
"PROGRAMS OFFICER","operations","programs and events","STAFF","","Community and Social Service Specialists, All Other","21","21-1000","21-1090","21-1099"
"PROGRAMS VICE PRESIDENT","operations","programs and events","OFFICER","","Social and Community Service Managers","11","11-9000","11-9150","11-9151"
"PROJECT MANAGER","operations","administration","MANAGER","","Project Management Specialists","13","13-1000","13-1080","13-1082"
"PROJECTS DIRECTOR","operations","administration","MANAGER","","","","","",""
"PROVOST","industry-specific","higher education","OFFICER","","Education Administrators, Postsecondary","11","11-9000","11-9030","11-9033"
"PUBLIC RELATIONS","operations","marketing and communications","STAFF","","Public Relations Specialists","27","27-3000","27-3030","27-3031"
"PUBLIC RELATIONS ASSOCIATE","operations","marketing and communications","STAFF","","Public Relations Specialists","27","27-3000","27-3030","27-3031"
"PUBLIC SAFETY","operations","facilities","STAFF","","","","","",""
"PUBLISHER","operations","writers and editors","STAFF","","Media and Communication Workers, All Other","27","27-3000","27-3090","27-3099"
"RECRUITMENT","operations","human resources","STAFF","","Human Resources Specialists","13","13-1000","13-1070","13-1071"
"REGIONAL DIRECTOR","operations","administration","MANAGER","","General and Operations Managers","11","11-1000","11-1020","11-1021"
"REGIONAL MANAGER","operations","administration","MANAGER","","General and Operations Managers","11","11-1000","11-1020","11-1021"
"REGIONAL VICE PRESIDENT","executive","general management","OFFICER","","General and Operations Managers","11","11-1000","11-1020","11-1021"
"REGISTRAR","industry-specific","higher education","STAFF","","Educational Instruction and Library Workers, All Other","25","25-9000","25-9090","25-9099"
"SCHOLARSHIPS","industry-specific","higher education","STAFF","","","","","",""
"SCIENTIST","operations","research and development","PROFESSIONAL","","","","","",""
"SCOUT EXECUTIVE","operations","programs and events","CEO","","Chief Executives","11","11-1000","11-1010","11-1011"
"SECRETARY","operations","administration","STAFF","","Secretaries and Administrative Assistants","43","43-6000","43-6010",""
"SECRETARY GENERAL","executive","general management","OFFICER","","Chief Executives","11","11-1000","11-1010","11-1011"
"SENIOR CURATOR","industry-specific","arts and history","PROFESSIONAL","","Curators","25","25-4000","25-4010","25-4012"
"SENIOR DIRECTOR OF DEVELOPMENT","operations","fundraising and membership","MANAGER","","Fundraising Managers","11","11-2000","11-2030","11-2033"
"SENIOR DIRECTOR OF OPERATIONS","operations","administration","MANAGER","","General and Operations Managers","11","11-1000","11-1020","11-1021"
"SENIOR DIRECTOR OF PROGRAMS","operations","programs and events","MANAGER","","Social and Community Service Managers","11","11-9000","11-9150","11-9151"
"SENIOR DIRECTOR OF STRATEGY AND ENGAGEMENT","operations","business development","MANAGER","","General and Operations Managers","11","11-1000","11-1020","11-1021"
"SENIOR EDITOR","operations","writers and editors","STAFF","","Editors","27","27-3000","27-3040","27-3041"
"SENIOR EXECUTIVE VICE PRESIDENT","executive","general management","OFFICER","","General and Operations Managers","11","11-1000","11-1020","11-1021"
"SENIOR FELLOW","operations","research and development","PROFESSIONAL","","","","","",""
"SENIOR INSTRUCTOR","industry-specific","education","STAFF","","Teachers and Instructors, All Other","25","25-3000","25-3090","25-3099"
"SENIOR PROGRAMS OFFICER","operations","programs and events","MANAGER","","Social and Community Service Managers","11","11-9000","11-9150","11-9151"
"SENIOR VICE PRESIDENT","executive","general management","OFFICER","","General and Operations Managers","11","11-1000","11-1020","11-1021"
"SENIOR VICE PRESIDENT OF ADVANCEMENT","operations","fundraising and membership","OFFICER","","Fundraising Managers","11","11-2000","11-2030","11-2033"
"SENIOR VICE PRESIDENT OF BUSINESS DEVELOPMENT","operations","business development","OFFICER","","General and Operations Managers","11","11-1000","11-1020","11-1021"
"SENIOR VICE PRESIDENT OF FINANCE","operations","finance","OFFICER","","Financial Managers","11","11-3000","11-3030","11-3031"
"SENIOR VICE PRESIDENT OF FINANCE AND ADMINISTRATION","operations","finance","OFFICER","","Financial Managers","11","11-3000","11-3030","11-3031"
"SENIOR VICE PRESIDENT OF HOUSING OPERATIONS","industry-specific","housing","OFFICER","","Property, Real Estate, and Community Association Managers","11","11-9000","11-9140","11-9141"
"SENIOR VICE PRESIDENT OF OPERATIONS","executive","general management","OFFICER","","General and Operations Managers","11","11-1000","11-1020","11-1021"
"SENIOR VICE PRESIDENT OF PRODUCTION","industry-specific","arts and history","OFFICER","","Producers and Directors","27","27-2000","27-2010","27-2012"
"SOCIAL","industry-specific","social services","STAFF","","Counselors","21","21-1000","21-1010",""
"SOCIAL WORKER","industry-specific","social services","STAFF","","Counselors","21","21-1000","21-1010",""
"SPORTS","industry-specific","recreation and sports","STAFF","","Athletes, Coaches, Umpires, and Related Workers","27","27-2000","27-2020",""
"SPORTS DIRECTOR","industry-specific","recreation and sports","MANAGER","","Coaches and Scouts","27","27-2000","27-2020","27-2022"
"STAFF","operations","administration","STAFF","","","","","",""
"STAFF REPRESENTATIVE","operations","administration","PROFESSIONAL","","Business Operations Specialists, All Other","13","13-1000","13-1190","13-1199"
"STATION MANAGER","operations","administration","MANAGER","","General and Operations Managers","11","11-1000","11-1020","11-1021"
"STRATEGY","operations","business development","STAFF","","","","","",""
"STUDIO DIRECTOR","operations","facilities","MANAGER","","","","","",""
"SUPERINTENDENT","industry-specific","education","CEO","","Education Administrators, Kindergarten through Secondary","11","11-9000","11-9030","11-9032"
"SUPERVISOR","operations","administration","MANAGER","","","","","",""
"SURGEON","industry-specific","medical","PROFESSIONAL","","Surgeons","29","29-1000","29-1240",""
"SURGEON GENERAL","industry-specific","medical","MANAGER","","","","","",""
"TEACHER","industry-specific","education","STAFF","","Preschool, Elementary, Middle, Secondary, and Special Education Teachers","25","25-2000","",""
"TEAM LEADER","operations","administration","MANAGER","","","","","",""
"TECHNOLOGY","operations","technology","STAFF","","Computer Occupations","15","15-1200","",""
"THERAPIST","industry-specific","medical","PROFESSIONAL","","Therapists","29","29-1000","29-1120",""
"TRAINING","operations","human resources","STAFF","","Training and Development Specialists","13","13-1000","13-1150","13-1151"
"TRAINING COORDINATOR","operations","human resources","STAFF","","Training and Development Specialists","13","13-1000","13-1150","13-1151"
"TRAINING DIRECTOR","operations","human resources","MANAGER","","Training and Development Managers","11","11-3000","11-3130","11-3131"
"TRAINING OFFICER","operations","human resources","STAFF","","Training and Development Specialists","13","13-1000","13-1150","13-1151"
"UNDERGRAD DIRECTOR","industry-specific","higher education","MANAGER","","Education Administrators, Postsecondary","11","11-9000","11-9030","11-9033"
"VETERINARIAN","industry-specific","medical","PROFESSIONAL","","Veterinarians","29","29-1000","29-1130","29-1131"
"VICE CEO","executive","general management","OFFICER","","Chief Executives","11","11-1000","11-1010","11-1011"
"VICE PRESIDENT","executive","general management","OFFICER","","General and Operations Managers","11","11-1000","11-1020","11-1021"
"VICE PRESIDENT AND CIO","operations","technology","OFFICER","","Computer and Information Systems Managers","11","11-3000","11-3020","11-3021"
"VICE PRESIDENT OF ACADEMICS","industry-specific","higher education","OFFICER","","Education Administrators, Postsecondary","11","11-9000","11-9030","11-9033"
"VICE PRESIDENT OF ACADEMICS AFFAIRS","industry-specific","higher education","OFFICER","","Education Administrators, Postsecondary","11","11-9000","11-9030","11-9033"
"VICE PRESIDENT OF ACQUISITIONS AND PROJECTS","operations","business development","OFFICER","","","","","",""
"VICE PRESIDENT OF ADMINISTRATION","operations","administration","OFFICER","","Administrative Services Managers","11","11-3000","11-3010","11-3012"
"VICE PRESIDENT OF ADVANCEMENT","operations","fundraising and membership","OFFICER","","Fundraising Managers","11","11-2000","11-2030","11-2033"
"VICE PRESIDENT OF BUSINESS DEVELOPMENT","operations","business development","OFFICER","","General and Operations Managers","11","11-1000","11-1020","11-1021"
"VICE PRESIDENT OF BUSINESS OPERATIONS","executive","general management","OFFICER","","General and Operations Managers","11","11-1000","11-1020","11-1021"
"VICE PRESIDENT OF COLLECTIONS","industry-specific","arts and history","OFFICER","","Curators","25","25-4000","25-4010","25-4012"
"VICE PRESIDENT OF COMMUNICATIONS","operations","marketing and communications","OFFICER","","Advertising and Promotions Managers","11","11-2000","11-2010","11-2011"
"VICE PRESIDENT OF COMMUNICATIONS AND OPERATIONS","executive","general management","OFFICER","","General and Operations Managers","11","11-1000","11-1020","11-1021"
"VICE PRESIDENT OF COMMUNITY","operations","programs and events","OFFICER","","","","","",""
"VICE PRESIDENT OF CORPORATE RECORDS","operations","marketing and communications","OFFICER","","","","","",""
"VICE PRESIDENT OF DEVELOPMENT","operations","fundraising and membership","OFFICER","","Fundraising Managers","11","11-2000","11-2030","11-2033"
"VICE PRESIDENT OF ECONOMIC DEVELOPMENT","operations","business development","OFFICER","","General and Operations Managers","11","11-1000","11-1020","11-1021"
"VICE PRESIDENT OF EDUCATION","industry-specific","education","OFFICER","","Education Administrators, All Other","11","11-9000","11-9030","11-9039"
"VICE PRESIDENT OF EDUCATION AND GUEST EXPERIENCE","industry-specific","education","OFFICER","","Education Administrators, All Other","11","11-9000","11-9030","11-9039"
"VICE PRESIDENT OF EVENTS","operations","programs and events","OFFICER","","Meeting, Convention, and Event Planners","13","13-1000","13-1120","13-1121"
"VICE PRESIDENT OF EXHIBITS","industry-specific","arts and history","OFFICER","","Set and Exhibit Designers","27","27-1000","27-1020","27-1027"
"VICE PRESIDENT OF EXTERNAL AFFAIRS","operations","marketing and communications","OFFICER","","Public Relations Managers","11","11-2000","11-2030","11-2032"
"VICE PRESIDENT OF FACILITIES","operations","facilities","OFFICER","","Facilities Managers","11","11-3000","11-3010","11-3013"
"VICE PRESIDENT OF FINANCE","operations","finance","OFFICER","","Financial Managers","11","11-3000","11-3030","11-3031"
"VICE PRESIDENT OF FINANCE AND ADMINISTRATION","operations","finance","OFFICER","","Financial Managers","11","11-3000","11-3030","11-3031"
"VICE PRESIDENT OF FINANCE AND OPERATIONS","operations","finance","OFFICER","","Financial Managers","11","11-3000","11-3030","11-3031"
"VICE PRESIDENT OF FUNDRAISING","operations","fundraising and membership","OFFICER","","Fundraising Managers","11","11-2000","11-2030","11-2033"
"VICE PRESIDENT OF GOVERNMENT AFFAIRS","operations","marketing and communications","OFFICER","","Public Relations Managers","11","11-2000","11-2030","11-2032"
"VICE PRESIDENT OF HEALTH","industry-specific","medical","OFFICER","","Medical and Health Services Managers","11","11-9000","11-9110","11-9111"
"VICE PRESIDENT OF HEALTH CARE OPERATIONS","industry-specific","medical","OFFICER","","Medical and Health Services Managers","11","11-9000","11-9110","11-9111"
"VICE PRESIDENT OF HOSPITALITY","industry-specific","hospitality","OFFICER","","Lodging Managers","11","11-9000","11-9080","11-9081"
"VICE PRESIDENT OF HOUSING","industry-specific","housing","OFFICER","","Property, Real Estate, and Community Association Managers","11","11-9000","11-9140","11-9141"
"VICE PRESIDENT OF HOUSING OPERATIONS","industry-specific","housing","OFFICER","","Property, Real Estate, and Community Association Managers","11","11-9000","11-9140","11-9141"
"VICE PRESIDENT OF HUMAN RESOURCES","operations","human resources","OFFICER","","Human Resources Managers","11","11-3000","11-3120","11-3121"
"VICE PRESIDENT OF INFORMATION TECHNOLOGY","operations","technology","OFFICER","","Computer and Information Systems Managers","11","11-3000","11-3020","11-3021"
"VICE PRESIDENT OF INSTITUTIONAL ADVANCEMENT","operations","fundraising and membership","OFFICER","","Fundraising Managers","11","11-2000","11-2030","11-2033"
"VICE PRESIDENT OF LEGAL","operations","legal","OFFICER","","Lawyers","23","23-1000","23-1010","23-1011"
"VICE PRESIDENT OF LENDING","operations","finance","OFFICER","","Financial Managers","11","11-3000","11-3030","11-3031"
"VICE PRESIDENT OF MARKETING","operations","marketing and communications","OFFICER","","Marketing Managers","11","11-2000","11-2020","11-2021"
"VICE PRESIDENT OF MARKETING AND COMMUNICATIONS","operations","marketing and communications","OFFICER","","Marketing Managers","11","11-2000","11-2020","11-2021"
"VICE PRESIDENT OF MARKETING AND PUBLICITY","operations","marketing and communications","OFFICER","","Marketing Managers","11","11-2000","11-2020","11-2021"
"VICE PRESIDENT OF MEDICAL AFFAIRS","industry-specific","medical","OFFICER","","Medical and Health Services Managers","11","11-9000","11-9110","11-9111"
"VICE PRESIDENT OF MEMBERSHIP","operations","fundraising and membership","OFFICER","","Fundraising Managers","11","11-2000","11-2030","11-2033"
"VICE PRESIDENT OF MEMBERSHIPS","operations","fundraising and membership","OFFICER","","Fundraising Managers","11","11-2000","11-2030","11-2033"
"VICE PRESIDENT OF MUSEUM EXPERIENCE","industry-specific","arts and history","OFFICER","","","","","",""
"VICE PRESIDENT OF MUSIC","industry-specific","arts and history","OFFICER","","Music Directors and Composers","27","27-2000","27-2040","27-2041"
"VICE PRESIDENT OF OPERATIONS","executive","general management","OFFICER","","General and Operations Managers","11","11-1000","11-1020","11-1021"
"VICE PRESIDENT OF PHILANTHROPY","operations","fundraising and membership","OFFICER","","Fundraising Managers","11","11-2000","11-2030","11-2033"
"VICE PRESIDENT OF PRODUCTION","industry-specific","arts and history","OFFICER","","Producers and Directors","27","27-2000","27-2010","27-2012"
"VICE PRESIDENT OF PROGRAMMING","operations","programs and events","OFFICER","","","","","",""
"VICE PRESIDENT OF PROGRAMS","operations","programs and events","OFFICER","","Social and Community Service Managers","11","11-9000","11-9150","11-9151"
"VICE PRESIDENT OF PROJECTS","operations","programs and events","OFFICER","","","","","",""
"VICE PRESIDENT OF PUBLIC RELATIONS","operations","marketing and communications","OFFICER","","Public Relations Managers","11","11-2000","11-2030","11-2032"
"VICE PRESIDENT OF PUBLICITY","operations","marketing and communications","OFFICER","","Public Relations Managers","11","11-2000","11-2030","11-2032"
"VICE PRESIDENT OF REAL ESTATE DEVELOPMENT","operations","business development","OFFICER","","Property, Real Estate, and Community Association Managers","11","11-9000","11-9140","11-9141"
"VICE PRESIDENT OF RESEARCH","operations","research and development","OFFICER","","Life, Physical, and Social Science Occupations","19","","",""
"VICE PRESIDENT OF RISK MANAGEMENT","operations","business development","OFFICER","","","","","",""
"VICE PRESIDENT OF SALES","operations","marketing and communications","OFFICER","","Marketing Managers","11","11-2000","11-2020","11-2021"
"VICE PRESIDENT OF SALES AND MARKETING","operations","marketing and communications","OFFICER","","Marketing Managers","11","11-2000","11-2020","11-2021"
"VICE PRESIDENT OF STRATEGY","operations","business development","OFFICER","","General and Operations Managers","11","11-1000","11-1020","11-1021"
"VICE PRESIDENT OF TECHNOLOGY","operations","technology","OFFICER","","Computer and Information Systems Managers","11","11-3000","11-3020","11-3021"
"VICE PRESIDENT OF UNIVERSITY ADVANCEMENT","industry-specific","higher education","OFFICER","","Fundraising Managers","11","11-2000","11-2030","11-2033"
"VICE PRESIDENT OF VOLUNTEERS","operations","human resources","OFFICER","","","","","",""
"VOLUNTEER","operations","administration","STAFF","","","","","",""
"VOLUNTEER COORDINATOR","operations","human resources","STAFF","","Human Resources Specialists","13","13-1000","13-1070","13-1071"
"VOLUNTEER DIRECTOR","operations","human resources","MANAGER","","","","","",""
"WARDEN","industry-specific","religion","STAFF","","","","","",""
"WEBMASTER","operations","technology","STAFF","","Web Developers","15","15-1200","15-1250","15-1254"
"WRITER","operations","writers and editors","STAFF","","Editors","27","27-3000","27-3040","27-3041"
"YOUTH DIRECTOR","operations","programs and events","MANAGER","","Social and Community Service Managers","11","11-9000","11-9150","11-9151"
