"title.standard","domain.category","domain.label","soc.label","major.group","minor.group","broad.group","detailed.occupation","emp","ceo","c.level","dir.vp","mgr","spec","board","pres","vp","sec","treas","mem"
"ACCOUNTANT","operations","finance","Accountants and Auditors","13","13-2000","13-2010","13-2011","X","","","","","X","","","","","",""
"ACCOUNTING DIRECTOR","operations","finance","","","","","","X","","","X","","","","","","","",""
"ACTOR","industry-specific","arts and history","Actors, producers, and directors","27","27-2000","27-2010","27-2011","X","","","","","X","","","","","",""
"ADMINISTRATION DIRECTOR","operations","administration","","","","","","X","","","X","","","","","","","",""
"ADMINISTRATION OFFICER","operations","administration","","","","","","X","","","","","X","","","","","",""
"ADMINISTRATIVE ASSISTANT","operations","administration","Secretaries and administrative assistants","43","43-6000","43-6010","","X","","","","","X","","","","","",""
"ADMINISTRATOR","operations","administration","Administrative services and facilities managers","11","11-3000","11-3010","11-3012","X","","","","X","","","","","","",""
"ADOPTION COUNSELOR","industry-specific","social services","Counselors","21","21-1000","21-1010","","X","","","","","X","","","","","",""
"ADVISOR","operations","business development","","","","","","X","","","","","X","","","","","",""
"ADVISORY BOARD","board","board","","","","","","","","","","","","X","","","","",""
"ALTERNATE","non-job title","xxx","xxx","","","","","","","","","","","","","","","",""
"AMBASSADOR","non-job title","xxx","xxx","","","","","","","","","","","","","","","",""
"ANALYST","operations","administration","management analysts","13","13-1000","13-1110","13-1111","X","","","","","X","","","","","",""
"ARCHITECT","industry-specific","engineering and architecture","Architects, except naval","17","17-1000","17-1010","","X","","","","","X","","","","","",""
"ARCHIVES DIRECTOR","industry-specific","arts and history","","","","","","X","","","X","","","","","","","",""
"ARCHIVIST","industry-specific","arts and history","Archivists, Curators, and Museum Technicians","25","25-4000","25-4010","25-4011","X","","","","","X","","","","","",""
"ARTIST","industry-specific","arts and history","Artists and related workers","27","27-1000","27-1010","27-2013","X","","","","","X","","","","","",""
"ARTISTIC DIRECTOR","industry-specific","arts and history","Artists and related workers","27","27-1000","27-1010","27-1011","X","","","X","","","","","","","",""
"ARTISTIC LIAISON","industry-specific","arts and history","","","","","","X","","","","","X","","","","","",""
"ASSISTANT","operations","administration","Secretaries and administrative assistants","43","43-6000","43-6010","","X","","","","","X","","","","","",""
"ASSISTANT BUSINESS AGENT","operations","business development","","","","","","X","","","","","X","","","","","",""
"ASSISTANT CEO","operations","administration","Chief executives","11","11-1000","11-1010","11-1011","X","X","","","","","","","","","",""
"ASSISTANT CHIEF","","","","","","","","","","","","","","","","","","",""
"ASSISTANT CLERK","operations","administration","","","","","","X","","","","","X","","","","","",""
"ASSISTANT CURATOR","industry-specific","arts and history","","","","","","X","","","","","X","","","","","",""
"ASSISTANT DIRECTOR","operations","administration","General and operations manager","11","11-1000","11-1020","11-1021","X","","","X","","","","","","","",""
"ASSISTANT DIRECTOR OF MARKETING","operations","marketing-sales","","","","","","X","","","X","","","","","","","",""
"ASSISTANT REGISTRAR","industry-specific","higher education","","","","","","X","","","","","X","","","","","",""
"ASSISTANT SECRETARY","operations","administration","Secretaries and administrative assistants","43","43-6000","43-6010","","X","","","","","X","","","","","",""
"ASSISTANT TREASURER","board","board","board","board","board","board","board","","","","","","","X","","","","X",""
"ASSISTANT VICE PRESIDENT","operations","administration","General and operations manager","11","11-1000","11-1020","11-1021","X","","","X","","","","","","","",""
"ASSOCIATE ARTISTIC DIRECTOR","industry-specific","arts and history","","","","","","X","","","X","","","","","","","",""
"ASSOCIATE CEO","operations","administration","Chief executives","11","11-1000","11-1010","11-1011","X","X","","","","","","","","","",""
"ASSOCIATE DEAN","industry-specific","higher education","","","","","","X","","","X","","","","","","","",""
"ASSOCIATE DIRECTOR","operations","administration","General and operations manager","11","11-1000","11-1020","11-1021","X","","","X","","","","","","","",""
"ASSOCIATE MEMBER","board","board","","","","","","","","","","","","X","","","","",""
"ASSOCIATE VICE PRESIDENT","operations","administration","","","","","","X","","","X","","","","","","","",""
"ATHLETE","industry-specific","recreation and sports","Athletes, coaches, umpires, and related workers","27","27-2000","27-2020","27-2023","X","","","","","X","","","","","",""
"ATTORNEY","operations","legal","Lawyers","23","23-1000","23-1010","23-1011","X","","","","","X","","","","","",""
"AUDITOR","operations","finance","Accountants and Auditors","13","13-2000","13-2010","13-2011","X","","","","","X","","","","","",""
"BAND DIRECTOR","industry-specific","arts and history","Musicians, singers, and related workers","27","27-2000","27-2040","27-2041","X","","","X","","","","","","","",""
"BOARD CHAIR","board","board","","","","","","","","","","","","X","","","","",""
"BOARD MEMBER","board","board","board","board","board","board","board","","","","","","","X","","","","","X"
"BOARD PRESIDENT","board","board","board","board","board","board","board","","","","","","","X","X","","","",""
"BOARD SECRETARY","board","board","board","board","board","board","board","","","","","","","X","","","X","",""
"BOARD SECRETARY TREASURER","board","board","","","","","","","","","","","","X","","","X","X",""
"BOARD TREASURER","board","board","board","board","board","board","board","","","","","","","X","","","","X",""
"BOARD VICE PRESIDENT","board","board","board","board","board","board","board","","","","","","","X","","X","","",""
"BOARD VICE PRESIDENT TREASURER","board","board","","","","","","","","","","","","X","","X","","X",""
"BOOKKEEPER","operations","finance","Bookkeeping, accounting, and auditing clerks","43","43-3000","43-3030","43-3031","X","","","","","X","","","","","",""
"BUSINESS ADVISOR","operations","business development","","","","","","X","","","","","X","","","","","",""
"BUSINESS AGENT","operations","administration","Miscellaneous business operations specialists","13","13-1000","13-1190","13-1199","","","","","","X","","","","","",""
"BUSINESS GAENT","operations","business development","","","","","","X","","","","","X","","","","","",""
"BUSINESS MANAGER","operations","business development","","","","","","X","","","","","X","","","","","",""
"BUSINESS REPRESENTATIVE","operations","administration","Business operations specialists","13","13-1000","13-1190","13-1199","","","","","","X","","","","","",""
"CAO","operations","","","","","","","X","","X","","","","","","","","",""
"CAPTAIN","industry-specific","military","","","","","","X","","","","","","","","","","",""
"CARETAKER","","","","","","","","X","","","","","X","","","","","",""
"CAUCUS COUNCILOR","board","board","","","","","","","","","","","","X","","","","",""
"CEO","operations","administration","Chief executives","11","11-1000","11-1010","11-1011","X","X","X","","","","","","","","",""
"CO-CEO","operations","administration","Chief executives","11","11-1000","11-1010","11-1011","X","X","X","","","","","","","","",""
"EXECUTIVE DIRECTOR","operations","administration","Chief executives","11","11-1000","11-1010","11-1011","X","","X","","","","","","","","",""
"EXECUTIVE ADMINISTRATION","operations","administration","Chief executives","11","11-1000","11-1010","11-1011","X","","X","","","","","","","","",""
"GENERAL DIRECTOR","operations","administration","Chief executives","11","11-1000","11-1010","11-1011","X","","X","","","","","","","","",""
"MANAGING DIRECTOR","operations","administration","Chief executives","11","11-1000","11-1010","11-1011","X","","X","","","","","","","","",""
"ORGANIZATION DIRECTOR","operations","administration","Chief executives","11","11-1000","11-1010","11-1011","X","","X","","","","","","","","",""
"CHIEF FINANCIAL OFFICER","operations","finance","Financial manager","11","11-3000","11-3030","11-3031","X","","X","","","","","","","","",""
"CFO","operations","finance","Financial manager","11","11-3000","11-3030","11-3031","X","","X","","","","","","","","",""
"CHAPLAIN","industry-specific","religious","Religious workers","21","21-2000","21-2090","21-2099","X","","","","","X","","","","","",""
"CHEF","xxx","xxx","","","","","","","","","","","","","","","","",""
"CHIEF","xxx","xxx","","","","","","","","","","","","","","","","",""
"CHIEF ACADEMICS OFFICER","industry-specific","higher education","","","","","","X","","X","","","","","","","","",""
"CHIEF ACCOUNTANT","operations","finance","Accountants and Auditors","13","13-2000","13-2010","13-2011","X","","","","X","","","","","","",""
"CHIEF ADMINISTRATION OFFICER","operations","administration","","","","","","X","","X","","","","","","","","",""
"CHIEF ADMINISTRATIVE OFFICER","operations","administration","General and operations manager","11","11-1000","11-1020","11-1021","X","","X","","","","","","","","",""
"CHIEF ADVANCEMENT OFFICER","operations","fundraising and membership","General and operations manager","11","11-1000","11-1020","11-1021","X","","X","","","","","","","","",""
"CHIEF ARCHITECT","industry-specific","engineering and architecture","Architects, except naval/ architectural manager (11-9041)","17","17-1000","17-1010","","X","","","","X","","","","","","",""
"CHIEF ARTISTIC OFFICER","industry-specific","arts and history","General and operations manager","11","11-1000","11-1020","11-1021","X","","X","","","","","","","","",""
"CHIEF BUSINESS DEVELOPMENT OFFICER","operations","business development","General and operations manager","11","11-1000","11-1020","11-1021","X","","X","","","","","","","","",""
"CHIEF CIVIC PROGRAMS OFFICER","operations","programs and events","Social and community service managers","11","11-9000","11-9050","11-9051","X","","X","","","","","","","","",""
"CHIEF CLERK","operations","administration","Financial clerk?","","","","","X","","","","X","","","","","","",""
"CHIEF CLINICAL OFFICER","industry-specific","medical","","","","","","X","","X","","","","","","","","",""
"CHIEF COLLECTIONS OFFICER","industry-specific","arts and history","General and operations manager","11","11-1000","11-1020","11-1021","X","","X","","","","","","","","",""
"CHIEF CONTENT OFFICER","industry-specific","marketing-sales","General and operations manager","11","11-1000","11-1020","11-1021","X","","X","","","","","","","","",""
"CHIEF CURATOR","industry-specific","arts and history","General and operations manager","11","11-1000","11-1020","11-1021","X","","X","","","","","","","","",""
"CHIEF DEVELOPMENT OFFICER","operations","fundraising and membership","General and operations manager","11","11-1000","11-1020","11-1021","X","","X","","","","","","","","",""
"CHIEF DIGITAL OFFICER","operations","technology","General and operations manager","11","11-1000","11-1020","11-1021","X","","X","","","","","","","","",""
"CHIEF ENGAGEMENT OFFICER","operations","comms-pr","General and operations manager","11","11-1000","11-1020","11-1021","X","","X","","","","","","","","",""
"CHIEF HISTORIAN","industry-specific","arts and history","General and operations manager","11","11-1000","11-1020","11-1021","X","","X","","","","","","","","",""
"CHIEF HUMAN RESOURCES OFFICER","operations","human resources","General and operations manager","11","11-1000","11-1020","11-1021","X","","X","","","","","","","","",""
"CHIEF IMAM","industry-specific","religious","Religious workers","21","21-2000","21-2090","21-2099","X","","","","X","","","","","","",""
"CHIEF INFORMATION OFFICER","operations","technology","General and operations manager","11","11-1000","11-1020","11-1021","X","","X","","","","","","","","",""
"CHIEF INNOVATION OFFICER","operations","business development","General and operations manager","11","11-1000","11-1020","11-1021","X","","X","","","","","","","","",""
"CHIEF INSIGHTS OFFICER","operations","administration","General and operations manager","11","11-1000","11-1020","11-1021","X","","X","","","","","","","","",""
"CHIEF INSTITUTIONAL ADVANCEMENT OFFICER","operations","fundraising and membership","General and operations manager","11","11-1000","11-1020","11-1021","X","","X","","","","","","","","",""
"CHIEF INVESTMENT OFFICER","operations","finance","","","","","","X","","X","","","","","","","","",""
"CHIEF LEARNING OFFICER","operations","education","","","","","","X","","X","","","","","","","","",""
"CHIEF LEGAL OFFICER","operations","legal","General and operations manager","11","11-1000","11-1020","11-1021","X","","X","","","","","","","","",""
"CHIEF MARKETING OFFICER","operations","marketing-sales","General and operations manager","11","11-1000","11-1020","11-1021","X","","X","","","","","","","","",""
"CHIEF MARSHAL","industry-specific","xxx","","","","","","X","","","","X","","","","","","",""
"CHIEF MECHANICAL OFFICER","operations","engineering and architecture","General and operations manager","11","11-1000","11-1020","11-1021","X","","X","","","","","","","","",""
"CHIEF MEDICAL OFFICER","industry-specific","medical","","","","","","X","","X","","","","","","","","",""
"CHIEF NURSING OFFICER","industry-specific","medical","","","","","","X","","X","","","","","","","","",""
"CHIEF OF STAFF","operations","administration","Executive Secretaries and Executive Administrative Assistants","43","43-6000","43-6010","43-6011","X","","","","X","","","","","","",""
"CHIEF OPERATING OFFICER","operations","administration","Chief executives","11","11-1000","11-1010","11-1011","X","","X","","","","","","","","",""
"CHIEF PARTNERSHIP OFFICER","operations","comms-pr","General and operations manager","11","11-1000","11-1020","11-1021","X","","X","","","","","","","","",""
"CHIEF PHILANTHROPY OFFICER","operations","fundraising and membership","General and operations manager","11","11-1000","11-1020","11-1021","X","","X","","","","","","","","",""
"CHIEF PROGRAMS OFFICER","operations","programs and events","General and operations manager","11","11-1000","11-1020","11-1021","X","","X","","","","","","","","",""
"CHIEF RELATIONS OFFICER","operations","comms-pr","General and operations manager","11","11-1000","11-1020","11-1021","X","","X","","","","","","","","",""
"CHIEF SCIENTIFIC OFFICER","operations","research and development","General and operations manager","11","11-1000","11-1020","11-1021","X","","X","","","","","","","","",""
"CHIEF STRATEGY OFFICER","operations","business development","General and operations manager","11","11-1000","11-1020","11-1021","X","","X","","","","","","","","",""
"CHIEF SUSTAINABILITY OFFICER","operations","facilities","General and operations manager","11","11-1000","11-1020","11-1021","X","","X","","","","","","","","",""
"CHIEF TECHNOLOGY OFFICER","operations","technology","General and operations manager","11","11-1000","11-1020","11-1021","X","","X","","","","","","","","",""
"CIVIC DIRECTOR","industry-specific (operations?)","comms-pr","Social and community service managers","11","11-9000","11-9050","11-9051","X","","","X","","","","","","","",""
"CLERK","operations","administration","Financial clerk?","","","","","X","","","","","X","","","","","",""
"CLINICAL DIRECTOR","industry-specific","medical","","","","","","X","","","X","","","","","","","",""
"CLUB MANAGER","operations","administration","Miscellaneous Managers","11","11-9000","11-9190","11-9199","X","","","","X","","","","","","",""
"CMO","operations","marketing-pr","Chief medical officer?","","","","","X","","X","","","","","","","","",""
"COLLECTIONS","industry-specific","arts and history","","","","","","X","","","","","X","","","","","",""
"COLLECTIONS MANAGER","industry-specific","arts and history","","","","","","X","","","","X","","","","","","",""
"COMMISSIONER","xxx","xxx","","","","","","","","","","","","","","","","",""
"COMMITTEE CHAIR","board","board","board","board","board","board","board","","","","","","","X","","","","","X"
"COMMODO","","","","","","","","","","","","","","","","","","",""
"COMMUNICATIONS","operations","comms-pr","Miscellaneous Media and Communication Workers","27","27-3000","27-3090","27-3099","X","","","","","X","","","","","",""
"COMMUNITY RELATIONS","operations","comms-pr","","","","","","X","","","","","X","","","","","",""
"COMPLIANCE DIRECTOR","operations","legal","","","","","","X","","","X","","","","","","","",""
"COMPLIANCE OFFICER","operations","legal","","","","","","X","","","","","X","","","","","",""
"COMPOSER","industry-specific","arts and history","Musicians, singers, and related workers","27","27-2000","27-2040","27-2041","X","","","","","X","","","","","",""
"COMPTROLLER","operations","finance","Miscellaneous Financial Specialists","13","13-2000","13-2090","13-2099","X","","","","","X","","","","","",""
"COMPTROLLER","operations","finance","","","","","","X","","","","","X","","","","","",""
"CONCESSIONS","","","","","","","","","","","","","","","","","","",""
"CONDUCTOR","industry-specific","arts and history","Musicians, singers, and related workers","27","27-2000","27-2040","","X","","","","","X","","","","","",""
"CONSULTANT","operations","business development","","","","","","X","","","","","X","","","","","",""
"CONTRACT COMPLIANCE","operations","legal","","","","","","X","","","","","X","","","","","",""
"CONTRACTOR TRUSTEE","board","board","","","","","","","","","","","","X","","","","",""
"COO","operations","administration","General and operations manager","11","11-1000","11-1020","11-1021","X","","X","","","","","","","","",""
"COORDINATOR","operations","administration","","","","","","X","","","","","X","","","","","",""
"CORPORATE SECRETARY","operations","administration","Secretaries and administrative assistants","43","43-6000","43-6010","","X","","","","","X","","","","","",""
"COUNCIL CHAIR","board","board","","","","","","","","","","","","X","","","","",""
"COUNCIL PRESIDENT","board","board","","","","","","","","","","","","X","X","","","",""
"COUNCILMAN","board","board","","","","","","","","","","","","X","","","","",""
"COUNSELOR","industry-specific","social services","Counselors","21","21-1000","21-1010","","X","","","","","X","","","","","",""
"CREATIVE DIRECTOR","industry-specific","arts and history","artistic director vs. marketing?","","","","","X","","","X","","","","","","","",""
"CURATOR","industry-specific","arts and history","Archivists, Curators, and Museum Technicians","25","25-4000","25-4010","25-4012","X","","","","","X","","","","","",""
"CUSTODIAN","operations","facilities","","","","","","X","","","","","X","","","","","",""
"DEACON","industry-specific","religion","","","","","","X","","","","","X","","","","","",""
"DEAN","industry-specific","higher education","Education and childcare administrators","11","11-9000","11-9030","11-9033","X","","","X","","","","","","","",""
"DEPUTY CEO","operations","administration","","","","","","X","X","","","","","","","","","",""
"DEPUTY CHIEF","","","","","","","","","","","","","","","","","","",""
"DEPUTY DIRECTOR","operations","administration","General and operations manager","11","11-1000","11-1020","11-1021","X","","","X","","","","","","","",""
"DEPUTY GRAND","","","","","","","","","","","","","","","","","","",""
"DEPUTY GRAND KNIGHT","","","","","","","","","","","","","","","","","","",""
"DEVELOPMENT","operations","fundraising and membership","Fundraisers","13","13-1000","13-1130","13-1131","X","","","","","X","","","","","",""
"DEVELOPMENT MANAGER","operations","fundraising and membership","","","","","","X","","","","X","","","","","","",""
"DEVELOPMENT OFFICER","operations","fundraising and membership","","","","","","X","","","","","X","","","","","",""
"DIRECTOR","operations","administration","","","","","","X","","","X","","","","","","","",""
"DIRECTOR ALUMNA","industry-specific","higher education","","","","","","X","","","X","","","","","","","",""
"DIRECTOR OF ACADEMICS","industry-specific","higher education","","","","","","X","","","X","","","","","","","",""
"DIRECTOR OF ACQUISITIONS","operations","business development","","","","","","X","","","X","","","","","","","",""
"DIRECTOR OF ADMINISTRATION","operations","administration","Administrative services and facilities managers","11","11-3000","11-3010","11-3012","X","","","X","","","","","","","",""
"DIRECTOR OF ADVANCEMENT","operations","fundraising and membership","Public relations and fundraising managers","11","11-2000","11-2030","11-2033","X","","","X","","","","","","","",""
"DIRECTOR OF BUDGET AND ANALYTICS","operations","finance","","","","","","X","","","X","","","","","","","",""
"DIRECTOR OF BUSINESS","operations","business development","","","","","","X","","","X","","","","","","","",""
"DIRECTOR OF BUSINESS DEVELOPMENT","operations","business development","General and operations manager","11","11-1000","11-1020","11-1021","X","","","X","","","","","","","",""
"DIRECTOR OF COLLECTIONS","industry-specific","arts and history","","","","","","X","","","X","","","","","","","",""
"DIRECTOR OF COMMITTEE","board","board","board","board","board","board","board","","","","","","","X","","","","","X"
"DIRECTOR OF COMMUNICATIONS","operations","comms-pr","Advertising and Promotions Managers","11","11-2000","11-2010","11-2011","X","","","X","","","","","","","",""
"DIRECTOR OF CONTENT","","","","","","","","X","","","X","","","","","","","",""
"DIRECTOR OF CORPORATE X","","","","","","","","X","","","X","","","","","","","",""
"DIRECTOR OF DEVELOPMENT","operations","fundraising and membership","Public relations and fundraising managers","11","11-2000","11-2030","11-2033","X","","","X","","","","","","","",""
"DIRECTOR OF EDUCATION","industry-specific","education","","","","","","X","","","X","","","","","","","",""
"DIRECTOR OF ENGAGEMENT","","","","","","","","X","","","X","","","","","","","",""
"DIRECTOR OF ENGINEERING","operations","engineering and architecture","Architectural and Engineering Managers","11","11-9000","11-9040","11-9041","X","","","X","","","","","","","",""
"DIRECTOR OF EVENTS","operations","programs and events","","","","","","X","","","X","","","","","","","",""
"DIRECTOR OF EXHIBITIONS","industry-specific","arts and history","","","","","","X","","","X","","","","","","","",""
"DIRECTOR OF EXTERNAL AFFAIRS","operations","comms-pr","Public relations and fundraising managers","11","11-2000","11-2030","11-2032","X","","","X","","","","","","","",""
"DIRECTOR OF FACILITIES","operations","facilities","Administrative services and facilities managers","11","11-3000","11-3010","11-3012","X","","","X","","","","","","","",""
"DIRECTOR OF FINANCE","operations","finance","financial manager","11","11-3000","11-3030","11-3031","X","","","X","","","","","","","",""
"DIRECTOR OF FINANCE AND ADMINISTRATION","operations","finance","financial manager","11","11-3000","11-3030","11-3031","X","","","X","","","","","","","",""
"DIRECTOR OF FINANCE AND OPERATIONS","operations","finance","financial manager","11","11-3000","11-3030","11-3031","X","","","X","","","","","","","",""
"DIRECTOR OF FUNDRAISING","operations","fundraising and membership","Public relations and fundraising managers","11","11-2000","11-2030","11-2033","X","","","X","","","","","","","",""
"DIRECTOR OF HUMAN RESOURCES","operations","human resources","Human resources managers","11","11-3000","11-3120","11-3121","X","","","X","","","","","","","",""
"DIRECTOR OF INFORMATION TECHNOLOGY","operations","technology","Computer and information system manager","11","11-3000","11-3020","11-3021","X","","","X","","","","","","","",""
"DIRECTOR OF LEGAL AFFAIRS","operations","legal","","","","","","X","","","X","","","","","","","",""
"DIRECTOR OF LEGISLATIVE AFFAIRS","operations","legal","","","","","","X","","","X","","","","","","","",""
"DIRECTOR OF MAJOR GIFTS","operations","fundraising and membership","","","","","","X","","","X","","","","","","","",""
"DIRECTOR OF MARKETING","operations","marketing-sales","Marketing and sales managers","11","11-2000","11-2020","11-2021","X","","","X","","","","","","","",""
"DIRECTOR OF MARKETING AND COMMUNICATIONS","","","","","","","","X","","","X","","","","","","","",""
"DIRECTOR OF MEMBERSHIP","operations","fundraising and membership","Public relations and fundraising managers","11","11-2000","11-2030","11-2033","X","","","X","","","","","","","",""
"DIRECTOR OF MUSIC","industry-specific","arts and history","Musicians, singers, and related workers","27","27-2000","27-2040","27-2041","X","","","X","","","","","","","",""
"DIRECTOR OF NURSING","industry-specific","medical","","","","","","X","","","X","","","","","","","",""
"DIRECTOR OF OPERATIONS","operations","administration","General and operations manager","11","11-1000","11-1020","11-1021","X","","","X","","","","","","","",""
"DIRECTOR OF PRODUCTION","industry-specific","arts and history","Actors, producers, and directors","27","27-2000","27-2010","27-2012","X","","","X","","","","","","","",""
"DIRECTOR OF PROGRAMS","operations","programs and events","","","","","","X","","","X","","","","","","","",""
"DIRECTOR OF PUBLIC AFFAIRS","operations","comms-pr","","","","","","X","","","X","","","","","","","",""
"DIRECTOR OF PUBLIC RELATIONS","operations","comms-pr","Public relations and fundraising managers","11","11-2000","11-2030","11-2032","X","","","X","","","","","","","",""
"DIRECTOR OF PUBLICITY","operations","comms-pr","","","","","","X","","","X","","","","","","","",""
"DIRECTOR OF RESEARCH","operations","research and development","Life, physical, and social science and research occupations","19","","","","X","","","X","","","","","","","",""
"DIRECTOR OF RISK MANAGEMENT","operations","business development","","","","","","X","","","X","","","","","","","",""
"DIRECTOR OF SALES","operations","marketing-sales","","","","","","X","","","X","","","","","","","",""
"DIRECTOR OF SECURITY","operations","facilities","","","","","","X","","","X","","","","","","","",""
"DIRECTOR OF STRATEGY AND ENGAGEMENT","","","","","","","","X","","","X","","","","","","","",""
"DIRECTOR OF TECHNOLOGY","operations","technology","Computer and information system manager","11","11-3000","11-3020","11-3021","X","","","X","","","","","","","",""
"DIRECTOR VICE CHAIR","operations","administration","","","","","","X","","","X","","","","","","","",""
"DIVISION DIRECTOR","operations","administration","","","","","","X","","","X","","","","","","","",""
"DOCTOR","industry-specific","medical","","","","","","X","","","","","X","","","","","",""
"EDITOR","operations","writers and editors","Writers and editors","27","27-3000","27-3040","27-3041","X","","","","X","","","","","","",""
"EDITOR IN CHIEF","operations","writers and editors","Writers and editors","27","27-3000","27-3040","27-3041","X","","","X","","","","","","","",""
"EDUCATION","industry-specific","education","","","","","","X","","","","","X","","","","","",""
"EDUCATION COORDINATOR","operations","education","","","","","","X","","","","","X","","","","","",""
"EDUCATION INSTRUCTOR","industry-specific","education","","","","","","X","","","","","X","","","","","",""
"EDUCATION MN","industry-specific","education","","","","","","X","","","","","X","","","","","",""
"EDUCATOR","industry-specific","education","","","","","","X","","","","","X","","","","","",""
"ELDER","industry-specific","religious","Religious workers","21","21-2000","21-2090","21-2099","X","","","","","X","","","","","",""
"EMPLOYEE","operations","employee","","","","","","X","","","","","X","","","","","",""
"ENDOWMENTS","operations","fundraising and membership","","","","","","X","","","","","X","","","","","",""
"ENGINEER","operations","facilities","","","","","","X","","","","","X","","","","","",""
"EVENT COORDINATOR","operations","programs and events","Meeting, convention, and event planners","13","13-1000","13-1120","13-1121","X","","","","","X","","","","","",""
"EVENTS","operations","programs and events","Meeting, convention, and event planners","13","13-1000","13-1120","13-1121","X","","","","","X","","","","","",""
"EXECUTIVE","operations","administration","","","","","","","","","","","","","","","","",""
"EXECUTIVE ARTISTIC DIRECTOR","industry-specific","arts and history","Artists and related workers","27","27-1000","27-1010","27-1011","X","","","X","","","","","","","",""
"EXECUTIVE ASSISTANT","operations","administration","Executive Secretaries and Executive Administrative Assistants","43","43-6000","43-6010","43-6011","X","","","","X","","","","","","",""
"EXECUTIVE CHEF","","","","","","","","","","","","","","","","","","",""
"EXECUTIVE EDITOR","operations","writers and editors","Writers and editors","27","27-3000","27-3040","27-3041","X","","","","X","","","","","","",""
"EXECUTIVE PRODUCER","industry-specific","arts and history","Actors, producers, and directors","27","27-2000","27-2010","27-2012","X","","","X","","","","","","","",""
"EXECUTIVE SECRETARY","operations","administration","Secretaries and administrative assistants","43","43-6000","43-6010","43-6011","X","","","","X","","","","","","",""
"EXECUTIVE SENIOR VICE PRESIDENT","operations","administration","General and operations manager","11","11-1000","11-1020","11-1021","X","","","","","","","","","","",""
"EXECUTIVE VICE PRESIDENT","operations","administration","General and operations manager","11","11-1000","11-1020","11-1021","X","","","X","","","","","","","",""
"FACILITIES","operations","facilities","","","","","","X","","","","","X","","","","","",""
"FACULTY","industry-specific","higher education","","","","","","X","","","","","X","","","","","",""
"FACULTY REPRESENTATIVE","board","higher education","board","board","board","board","board","","","","","","","X","","","","",""
"FIELD DIRECTOR","operations","administration","","","","","","X","","","X","","","","","","","",""
"FIELD REPRESENTATIVE","operations","administration","","","","","","X","","","","","X","","","","","",""
"FINANCE","operations","finance","Financial Specialists","13","13-2000","","","X","","","","","X","","","","","",""
"FINANCE ADVISOR","operations","finance","","","","","","X","","","","","X","","","","","",""
"FINANCE AND ADMINISTRATION","","","","","","","","X","","","","","X","","","","","",""
"FINANCE MANAGER","operations","finance","financial manager","11","11-3000","11-3030","11-3031","X","","","","X","","","","","","",""
"FINANCE OFFICER","operations","finance","financial manager","11","11-3000","11-3030","11-3031","X","","","","","X","","","","","",""
"FINANCIAL SECRETARY","operations","finance","","","","","","X","","","","","X","","","","","",""
"FIRE CHIEF","industry-specific","","","","","","","X","","","","","","","","","","",""
"FIRE FIGHTER","industry-specific","","","","","","","X","","","","","X","","","","","",""
"FLEET CAPTAIN","industry-specific","military","","","","","","X","","","","","","","","","","",""
"FOUNDATION MANAGER","operations","fundraising and membership","Public relations and fundraising managers","11","11-2000","11-2030","11-2033","X","","","","X","","","","","","",""
"FOUNDER","operations","administration","General and operations manager","11","11-1000","11-1020","11-1021","X","","","","","X","","","","","",""
"FOUNDING ARTISTIC DIRECTOR","industry-specific","arts and history","","","","","","X","","","X","","","","","","","",""
"FUND ADMINISTRATOR","operations","finance","","","","","","X","","","","X","","","","","","",""
"FUNDRAISING","operations","fundraising and membership","Fundraisers","13","13-1000","13-1130","13-1131","X","","","","","X","","","","","",""
"GARDEN DIRECTOR","operations","administration","","","","","","X","","","X","","","","","","","",""
"GENEALOGIST","industry-specific","medical","","","","","","X","","","","","X","","","","","",""
"GENERAL COUNSEL","operations","legal","Lawyers","23","23-1000","23-1010","23-1011","X","","X","","","","","","","","",""
"GENERAL MANAGER","operations","administration","General and operations manager","11","11-1000","11-1020","11-1021","X","","","","X","","","","","","",""
"GIFT SHOP MANAGER","operations","marketing-sales","","","","","","X","","","","X","","","","","","",""
"GOVERNANCE","board","board","board","board","board","board","board","","","","","","","","","","","",""
"GUARD","operations","facilities","","","","","","X","","","","","X","","","","","",""
"GUILD PRESIDENT","industry-specific","arts and history","","","","","","","","","","","","","","","","",""
"HEAD TEACHER","industry-specific","education","","","","","","X","","","","X","","","","","","",""
"HISTORIAN","industry-specific","arts and history","Miscellaneous social scientists and related workers","19","19-3000","19-3090","19-3093","X","","","","","X","","","","","",""
"HOSPITALITY","operations","administration","Miscellaneous Sales Representatives, Services","41","41-3000","41-3090","41-3091","X","","","","","X","","","","","",""
"HUMAN RESOURCES","operations","human resources","","","","","","X","","","","","X","","","","","",""
"IMAM","industry-specific","religious","Religious workers","21","21-2000","21-2090","21-2099","X","","","","","X","","","","","",""
"INCORPORATOR","board","board","","","","","","","","","","","","X","","","","",""
"INDUSTRY REPRESENTATIVE","operations","administration","","","","","","X","","","","","X","","","","","",""
"INFORMATION OFFICER","operations","technology","","","","","","X","","","","","X","","","","","",""
"INFORMATION TECHNOLOGY MANAGER","operations","technology","Computer and information system manager","11","11-3000","11-3020","11-3021","X","","","","X","","","","","","",""
"INSTRUCTOR","industry-specific","education","Educational instruction and library occupations","25","","","","X","","","","","X","","","","","",""
"INTERN","NA","NA","","","","","","","","","","","","","","","","",""
"INVESTMENT OFFICER","operations","finance","","","","","","X","","","","","X","","","","","",""
"JANITOR","operations","facilities","","","","","","X","","","","","X","","","","","",""
"JUDGE ADVOCATE","industry-specific","military","","","","","","X","","","","","X","","","","","",""
"JUNIOR","","","","","","","","","","","","","","","","","","",""
"JUNIOR DIRECTOR","operations","administration","","","","","","X","","","X","","","","","","","",""
"JUNIOR VICE COMMITTEE","board","board","","","","","","","","","","","","X","","","","",""
"JUNIOR VICE PRESIDENT","operations","administration","","","","","","X","","","X","","","","","","","",""
"LABOR RELATIONS COMMITTEE","board","board","","","","","","","","","","","","X","","","","",""
"LAWYER","operations","legal","","","","","","X","","","","","X","","","","","",""
"LECTURER","industry-specific","higher education","","","","","","X","","","","","X","","","","","",""
"LEGAL ADVISOR","operations","legal","Miscellaneous Legal Support Workers","23","23-2000","23-2090","23-2099","X","","","","","X","","","","","",""
"LEGISLATIVE","operations","legal","","","","","","X","","","","","X","","","","","",""
"LIAISON","operations","comms-pr","Public Relations Specialists","27","27-3000","27-3030","27-3031","X","","","","","X","","","","","",""
"LIBRARIAN","industry-specific","arts and history","Librarians and media collections specialists","25","25-4000","25-4020","25-4022","X","","","","","X","","","","","",""
"LIBRARY DIRECTOR","industry-specific","higher education","","","","","","X","","","X","","","","","","","",""
"LIEUTENANT","industry-specific","military","","","","","","X","","","","","","","","","","",""
"MAINTENANCE","operations","facilities","","","","","","X","","","","","X","","","","","",""
"MANAGER","operations","administration","","","","","","X","","","","X","","","","","","",""
"MANAGER OF OPERATIONS","operations","administration","","","","","","X","","","","X","","","","","","",""
"MARKETING","operations","marketing-sales","Market Research Analysts and Marketing Specialists","13","13-1000","13-1160","13-1161","X","","","","","X","","","","","",""
"MARSHAL","industry-specific","military","","","","","","X","","X","","","","","","","","",""
"MEDICAL DIRECTOR","industry-specific","medical","","","","","","X","","","X","","","","","","","",""
"MEDICAL EXAMINING BOARD","board","board","","","","","","","","","","","","X","","","","",""
"MEDICAL OFFICER","industry-specific","medical","","","","","","X","","","","X","","","","","","",""
"MEMBERSHIP","operations","fundraising and membership","Fundraisers","13","13-1000","13-1130","13-1131","X","","","","","X","","","","","",""
"MEMBERSHIP COORDINATOR","operations","fundraising and membership","","","","","","X","","","","","X","","","","","",""
"MILITARY","industry-specific","military","","","","","","X","","","","","X","","","","","",""
"MUSEUM DIRECTOR","industry-specific","arts and history","Chief Executives","11","11-1000","11-1010","11-1011","X","X","","","","","","","","","",""
"MUSIC DIRECTOR","industry-specific","arts and history","Musicians, singers, and related workers","27","27-2000","27-2040","27-2041","X","","","X","","","","","","","",""
"MUSICIAN","industry-specific","arts and history","Musicians, singers, and related workers","27","27-2000","27-2040","27-2041","X","","","","","X","","","","","",""
"NA","NA","missing","missing","","","","","","","","","","","","","","","",""
"NURSE","industry-specific","medical","","","","","","X","","","","","X","","","","","",""
"OFFICE ADMINISTRATOR","operations","administration","General and operations manager","11","11-1000","11-1020","11-1021","X","","","","X","","","","","","",""
"OFFICE MANAGER","operations","administration","","","","","","X","","","","X","","","","","","",""
"OFFICER MANAGER","operations","administration","General and operations manager","11","11-1000","11-1020","11-1021","X","","","","X","","","","","","",""
"OPERATIONS","operations","administration","","","","","","X","","","","","X","","","","","",""
"OPERATIONS MANAGER","operations","administration","General and operations manager","11","11-1000","11-1020","11-1021","X","","","","X","","","","","","",""
"ORGANIZER","operations","administration","","","","","","X","","","","X","","","","","","",""
"ORIENTAL GUIDE","","","","","","","","","","","","","","","","","","",""
"OUTGOING","NA","xxx","xxx","","","","","","","","","","","","","","","",""
"OUTREACH DIRECTOR","operations","programs and events","","","","","","X","","","X","","","","","","","",""
"OUTREACH MANAGER","operations","programs and events","","","","","","X","","","","X","","","","","","",""
"PASTOR","industry-specific","religion","","","","","","X","X","","","","","","","","","",""
"PERSONNEL CHAIR","board","board","","","","","","","","","","","","X","","","","",""
"PHILANTHROPY","operations","fundraising and membership","Fundraisers","13","13-1000","13-1130","13-1131","X","","","","","X","","","","","",""
"POLITICAL DIRECTOR","","","","","","","","","X","","","","","","","","","",""
"POLITICIAN","","","","","","","","","","","","","","","","","","",""
"POST COMMANDER","industry-specific","military","","","","","","X","X","","","","","","","","","",""
"PRELATE","industry-specific","religion","","","","","","X","","","","","X","","","","","",""
"PRESIDENT","operations","administration","","","","","","X","X","","","","","","","","","",""
"PRESIDENT OF MEDICAL STAFF","industry-specific","medical","","","","","","X","X","","","","","","","","","",""
"PRESIDENT TREASURER","board","board","","","","","","","","","","","","X","","","","",""
"PRINCIPAL","xxx","xxx","","","","","","X","X","","","","","","","","","",""
"PRODUCER","industry-specific","arts and history","Actors, producers, and directors","27","27-2000","27-2010","27-2012","X","","","","","X","","","","","",""
"PRODUCING DIRECTOR","industry-specific","arts and history","Actors, producers, and directors","27","27-2000","27-2010","27-2012","X","","","X","","","","","","","",""
"PRODUCTION","industry-specific","arts and history","Actors, producers, and directors","27","27-2000","27-2010","27-2012","X","","","","","X","","","","","",""
"PRODUCTION ASSISTANT","industry-specific","arts and history","","","","","","X","","","","","X","","","","","",""
"PRODUCTION MANAGER","industry-specific","arts and history","Actors, producers, and directors","27","27-2000","27-2010","27-2012","X","","","","X","","","","","","",""
"PROFESSOR","industry-specific","higher education","","","","","","X","","","","","X","","","","","",""
"PROGRAMMING","operations","programs and events","","","","","","X","","","","","X","","","","","",""
"PROGRAMS","operations","programs and events","","","","","","X","","","","","X","","","","","",""
"PROGRAMS COORDINATOR","operations","programs and events","","","","","","X","","","","","X","","","","","",""
"PROGRAMS DIRECTOR","operations","programs and events","","","","","","X","","","X","","","","","","","",""
"PROGRAMS MANAGER","operations","programs and events","","","","","","X","","","","X","","","","","","",""
"PROGRAMS OFFICER","operations","programs and events","","","","","","X","","","","","X","","","","","",""
"PROGRAMS VICE PRESIDENT","operations","programs and events","","","","","","X","","","X","","","","","","","",""
"PROJECT MANAGER","operations","administration","","","","","","X","","","","X","","","","","","",""
"PROJECTS DIRECTOR","operations","administration","","","","","","X","","","X","","","","","","","",""
"PROVOST","industry-specific","higher education","Education and childcare administrators","11","11-9000","11-9030","11-9033","X","","X","","","","","","","","",""
"PUBLIC RELATIONS","operations","comms-pr","Public relations specialists","27","27-3000","27-3030","27-3031","X","","","","","X","","","","","",""
"PUBLIC RELATIONS ASSOCIATE","operations","comms-pr","Public relations specialists","27","27-3000","27-3030","27-3031","X","","","","","X","","","","","",""
"PUBLIC SAFETY","operations","facilities","","","","","","X","","","","","X","","","","","",""
"PUBLISHER","operations","writers and editors","Miscellaneous Media and Communication Workers","27","27-3000","27-3090","27-3099","X","","","","","X","","","","","",""
"RECRUITMENT","operations","human resources","","","","","","X","","","","","X","","","","","",""
"REGIONAL DIRECTOR","operations","administration","","","","","","X","","","X","","","","","","","",""
"REGIONAL MANAGER","operations","administration","","","","","","X","","","","X","","","","","","",""
"REGIONAL VICE PRESIDENT","operations","administration","General and operations manager","11","11-1000","11-1020","11-1021","X","","","X","","","","","","","",""
"REGISTRAR","industry-specific","higher education","Miscellaneous Educational Instruction and Library Workers","25","25-9000","25-9090","25-9099","X","","","","","X","","","","","",""
"REPRESENTATIVE","xxx","xxx","","","","","","","","","","","","X","","","","",""
"SCHOLARSHIPS","industry-specific","higher education","","","","","","X","","","","","X","","","","","",""
"SCOUT EXECUTIVE","operations","programs and events","","","","","","X","","","X","","","","","","","",""
"SECRETARY","operations","administration","Secretaries and administrative assistants","43","43-6000","43-6010","","X","","","","","X","","","","","",""
"SECRETARY GENERAL","operations","administration","Chief executives","11","11-1000","11-1010","11-1011","X","","X","","","","","","","","",""
"SENIOR CURATOR","industry-specific","arts and history","Archivists, Curators, and Museum Technicians","25","25-4000","25-4010","25-4012","X","","","","","X","","","","","",""
"SENIOR DIRECTOR OF DEVELOPMENT","operations","fundraising and membership","","","","","","X","","","X","","","","","","","",""
"SENIOR DIRECTOR OF OPERATIONS","operations","administration","General and operations manager","11","11-1000","11-1020","11-1021","X","","","X","","","","","","","",""
"SENIOR DIRECTOR OF PROGRAMS","industry-specific","programs and events","","","","","","X","","","X","","","","","","","",""
"SENIOR DIRECTOR OF STRATEGY AND ENGAGEMENT","operations","business development","General and operations manager","11","11-1000","11-1020","11-1021","X","","","X","","","","","","","",""
"SENIOR EDITOR","operations","writers and editors","Writers and editors","27","27-3000","27-3040","27-3041","X","","","","","X","","","","","",""
"SENIOR EXECUTIVE VICE PRESIDENT","operations","administration","General and operations manager","11","11-1000","11-1020","11-1021","X","","","X","","","","","","","",""
"SENIOR INSTRUCTOR","industry-specific","education","Educational instruction and library occupations","25","","","","X","","","","","X","","","","","",""
"SENIOR PROGRAMS OFFICER","operations","programs and events","","","","","","X","","","","X","","","","","","",""
"SENIOR VICE PRESIDENT","operations","administration","General and operations manager","11","11-1000","11-1020","11-1021","X","","","X","","","","","","","",""
"SENIOR VICE PRESIDENT OF ADVANCEMENT","operations","fundraising and membership","Public relations and fundraising managers","11","11-2000","11-2030","11-2033","X","","","X","","","","","","","",""
"SENIOR VICE PRESIDENT OF BUSINESS DEVELOPMENT","operations","business development","General and operations manager","11","11-1000","11-1020","11-1021","X","","","X","","","","","","","",""
"SENIOR VICE PRESIDENT OF FINANCE","operations","finance","","","","","","X","","","X","","","","","","","",""
"SENIOR VICE PRESIDENT OF FINANCE AND ADMINISTRATION","operations","finance","financial manager","11","11-3000","11-3030","11-3031","X","","","X","","","","","","","",""
"SENIOR VICE PRESIDENT OF HOUSING OPERATIONS","operations","administration","","","","","","X","","","X","","","","","","","",""
"SENIOR VICE PRESIDENT OF OPERATIONS","operations","administration","","","","","","X","","","X","","","","","","","",""
"SENIOR VICE PRESIDENT OF PRODUCTION","industry-specific","arts and history","Actors, producers, and directors","27","27-2000","27-2010","27-2012","X","","","X","","","","","","","",""
"SERGEANT AT ARM","board","board","","","","","","","","","","","","X","","","","",""
"SERGEANT AT ARMS","board","board","","","","","","","","","","","","X","","","","",""
"SOCIAL","industry-specific","social services","Counselors","21","21-1000","21-1010","","X","","","","","X","","","","","",""
"SOCIAL WORKER","industry-specific","social services","Counselors","21","21-1000","21-1010","","X","","","","","X","","","","","",""
"SPORTS","industry-specific","recreation and sports","Athletes, coaches, umpires, and related workers","27","27-2000","27-2020","27-2023","X","","","","","X","","","","","",""
"SPORTS DIRECTOR","industry-specific","recreation and sports","Athletes, coaches, umpires, and related workers","27","27-2000","27-2020","27-2023","X","","","X","","","","","","","",""
"STAFF","operations","administration","","","","","","X","","","","","X","","","","","",""
"STAFF REPRESENTATIVE","operations","administration","","","","","","","","","","","","X","","","","",""
"STATION MANAGER","operations","administration","General and operations manager","11","11-1000","11-1020","11-1021","X","","","","X","","","","","","",""
"STRATEGY","operations","business development","","","","","","X","","","","","X","","","","","",""
"STUDIO DIRECTOR","operations","facilities","","","","","","X","","","X","","","","","","","",""
"SUPERINTENDENT","operations","administration","","","","","","X","X","","","","","","","","","",""
"SUPERVISOR","operations","administration","","","","","","X","","","","X","","","","","","",""
"SUPERVISORY COMMITTEE","board","board","","","","","","","","","","","","X","","","","",""
"SURGEON","industry-specific","medical","Surgeons","29","29-1000","29-1240","","X","","","","","X","","","","","",""
"SURGEON GENERAL","industry-specific","medical","","","","","","X","","","X","","","","","","","",""
"TEACHER","industry-specific","education","Educational instruction and library occupations","25","","","","X","","","","","X","","","","","",""
"TEAM LEADER","operations","administration","","","","","","X","","","","X","","","","","","",""
"TECHNOLOGY","operations","technology","Computer Occupations","15","15-1200","","","X","","","","","X","","","","","",""
"THERAPIST","industry-specific","medical","","","","","","X","","","","","X","","","","","",""
"TRAINING","operations","human resources","","","","","","X","","","","","X","","","","","",""
"TRAINING DIRECTOR","operations","human resources","","","","","","X","","","X","","","","","","","",""
"TRAINING OFFICER","operations","human resources","","","","","","X","","","","","X","","","","","",""
"UNDERGRAD DIRECTOR","industry-specific","higher education","","","","","","X","","","X","","","","","","","",""
"UNION REPRESENTATIVE","operations","administration","","","","","","","","","","","","X","","","","",""
"VICE CEO","operations","administration","","","","","","X","X","","","","","","","","","",""
"VICE CHAIR","board","board","","","","","","","","","","","","X","","","","",""
"VICE COMMANDER","industry-specific","military","","","","","","X","","","","","","","","","","",""
"VICE PRESIDENT","operations","administration","General and operations manager","11","11-1000","11-1020","11-1021","X","","","X","","","","","","","",""
"VICE PRESIDENT AND CIO","","","","","","","","X","","","","","","","","","","",""
"VICE PRESIDENT OF ACADEMICS","industry-specific","higher education","","","","","","X","","","X","","","","","","","",""
"VICE PRESIDENT OF ACADEMICS AFFAIRS","industry-specific","higher education","","","","","","X","","","X","","","","","","","",""
"VICE PRESIDENT OF ACQUISITIONS AND PROJECTS","operations","business development","","","","","","X","","","X","","","","","","","",""
"VICE PRESIDENT OF ADMINISTRATION","operations","administration","Administrative services and facilities managers","11","11-3000","11-3010","11-3012","X","","","X","","","","","","","",""
"VICE PRESIDENT OF ADVANCEMENT","operations","fundraising and membership","Public relations and fundraising managers","11","11-2000","11-2030","11-2033","X","","","X","","","","","","","",""
"VICE PRESIDENT OF ALUMNAE RELATIONS","industry-specific","higher education","","","","","","X","","","X","","","","","","","",""
"VICE PRESIDENT OF BUSINESS DEVELOPMENT","operations","business development","General and operations manager","11","11-1000","11-1020","11-1021","X","","","X","","","","","","","",""
"VICE PRESIDENT OF BUSINESS OPERATIONS","operations","administration","General and operations manager","11","11-1000","11-1020","11-1021","X","","","X","","","","","","","",""
"VICE PRESIDENT OF COLLECTIONS","industry-specific","arts and history","","","","","","X","","","X","","","","","","","",""
"VICE PRESIDENT OF COMMITTEE RELATIONS","operations","comms-pr","","","","","","X","","","X","","","","","","","",""
"VICE PRESIDENT OF COMMUNICATIONS","operations","comms-pr","Advertising and Promotions Managers","11","11-2000","11-2010","11-2011","X","","","X","","","","","","","",""
"VICE PRESIDENT OF COMMUNICATIONS AND OPERATIONS","","","","","","","","X","","","X","","","","","","","",""
"VICE PRESIDENT OF COMMUNITY","","","","","","","","X","","","X","","","","","","","",""
"VICE PRESIDENT OF CORPORATE RECORDS","operations","comms-pr","","","","","","X","","","X","","","","","","","",""
"VICE PRESIDENT OF CORRESPONDENCE","operations","comms-pr","","","","","","X","","","X","","","","","","","",""
"VICE PRESIDENT OF DEVELOPMENT","operations","fundraising and membership","Public relations and fundraising managers","11","11-2000","11-2030","11-2033","X","","","X","","","","","","","",""
"VICE PRESIDENT OF ECONOMIC DEVELOPMENT","operations","business development","","","","","","X","","","X","","","","","","","",""
"VICE PRESIDENT OF EDUCATION","industry-specific","education","","","","","","X","","","X","","","","","","","",""
"VICE PRESIDENT OF EDUCATION AND GUEST EXPERIENCE","","","","","","","","X","","","X","","","","","","","",""
"VICE PRESIDENT OF EVENTS","operations","programs and events","","","","","","X","","","X","","","","","","","",""
"VICE PRESIDENT OF EXHIBITS","industry-specific","arts and history","Designers","27","27-1000","27-1020","27-1027","X","","","X","","","","","","","",""
"VICE PRESIDENT OF EXTERNAL AFFAIRS","operations","comms-pr","","","","","","X","","","X","","","","","","","",""
"VICE PRESIDENT OF FACILITIES","operations","facilities","Administrative services and facilities managers","11","11-3000","11-3010","11-3013","X","","","X","","","","","","","",""
"VICE PRESIDENT OF FINANCE","operations","finance","Financial managers","11","11-3000","11-3030","11-3031","X","","","X","","","","","","","",""
"VICE PRESIDENT OF FINANCE AND ADMINISTRATION","","","","","","","","X","","","X","","","","","","","",""
"VICE PRESIDENT OF FINANCE AND OPERATIONS","operations","finance","Financial managers","11","11-3000","11-3030","11-3031","X","","","X","","","","","","","",""
"VICE PRESIDENT OF FRATERNITY DEVELOPMENT","operations","fundraising and membership","","","","","","X","","","X","","","","","","","",""
"VICE PRESIDENT OF FUNDRAISING","operations","fundraising and membership","Public relations and fundraising managers","11","11-2000","11-2030","11-2033","X","","","X","","","","","","","",""
"VICE PRESIDENT OF GOVERNMENT AFFAIRS","operations","comms-pr","","","","","","X","","","X","","","","","","","",""
"VICE PRESIDENT OF HEALTH","industry-specific","medical","Medical and health services managers","11","11-9000","11-9110","11-9111","X","","","X","","","","","","","",""
"VICE PRESIDENT OF HEALTH CARE OPERATIONS","industry-specific","medical","","","","","","X","","","X","","","","","","","",""
"VICE PRESIDENT OF HOSPITALITY","industry-specific","hospitality","Lodging managers","11","11-9000","11-9080","11-9081","X","","","X","","","","","","","",""
"VICE PRESIDENT OF HOUSING","operations","facilities","","","","","","X","","","X","","","","","","","",""
"VICE PRESIDENT OF HOUSING OPERATIONS","industry-specific","","","","","","","X","","","X","","","","","","","",""
"VICE PRESIDENT OF HUMAN RESOURCES","operations","human resources","Human resources managers","11","11-3000","11-3120","11-3121","X","","","X","","","","","","","",""
"VICE PRESIDENT OF INFORMATION TECHNOLOGY","operations","technology","Computer and information system manager","11","11-3000","11-3020","11-3021","X","","","X","","","","","","","",""
"VICE PRESIDENT OF INSTITUTIONAL ADVANCEMENT","operations","fundraising and membership","Public relations and fundraising managers","11","11-2000","11-2030","11-2033","X","","","X","","","","","","","",""
"VICE PRESIDENT OF LEGAL","operations","legal","legal occupations","23","","","","X","","","X","","","","","","","",""
"VICE PRESIDENT OF LENDING","","","","","","","","X","","","X","","","","","","","",""
"VICE PRESIDENT OF MARKETING","operations","marketing-sales","Marketing and sales managers","11","11-2000","11-2020","11-2021","X","","","X","","","","","","","",""
"VICE PRESIDENT OF MARKETING AND COMMUNICATIONS","","","","","","","","X","","","X","","","","","","","",""
"VICE PRESIDENT OF MARKETING AND PUBLICITY","","","","","","","","X","","","X","","","","","","","",""
"VICE PRESIDENT OF MEDICAL AFFAIRS","industry-specific","medical","Medical and health services managers","11","11-9000","11-9110","11-9111","X","","","X","","","","","","","",""
"VICE PRESIDENT OF MEMBER DEVELOPMENT","operations","fundraising and membership","","","","","","X","","","X","","","","","","","",""
"VICE PRESIDENT OF MEMBER EDUCATION","operations","fundraising and membership","","","","","","X","","","X","","","","","","","",""
"VICE PRESIDENT OF MEMBER RECRUITMENT","operations","fundraising and membership","","","","","","X","","","X","","","","","","","",""
"VICE PRESIDENT OF MEMBERSHIP","operations","fundraising and membership","Public relations and fundraising managers","11","11-2000","11-2030","11-2033","X","","","X","","","","","","","",""
"VICE PRESIDENT OF MEMBERSHIPS","operations","fundraising and membership","","","","","","X","","","X","","","","","","","",""
"VICE PRESIDENT OF MUSEUM EXPERIENCE","industry-specific","arts and history","","","","","","X","","","X","","","","","","","",""
"VICE PRESIDENT OF MUSIC","industry-specific","arts and history","Musicians, singers, and related workers","27","27-2000","27-2040","27-2041","X","","","X","","","","","","","",""
"VICE PRESIDENT OF OPERATIONS","operations","administration","General and operations manager","11","11-1000","11-1020","11-1021","X","","","X","","","","","","","",""
"VICE PRESIDENT OF PHILANTHROPY","operations","fundraising and membership","","","","","","X","","","X","","","","","","","",""
"VICE PRESIDENT OF PRODUCTION","industry-specific","arts and history","Actors, producers, and directors","27","27-2000","27-2010","27-2012","X","","","X","","","","","","","",""
"VICE PRESIDENT OF PROGRAMMING","operations","programs and events","","","","","","X","","","X","","","","","","","",""
"VICE PRESIDENT OF PROGRAMS","operations","programs and events","","","","","","X","","","X","","","","","","","",""
"VICE PRESIDENT OF PROJECTS","operations","programs and events","","","","","","X","","","X","","","","","","","",""
"VICE PRESIDENT OF PUBLIC RELATIONS","operations","comms-pr","Public relations and fundraising managers","11","11-2000","11-2030","11-2032","X","","","X","","","","","","","",""
"VICE PRESIDENT OF PUBLICITY","operations","comms-pr","","","","","","X","","","X","","","","","","","",""
"VICE PRESIDENT OF REAL ESTATE DEVELOPMENT","operations","business development","","","","","","X","","","X","","","","","","","",""
"VICE PRESIDENT OF RESEARCH","operations","research and development","Life, physical, and social science and research occupations","19","","","","X","","","X","","","","","","","",""
"VICE PRESIDENT OF RISK MANAGEMENT","operations","business development","","","","","","X","","","X","","","","","","","",""
"VICE PRESIDENT OF SALES","operations","marketing-sales","Marketing and sales managers","11","11-2000","11-2020","11-2021","X","","","X","","","","","","","",""
"VICE PRESIDENT OF SALES AND MARKETING","operations","marketing-sales","Marketing and sales managers","11","11-2000","11-2020","11-2021","X","","","X","","","","","","","",""
"VICE PRESIDENT OF SOFTBALL","industry-specific","recreation and sports","Athletes, coaches, umpires, and related workers","27","27-2000","27-2020","27-2023","X","","","X","","","","","","","",""
"VICE PRESIDENT OF STANDARDS AND VALUES","","","","","","","","X","","","X","","","","","","","",""
"VICE PRESIDENT OF STRATEGY","operations","business development","General and operations manager","11","11-1000","11-1020","11-1021","X","","","X","","","","","","","",""
"VICE PRESIDENT OF TECHNOLOGY","operations","technology","Computer and information system manager","11","11-3000","11-3020","11-3021","X","","","X","","","","","","","",""
"VICE PRESIDENT OF UNIVERSITY ADVANCEMENT","industry-specific","higher education","","","","","","X","","","X","","","","","","","",""
"VICE PRESIDENT OF VOLUNTEERS","operations","human resources","","","","","","X","","","X","","","","","","","",""
"VICE PRESIDENT SECRETARY","","","","","","","","X","","","X","","","","","","","",""
"VICE REGENT","operations","administration","","","","","","","","","","","","","","","","",""
"VOLUNTEER","operations","employee","","","","","","X","","","","","X","","","","","",""
"VOLUNTEER COORDINATOR","operations","human resources","Human Resources Specialists","13","13-1000","13-1070","13-1071","X","","","","","X","","","","","",""
"VOLUNTEER DIRECTOR","operations","human resources","","","","","","X","","","X","","","","","","","",""
"WARDEN","industry-specific","religion","","","","","","X","","","","","X","","","","","",""
"WEBMASTER","operations","technology","Web Developers","15","15-1200","15-1250","15-1254","X","","","","","X","","","","","",""
"WRITER","operations","writers and editors","Writers and editors","27","27-3000","27-3040","27-3041","X","","","","","X","","","","","",""
"YOUTH DIRECTOR","operations","programs and events","","","","","","X","","","X","","","","","","","",""
