"title.standard","domain.category","domain.label","soc.label","major.group","minor.group","broad.group","detailed.occupation","emp.level","board.role","emp","ceo","c.level","dir.vp","mgr","spec","board","pres","vp","sec","treas","mem"
"ACCOUNTANT","operations","finance","Accountants and Auditors","13","13-2000","13-2010","13-2011","PROFESSIONAL","","X","","","","","X","","","","","",""
"ACCOUNTING DIRECTOR","operations","finance","Financial Managers","11","11-3000","11-3030","11-3031","MANAGER","","X","","","","X","","","","","","",""
"ACTOR","industry-specific","arts and history","Actors","27","27-2000","27-2010","27-2011","PROFESSIONAL","","X","","","","","X","","","","","",""
"ACTUARY","operations","finance","Actuaries","15","15-2000","15-2010","15-2011","PROFESSIONAL","","X","","","","","X","","","","","",""
"ADMINISTRATION DIRECTOR","operations","administration","Administrative Services Managers","11","11-3000","11-3010","11-3012","MANAGER","","X","","","","X","","","","","","",""
"ADMINISTRATION OFFICER","operations","administration","","","","","","STAFF","","X","","","","","X","","","","","",""
"ADMINISTRATIVE ASSISTANT","operations","administration","Secretaries and Administrative Assistants","43","43-6000","43-6010","","STAFF","","X","","","","","X","","","","","",""
"ADMINISTRATOR","operations","administration","Administrative Services Managers","11","11-3000","11-3010","11-3012","MANAGER","","X","","","","X","","","","","","",""
"ADOPTION COUNSELOR","industry-specific","social services","Counselors","21","21-1000","21-1010","","STAFF","","X","","","","","X","","","","","",""
"ADVISOR","operations","business development","","","","","","STAFF","","X","","","","","X","","","","","",""
"ALTERNATE","non-job title","none","","","","","","","","","","","","","","","","","","",""
"AMBASSADOR","non-job title","none","","","","","","","","","","","","","","","","","","",""
"ANALYST","operations","administration","Management Analysts","13","13-1000","13-1110","13-1111","STAFF","","X","","","","","X","","","","","",""
"ARCHITECT","industry-specific","engineering and architecture","Architects, Except Naval","17","17-1000","17-1010","","PROFESSIONAL","","X","","","","","X","","","","","",""
"ARCHIVES DIRECTOR","industry-specific","arts and history","Archivists","25","25-4000","25-4010","25-4011","MANAGER","","X","","","","X","","","","","","",""
"ARCHIVIST","industry-specific","arts and history","Archivists","25","25-4000","25-4010","25-4011","STAFF","","X","","","","","X","","","","","",""
"ARTIST","industry-specific","arts and history","Artists and Related Workers","27","27-1000","27-1010","","STAFF","","X","","","","","X","","","","","",""
"ARTISTIC DIRECTOR","industry-specific","arts and history","Art Directors","27","27-1000","27-1010","27-1011","MANAGER","","X","","","","X","","","","","","",""
"ARTISTIC LIAISON","industry-specific","arts and history","","","","","","STAFF","","X","","","","","X","","","","","",""
"ASSISTANT","operations","administration","Secretaries and Administrative Assistants","43","43-6000","43-6010","","STAFF","","X","","","","","X","","","","","",""
"ASSISTANT BUSINESS AGENT","operations","business development","Business Operations Specialists, All Other","13","13-1000","13-1190","13-1199","PROFESSIONAL","","X","","","","","X","","","","","",""
"ASSISTANT CEO","executive","general management","Chief Executives","11","11-1000","11-1010","11-1011","OFFICER","","X","","X","","","","","","","","",""
"ASSISTANT CHIEF","industry-specific","public safety","","","","","","MANAGER","","X","","","","X","","","","","","",""
"ASSISTANT CLERK","operations","administration","Office Clerks, General","43","43-9000","43-9060","43-9061","STAFF","","X","","","","","X","","","","","",""
"ASSISTANT CURATOR","industry-specific","arts and history","Curators","25","25-4000","25-4010","25-4012","STAFF","","X","","","","","X","","","","","",""
"ASSISTANT DIRECTOR","operations","administration","General and Operations Managers","11","11-1000","11-1020","11-1021","MANAGER","","X","","","","X","","","","","","",""
"ASSISTANT DIRECTOR OF MARKETING","operations","marketing and communications","Marketing Managers","11","11-2000","11-2020","11-2021","MANAGER","","X","","","","X","","","","","","",""
"ASSISTANT PRINCIPAL","industry-specific","education","Education Administrators, Kindergarten through Secondary","11","11-9000","11-9030","11-9032","MANAGER","","X","","","","X","","","","","","",""
"ASSISTANT REGISTRAR","industry-specific","higher education","","","","","","STAFF","","X","","","","","X","","","","","",""
"ASSISTANT SECRETARY","operations","administration","Secretaries and Administrative Assistants","43","43-6000","43-6010","","STAFF","","X","","","","","X","","","","","",""
"ASSISTANT VICE PRESIDENT","operations","administration","General and Operations Managers","11","11-1000","11-1020","11-1021","MANAGER","","X","","","","X","","","","","","",""
"ASSOCIATE ARTISTIC DIRECTOR","industry-specific","arts and history","Art Directors","27","27-1000","27-1010","27-1011","MANAGER","","X","","","","X","","","","","","",""
"ASSOCIATE CEO","executive","general management","Chief Executives","11","11-1000","11-1010","11-1011","OFFICER","","X","","X","","","","","","","","",""
"ASSOCIATE DEAN","industry-specific","higher education","Education Administrators, Postsecondary","11","11-9000","11-9030","11-9033","MANAGER","","X","","","","X","","","","","","",""
"ASSOCIATE DIRECTOR","operations","administration","General and Operations Managers","11","11-1000","11-1020","11-1021","MANAGER","","X","","","","X","","","","","","",""
"ASSOCIATE VICE PRESIDENT","operations","administration","","","","","","MANAGER","","X","","","","X","","","","","","",""
"ATHLETE","industry-specific","recreation and sports","Athletes and Sports Competitors","27","27-2000","27-2020","27-2021","PROFESSIONAL","","X","","","","","X","","","","","",""
"ATTORNEY","operations","legal","Lawyers","23","23-1000","23-1010","23-1011","PROFESSIONAL","","X","","","","","X","","","","","",""
"AUDITOR","operations","finance","Accountants and Auditors","13","13-2000","13-2010","13-2011","PROFESSIONAL","","X","","","","","X","","","","","",""
"BAND DIRECTOR","industry-specific","arts and history","Music Directors and Composers","27","27-2000","27-2040","27-2041","MANAGER","","X","","","","X","","","","","","",""
"BARTENDER","industry-specific","hospitality","Bartenders","35","35-3000","35-3010","35-3011","STAFF","","X","","","","","X","","","","","",""
"BOARD MEMBER","governance","board","","","","","","","MEMBER","","","","","","","X","","","","","X"
"BOARD PRESIDENT","governance","board","","","","","","","CHAIR","","","","","","","X","X","","","",""
"BOARD SECRETARY","governance","board","","","","","","","SECRETARY","","","","","","","X","","","X","",""
"BOARD TREASURER","governance","board","","","","","","","TREASURER","","","","","","","X","","","","X",""
"BOARD VICE PRESIDENT","governance","board","","","","","","","VICE CHAIR","","","","","","","X","","X","","",""
"BOOKKEEPER","operations","finance","Bookkeeping, Accounting, and Auditing Clerks","43","43-3000","43-3030","43-3031","STAFF","","X","","","","","X","","","","","",""
"BUSINESS ADVISOR","operations","business development","","","","","","STAFF","","X","","","","","X","","","","","",""
"BUSINESS AGENT","operations","administration","Business Operations Specialists, All Other","13","13-1000","13-1190","13-1199","PROFESSIONAL","","X","","","","","X","","","","","",""
"BUSINESS GAENT","operations","business development","Business Operations Specialists, All Other","13","13-1000","13-1190","13-1199","PROFESSIONAL","","X","","","","","X","","","","","",""
"BUSINESS MANAGER","operations","business development","","","","","","STAFF","","X","","","","","X","","","","","",""
"BUSINESS REPRESENTATIVE","operations","administration","Business Operations Specialists, All Other","13","13-1000","13-1190","13-1199","PROFESSIONAL","","X","","","","","X","","","","","",""
"CAO","operations","administration","Administrative Services Managers","11","11-3000","11-3010","11-3012","OFFICER","","X","","X","","","","","","","","",""
"CAPTAIN","industry-specific","military","","","","","","MANAGER","","X","","","","X","","","","","","",""
"CARETAKER","operations","facilities","Janitors and Cleaners, Except Maids and Housekeeping Cleaners","37","37-2000","37-2010","37-2011","STAFF","","X","","","","","X","","","","","",""
"CEO","executive","general management","Chief Executives","11","11-1000","11-1010","11-1011","CEO","","X","X","X","","","","","","","","",""
"CFO","operations","finance","Financial Managers","11","11-3000","11-3030","11-3031","OFFICER","","X","","X","","","","","","","","",""
"CHAPLAIN","industry-specific","religion","Religious Workers, All Other","21","21-2000","21-2090","21-2099","STAFF","","X","","","","","X","","","","","",""
"CHEF","industry-specific","hospitality","Chefs and Head Cooks","35","35-1000","35-1010","35-1011","STAFF","","X","","","","","X","","","","","",""
"CHIEF","non-job title","none","","","","","","","","","","","","","","","","","","",""
"CHIEF ACADEMICS OFFICER","industry-specific","higher education","Education Administrators, Postsecondary","11","11-9000","11-9030","11-9033","OFFICER","","X","","X","","","","","","","","",""
"CHIEF ACCOUNTANT","operations","finance","Accountants and Auditors","13","13-2000","13-2010","13-2011","MANAGER","","X","","","","X","","","","","","",""
"CHIEF ADMINISTRATION OFFICER","operations","administration","Administrative Services Managers","11","11-3000","11-3010","11-3012","OFFICER","","X","","X","","","","","","","","",""
"CHIEF ADMINISTRATIVE OFFICER","operations","administration","Administrative Services Managers","11","11-3000","11-3010","11-3012","OFFICER","","X","","X","","","","","","","","",""
"CHIEF ADVANCEMENT OFFICER","operations","fundraising and membership","Fundraising Managers","11","11-2000","11-2030","11-2033","OFFICER","","X","","X","","","","","","","","",""
"CHIEF ARCHITECT","industry-specific","engineering and architecture","Architects, Except Naval","17","17-1000","17-1010","","MANAGER","","X","","","","X","","","","","","",""
"CHIEF ARTISTIC OFFICER","industry-specific","arts and history","Art Directors","27","27-1000","27-1010","27-1011","OFFICER","","X","","X","","","","","","","","",""
"CHIEF BUSINESS DEVELOPMENT OFFICER","operations","business development","General and Operations Managers","11","11-1000","11-1020","11-1021","OFFICER","","X","","X","","","","","","","","",""
"CHIEF CIVIC PROGRAMS OFFICER","operations","programs and events","Social and Community Service Managers","11","11-9000","11-9150","11-9151","OFFICER","","X","","X","","","","","","","","",""
"CHIEF CLERK","operations","administration","First-Line Supervisors of Office and Administrative Support Workers","43","43-1000","43-1010","43-1011","MANAGER","","X","","","","X","","","","","","",""
"CHIEF CLINICAL OFFICER","industry-specific","medical","Medical and Health Services Managers","11","11-9000","11-9110","11-9111","OFFICER","","X","","X","","","","","","","","",""
"CHIEF COLLECTIONS OFFICER","industry-specific","arts and history","Curators","25","25-4000","25-4010","25-4012","OFFICER","","X","","X","","","","","","","","",""
"CHIEF CONTENT OFFICER","operations","marketing and communications","General and Operations Managers","11","11-1000","11-1020","11-1021","OFFICER","","X","","X","","","","","","","","",""
"CHIEF CURATOR","industry-specific","arts and history","Curators","25","25-4000","25-4010","25-4012","OFFICER","","X","","X","","","","","","","","",""
"CHIEF DEVELOPMENT OFFICER","operations","fundraising and membership","Fundraising Managers","11","11-2000","11-2030","11-2033","OFFICER","","X","","X","","","","","","","","",""
"CHIEF DIGITAL OFFICER","operations","technology","Computer and Information Systems Managers","11","11-3000","11-3020","11-3021","OFFICER","","X","","X","","","","","","","","",""
"CHIEF ENGAGEMENT OFFICER","operations","marketing and communications","General and Operations Managers","11","11-1000","11-1020","11-1021","OFFICER","","X","","X","","","","","","","","",""
"CHIEF FINANCIAL OFFICER","operations","finance","Financial Managers","11","11-3000","11-3030","11-3031","OFFICER","","X","","X","","","","","","","","",""
"CHIEF HISTORIAN","industry-specific","arts and history","Historians","19","19-3000","19-3090","19-3093","OFFICER","","X","","X","","","","","","","","",""
"CHIEF HUMAN RESOURCES OFFICER","operations","human resources","Human Resources Managers","11","11-3000","11-3120","11-3121","OFFICER","","X","","X","","","","","","","","",""
"CHIEF IMAM","industry-specific","religion","Religious Workers, All Other","21","21-2000","21-2090","21-2099","MANAGER","","X","","","","X","","","","","","",""
"CHIEF INFORMATION OFFICER","operations","technology","Computer and Information Systems Managers","11","11-3000","11-3020","11-3021","OFFICER","","X","","X","","","","","","","","",""
"CHIEF INNOVATION OFFICER","operations","business development","General and Operations Managers","11","11-1000","11-1020","11-1021","OFFICER","","X","","X","","","","","","","","",""
"CHIEF INSIGHTS OFFICER","executive","general management","General and Operations Managers","11","11-1000","11-1020","11-1021","OFFICER","","X","","X","","","","","","","","",""
"CHIEF INSTITUTIONAL ADVANCEMENT OFFICER","operations","fundraising and membership","Fundraising Managers","11","11-2000","11-2030","11-2033","OFFICER","","X","","X","","","","","","","","",""
"CHIEF INVESTMENT OFFICER","operations","finance","Financial Managers","11","11-3000","11-3030","11-3031","OFFICER","","X","","X","","","","","","","","",""
"CHIEF LEARNING OFFICER","industry-specific","education","Training and Development Managers","11","11-3000","11-3130","11-3131","OFFICER","","X","","X","","","","","","","","",""
"CHIEF LEGAL OFFICER","operations","legal","Lawyers","23","23-1000","23-1010","23-1011","OFFICER","","X","","X","","","","","","","","",""
"CHIEF MARKETING OFFICER","operations","marketing and communications","Marketing Managers","11","11-2000","11-2020","11-2021","OFFICER","","X","","X","","","","","","","","",""
"CHIEF MARSHAL","industry-specific","military","","","","","","MANAGER","","X","","","","X","","","","","","",""
"CHIEF MECHANICAL OFFICER","industry-specific","engineering and architecture","Architectural and Engineering Managers","11","11-9000","11-9040","11-9041","OFFICER","","X","","X","","","","","","","","",""
"CHIEF MEDICAL OFFICER","industry-specific","medical","Medical and Health Services Managers","11","11-9000","11-9110","11-9111","OFFICER","","X","","X","","","","","","","","",""
"CHIEF NURSING OFFICER","industry-specific","medical","Medical and Health Services Managers","11","11-9000","11-9110","11-9111","OFFICER","","X","","X","","","","","","","","",""
"CHIEF OF STAFF","operations","administration","Executive Secretaries and Executive Administrative Assistants","43","43-6000","43-6010","43-6011","MANAGER","","X","","","","X","","","","","","",""
"CHIEF OFFICER","executive","general management","General and Operations Managers","11","11-1000","11-1020","11-1021","OFFICER","","X","","X","","","","","","","","",""
"CHIEF OPERATING OFFICER","executive","general management","Chief Executives","11","11-1000","11-1010","11-1011","OFFICER","","X","","X","","","","","","","","",""
"CHIEF PARTNERSHIP OFFICER","operations","marketing and communications","General and Operations Managers","11","11-1000","11-1020","11-1021","OFFICER","","X","","X","","","","","","","","",""
"CHIEF PHILANTHROPY OFFICER","operations","fundraising and membership","Fundraising Managers","11","11-2000","11-2030","11-2033","OFFICER","","X","","X","","","","","","","","",""
"CHIEF PROGRAMS OFFICER","operations","programs and events","Social and Community Service Managers","11","11-9000","11-9150","11-9151","OFFICER","","X","","X","","","","","","","","",""
"CHIEF RELATIONS OFFICER","operations","marketing and communications","Public Relations Managers","11","11-2000","11-2030","11-2032","OFFICER","","X","","X","","","","","","","","",""
"CHIEF SCIENTIFIC OFFICER","operations","research and development","Natural Sciences Managers","11","11-9000","11-9120","11-9121","OFFICER","","X","","X","","","","","","","","",""
"CHIEF STRATEGY OFFICER","operations","business development","General and Operations Managers","11","11-1000","11-1020","11-1021","OFFICER","","X","","X","","","","","","","","",""
"CHIEF SUSTAINABILITY OFFICER","operations","facilities","General and Operations Managers","11","11-1000","11-1020","11-1021","OFFICER","","X","","X","","","","","","","","",""
"CHIEF TECHNOLOGY OFFICER","operations","technology","Computer and Information Systems Managers","11","11-3000","11-3020","11-3021","OFFICER","","X","","X","","","","","","","","",""
"CIVIC DIRECTOR","operations","programs and events","Social and Community Service Managers","11","11-9000","11-9150","11-9151","MANAGER","","X","","","","X","","","","","","",""
"CLERK","operations","administration","Office Clerks, General","43","43-9000","43-9060","43-9061","STAFF","","X","","","","","X","","","","","",""
"CLINICAL DIRECTOR","industry-specific","medical","Medical and Health Services Managers","11","11-9000","11-9110","11-9111","MANAGER","","X","","","","X","","","","","","",""
"CLUB MANAGER","operations","administration","Managers, All Other","11","11-9000","11-9190","11-9199","MANAGER","","X","","","","X","","","","","","",""
"CMO","operations","marketing and communications","Chief medical officer?","","","","","OFFICER","","X","","X","","","","","","","","",""
"CO-CEO","executive","general management","Chief Executives","11","11-1000","11-1010","11-1011","CEO","","X","X","X","","","","","","","","",""
"COACH","industry-specific","recreation and sports","Coaches and Scouts","27","27-2000","27-2020","27-2022","PROFESSIONAL","","X","","","","","X","","","","","",""
"COLLECTIONS","industry-specific","arts and history","","","","","","STAFF","","X","","","","","X","","","","","",""
"COLLECTIONS MANAGER","industry-specific","arts and history","Curators","25","25-4000","25-4010","25-4012","MANAGER","","X","","","","X","","","","","","",""
"COMMISSIONER","non-job title","none","","","","","","","","","","","","","","","","","","",""
"COMMUNICATIONS","operations","marketing and communications","Media and Communication Workers, All Other","27","27-3000","27-3090","27-3099","STAFF","","X","","","","","X","","","","","",""
"COMMUNITY RELATIONS","operations","marketing and communications","Public Relations Specialists","27","27-3000","27-3030","27-3031","STAFF","","X","","","","","X","","","","","",""
"COMPLIANCE DIRECTOR","operations","legal","","","","","","MANAGER","","X","","","","X","","","","","","",""
"COMPLIANCE OFFICER","operations","legal","Compliance Officers","13","13-1000","13-1040","13-1041","STAFF","","X","","","","","X","","","","","",""
"COMPOSER","industry-specific","arts and history","Music Directors and Composers","27","27-2000","27-2040","27-2041","PROFESSIONAL","","X","","","","","X","","","","","",""
"COMPTROLLER","operations","finance","Financial Specialists, All Other","13","13-2000","13-2090","13-2099","MANAGER","","X","","","","X","","","","","","",""
"CONCESSIONS","industry-specific","hospitality","","","","","","STAFF","","X","","","","","X","","","","","",""
"CONDUCTOR","industry-specific","arts and history","Musicians, Singers, and Related Workers","27","27-2000","27-2040","","PROFESSIONAL","","X","","","","","X","","","","","",""
"CONSULTANT","operations","business development","","","","","","STAFF","","X","","","","","X","","","","","",""
"CONTRACT COMPLIANCE","operations","legal","Compliance Officers","13","13-1000","13-1040","13-1041","STAFF","","X","","","","","X","","","","","",""
"COO","executive","general management","Chief Executives","11","11-1000","11-1010","11-1011","OFFICER","","X","","X","","","","","","","","",""
"COORDINATOR","operations","administration","","","","","","STAFF","","X","","","","","X","","","","","",""
"CORPORATE SECRETARY","operations","administration","Secretaries and Administrative Assistants","43","43-6000","43-6010","","OFFICER","","X","","X","","","","","","","","",""
"COUNSELOR","industry-specific","social services","Counselors","21","21-1000","21-1010","","STAFF","","X","","","","","X","","","","","",""
"CREATIVE DIRECTOR","industry-specific","arts and history","artistic director vs. marketing?","","","","","MANAGER","","X","","","","X","","","","","","",""
"CURATOR","industry-specific","arts and history","Curators","25","25-4000","25-4010","25-4012","PROFESSIONAL","","X","","","","","X","","","","","",""
"CUSTODIAN","operations","facilities","Janitors and Cleaners, Except Maids and Housekeeping Cleaners","37","37-2000","37-2010","37-2011","STAFF","","X","","","","","X","","","","","",""
"DEACON","industry-specific","religion","Religious Workers, All Other","21","21-2000","21-2090","21-2099","STAFF","","X","","","","","X","","","","","",""
"DEAN","industry-specific","higher education","Education Administrators, Postsecondary","11","11-9000","11-9030","11-9033","MANAGER","","X","","","","X","","","","","","",""
"DEPUTY CEO","executive","general management","Chief Executives","11","11-1000","11-1010","11-1011","OFFICER","","X","","X","","","","","","","","",""
"DEPUTY CHIEF","industry-specific","public safety","","","","","","MANAGER","","X","","","","X","","","","","","",""
"DEPUTY DIRECTOR","executive","general management","General and Operations Managers","11","11-1000","11-1020","11-1021","OFFICER","","X","","X","","","","","","","","",""
"DEVELOPMENT","operations","fundraising and membership","Fundraisers","13","13-1000","13-1130","13-1131","STAFF","","X","","","","","X","","","","","",""
"DEVELOPMENT MANAGER","operations","fundraising and membership","Fundraising Managers","11","11-2000","11-2030","11-2033","MANAGER","","X","","","","X","","","","","","",""
"DEVELOPMENT OFFICER","operations","fundraising and membership","Fundraisers","13","13-1000","13-1130","13-1131","STAFF","","X","","","","","X","","","","","",""
"DIRECTOR","operations","administration","","","","","","MANAGER","","X","","","","X","","","","","","",""
"DIRECTOR OF ACADEMICS","industry-specific","higher education","Education Administrators, Postsecondary","11","11-9000","11-9030","11-9033","MANAGER","","X","","","","X","","","","","","",""
"DIRECTOR OF ACQUISITIONS","operations","business development","","","","","","MANAGER","","X","","","","X","","","","","","",""
"DIRECTOR OF ADMINISTRATION","operations","administration","Administrative Services Managers","11","11-3000","11-3010","11-3012","OFFICER","","X","","X","","","","","","","","",""
"DIRECTOR OF ADVANCEMENT","operations","fundraising and membership","Fundraising Managers","11","11-2000","11-2030","11-2033","OFFICER","","X","","X","","","","","","","","",""
"DIRECTOR OF BUDGET AND ANALYTICS","operations","finance","Financial Managers","11","11-3000","11-3030","11-3031","MANAGER","","X","","","","X","","","","","","",""
"DIRECTOR OF BUSINESS","operations","business development","","","","","","MANAGER","","X","","","","X","","","","","","",""
"DIRECTOR OF BUSINESS DEVELOPMENT","operations","business development","General and Operations Managers","11","11-1000","11-1020","11-1021","MANAGER","","X","","","","X","","","","","","",""
"DIRECTOR OF COLLECTIONS","industry-specific","arts and history","Curators","25","25-4000","25-4010","25-4012","MANAGER","","X","","","","X","","","","","","",""
"DIRECTOR OF COMMUNICATIONS","operations","marketing and communications","Advertising and Promotions Managers","11","11-2000","11-2010","11-2011","MANAGER","","X","","","","X","","","","","","",""
"DIRECTOR OF CONTENT","operations","marketing and communications","","","","","","MANAGER","","X","","","","X","","","","","","",""
"DIRECTOR OF CORPORATE X","operations","business development","","","","","","MANAGER","","X","","","","X","","","","","","",""
"DIRECTOR OF DEVELOPMENT","operations","fundraising and membership","Fundraising Managers","11","11-2000","11-2030","11-2033","MANAGER","","X","","","","X","","","","","","",""
"DIRECTOR OF EDUCATION","industry-specific","education","Education Administrators, All Other","11","11-9000","11-9030","11-9039","MANAGER","","X","","","","X","","","","","","",""
"DIRECTOR OF ENGAGEMENT","operations","marketing and communications","","","","","","MANAGER","","X","","","","X","","","","","","",""
"DIRECTOR OF ENGINEERING","industry-specific","engineering and architecture","Architectural and Engineering Managers","11","11-9000","11-9040","11-9041","MANAGER","","X","","","","X","","","","","","",""
"DIRECTOR OF EVENTS","operations","programs and events","Meeting, Convention, and Event Planners","13","13-1000","13-1120","13-1121","MANAGER","","X","","","","X","","","","","","",""
"DIRECTOR OF EXHIBITIONS","industry-specific","arts and history","Curators","25","25-4000","25-4010","25-4012","MANAGER","","X","","","","X","","","","","","",""
"DIRECTOR OF EXTERNAL AFFAIRS","operations","marketing and communications","Public Relations Managers","11","11-2000","11-2030","11-2032","MANAGER","","X","","","","X","","","","","","",""
"DIRECTOR OF FACILITIES","operations","facilities","Administrative Services Managers","11","11-3000","11-3010","11-3012","MANAGER","","X","","","","X","","","","","","",""
"DIRECTOR OF FINANCE","operations","finance","Financial Managers","11","11-3000","11-3030","11-3031","MANAGER","","X","","","","X","","","","","","",""
"DIRECTOR OF FINANCE AND ADMINISTRATION","operations","finance","Financial Managers","11","11-3000","11-3030","11-3031","OFFICER","","X","","X","","","","","","","","",""
"DIRECTOR OF FINANCE AND OPERATIONS","operations","finance","Financial Managers","11","11-3000","11-3030","11-3031","MANAGER","","X","","","","X","","","","","","",""
"DIRECTOR OF FUNDRAISING","operations","fundraising and membership","Fundraising Managers","11","11-2000","11-2030","11-2033","MANAGER","","X","","","","X","","","","","","",""
"DIRECTOR OF HUMAN RESOURCES","operations","human resources","Human Resources Managers","11","11-3000","11-3120","11-3121","MANAGER","","X","","","","X","","","","","","",""
"DIRECTOR OF INFORMATION TECHNOLOGY","operations","technology","Computer and Information Systems Managers","11","11-3000","11-3020","11-3021","MANAGER","","X","","","","X","","","","","","",""
"DIRECTOR OF LEGAL AFFAIRS","operations","legal","","","","","","MANAGER","","X","","","","X","","","","","","",""
"DIRECTOR OF LEGISLATIVE AFFAIRS","operations","legal","","","","","","MANAGER","","X","","","","X","","","","","","",""
"DIRECTOR OF MAJOR GIFTS","operations","fundraising and membership","Fundraising Managers","11","11-2000","11-2030","11-2033","MANAGER","","X","","","","X","","","","","","",""
"DIRECTOR OF MARKETING","operations","marketing and communications","Marketing Managers","11","11-2000","11-2020","11-2021","MANAGER","","X","","","","X","","","","","","",""
"DIRECTOR OF MARKETING AND COMMUNICATIONS","operations","marketing and communications","Marketing Managers","11","11-2000","11-2020","11-2021","MANAGER","","X","","","","X","","","","","","",""
"DIRECTOR OF MEMBERSHIP","operations","fundraising and membership","Fundraising Managers","11","11-2000","11-2030","11-2033","MANAGER","","X","","","","X","","","","","","",""
"DIRECTOR OF MUSIC","industry-specific","arts and history","Music Directors and Composers","27","27-2000","27-2040","27-2041","MANAGER","","X","","","","X","","","","","","",""
"DIRECTOR OF NURSING","industry-specific","medical","Medical and Health Services Managers","11","11-9000","11-9110","11-9111","MANAGER","","X","","","","X","","","","","","",""
"DIRECTOR OF OPERATIONS","operations","administration","General and Operations Managers","11","11-1000","11-1020","11-1021","MANAGER","","X","","","","X","","","","","","",""
"DIRECTOR OF PRODUCTION","industry-specific","arts and history","Producers and Directors","27","27-2000","27-2010","27-2012","MANAGER","","X","","","","X","","","","","","",""
"DIRECTOR OF PROGRAMS","operations","programs and events","Social and Community Service Managers","11","11-9000","11-9150","11-9151","MANAGER","","X","","","","X","","","","","","",""
"DIRECTOR OF PUBLIC AFFAIRS","operations","marketing and communications","Public Relations Managers","11","11-2000","11-2030","11-2032","MANAGER","","X","","","","X","","","","","","",""
"DIRECTOR OF PUBLIC RELATIONS","operations","marketing and communications","Public Relations Managers","11","11-2000","11-2030","11-2032","MANAGER","","X","","","","X","","","","","","",""
"DIRECTOR OF PUBLICITY","operations","marketing and communications","Public Relations Managers","11","11-2000","11-2030","11-2032","MANAGER","","X","","","","X","","","","","","",""
"DIRECTOR OF RESEARCH","operations","research and development","Life, Physical, and Social Science Occupations","19","","","","MANAGER","","X","","","","X","","","","","","",""
"DIRECTOR OF RISK MANAGEMENT","operations","business development","","","","","","MANAGER","","X","","","","X","","","","","","",""
"DIRECTOR OF SALES","operations","marketing and communications","Sales Managers","11","11-2000","11-2020","11-2022","MANAGER","","X","","","","X","","","","","","",""
"DIRECTOR OF SECURITY","operations","facilities","First-Line Supervisors of Security Workers","33","33-1000","33-1090","33-1091","MANAGER","","X","","","","X","","","","","","",""
"DIRECTOR OF STRATEGY AND ENGAGEMENT","operations","business development","","","","","","MANAGER","","X","","","","X","","","","","","",""
"DIRECTOR OF TECHNOLOGY","operations","technology","Computer and Information Systems Managers","11","11-3000","11-3020","11-3021","MANAGER","","X","","","","X","","","","","","",""
"DISPATCHER","operations","administration","Dispatchers","43","43-5000","43-5030","","STAFF","","X","","","","","X","","","","","",""
"DIVISION DIRECTOR","operations","administration","General and Operations Managers","11","11-1000","11-1020","11-1021","MANAGER","","X","","","","X","","","","","","",""
"DOCTOR","industry-specific","medical","Physicians","29","29-1000","29-1210","","PROFESSIONAL","","X","","","","","X","","","","","",""
"EDITOR","operations","writers and editors","Editors","27","27-3000","27-3040","27-3041","STAFF","","X","","","","","X","","","","","",""
"EDITOR IN CHIEF","operations","writers and editors","Editors","27","27-3000","27-3040","27-3041","OFFICER","","X","","X","","","","","","","","",""
"EDUCATION","industry-specific","education","","","","","","STAFF","","X","","","","","X","","","","","",""
"EDUCATION COORDINATOR","industry-specific","education","Instructional Coordinators","25","25-9000","25-9030","25-9031","STAFF","","X","","","","","X","","","","","",""
"EDUCATION INSTRUCTOR","industry-specific","education","Teachers and Instructors, All Other","25","25-3000","25-3090","25-3099","STAFF","","X","","","","","X","","","","","",""
"EDUCATION MN","industry-specific","education","Education Administrators, All Other","11","11-9000","11-9030","11-9039","STAFF","","X","","","","","X","","","","","",""
"EDUCATOR","industry-specific","education","Teachers and Instructors, All Other","25","25-3000","25-3090","25-3099","STAFF","","X","","","","","X","","","","","",""
"ELDER","industry-specific","religion","Religious Workers, All Other","21","21-2000","21-2090","21-2099","STAFF","","X","","","","","X","","","","","",""
"EMPLOYEE","operations","administration","","","","","","STAFF","","X","","","","","X","","","","","",""
"ENDOWMENTS","operations","fundraising and membership","Fundraisers","13","13-1000","13-1130","13-1131","STAFF","","X","","","","","X","","","","","",""
"ENGINEER","operations","facilities","","","","","","STAFF","","X","","","","","X","","","","","",""
"EVENT COORDINATOR","operations","programs and events","Meeting, Convention, and Event Planners","13","13-1000","13-1120","13-1121","STAFF","","X","","","","","X","","","","","",""
"EVENTS","operations","programs and events","Meeting, Convention, and Event Planners","13","13-1000","13-1120","13-1121","STAFF","","X","","","","","X","","","","","",""
"EXECUTIVE","operations","administration","","","","","","","","","","","","","","","","","","",""
"EXECUTIVE ADMINISTRATION","executive","general management","Chief Executives","11","11-1000","11-1010","11-1011","OFFICER","","X","","X","","","","","","","","",""
"EXECUTIVE ARTISTIC DIRECTOR","industry-specific","arts and history","Art Directors","27","27-1000","27-1010","27-1011","OFFICER","","X","","X","","","","","","","","",""
"EXECUTIVE ASSISTANT","operations","administration","Executive Secretaries and Executive Administrative Assistants","43","43-6000","43-6010","43-6011","STAFF","","X","","","","","X","","","","","",""
"EXECUTIVE CHEF","industry-specific","hospitality","Chefs and Head Cooks","35","35-1000","35-1010","35-1011","STAFF","","X","","","","","X","","","","","",""
"EXECUTIVE DIRECTOR","executive","general management","Chief Executives","11","11-1000","11-1010","11-1011","CEO","","X","X","X","","","","","","","","",""
"EXECUTIVE EDITOR","operations","writers and editors","Editors","27","27-3000","27-3040","27-3041","MANAGER","","X","","","","X","","","","","","",""
"EXECUTIVE PRODUCER","industry-specific","arts and history","Producers and Directors","27","27-2000","27-2010","27-2012","MANAGER","","X","","","","X","","","","","","",""
"EXECUTIVE SECRETARY","operations","administration","Executive Secretaries and Executive Administrative Assistants","43","43-6000","43-6010","43-6011","STAFF","","X","","","","","X","","","","","",""
"EXECUTIVE SENIOR VICE PRESIDENT","executive","general management","General and Operations Managers","11","11-1000","11-1020","11-1021","OFFICER","","X","","X","","","","","","","","",""
"EXECUTIVE VICE PRESIDENT","executive","general management","General and Operations Managers","11","11-1000","11-1020","11-1021","OFFICER","","X","","X","","","","","","","","",""
"FACILITIES","operations","facilities","","","","","","STAFF","","X","","","","","X","","","","","",""
"FACULTY","industry-specific","higher education","Postsecondary Teachers","25","25-1000","","","PROFESSIONAL","","X","","","","","X","","","","","",""
"FIELD DIRECTOR","operations","administration","","","","","","MANAGER","","X","","","","X","","","","","","",""
"FIELD REPRESENTATIVE","operations","administration","","","","","","STAFF","","X","","","","","X","","","","","",""
"FINANCE","operations","finance","Financial Specialists","13","13-2000","","","STAFF","","X","","","","","X","","","","","",""
"FINANCE ADVISOR","operations","finance","Personal Financial Advisors","13","13-2000","13-2050","13-2052","STAFF","","X","","","","","X","","","","","",""
"FINANCE AND ADMINISTRATION","operations","finance","","","","","","STAFF","","X","","","","","X","","","","","",""
"FINANCE MANAGER","operations","finance","Financial Managers","11","11-3000","11-3030","11-3031","MANAGER","","X","","","","X","","","","","","",""
"FINANCE OFFICER","operations","finance","Financial Managers","11","11-3000","11-3030","11-3031","MANAGER","","X","","","","X","","","","","","",""
"FINANCIAL SECRETARY","operations","finance","","","","","","STAFF","","X","","","","","X","","","","","",""
"FIRE CHIEF","industry-specific","public safety","First-Line Supervisors of Firefighting and Prevention Workers","33","33-1000","33-1020","33-1021","OFFICER","","X","","X","","","","","","","","",""
"FIRE FIGHTER","industry-specific","public safety","Firefighters","33","33-2000","33-2010","33-2011","STAFF","","X","","","","","X","","","","","",""
"FIRE OFFICER","industry-specific","public safety","First-Line Supervisors of Firefighting and Prevention Workers","33","33-1000","33-1020","33-1021","MANAGER","","X","","","","X","","","","","","",""
"FOREMAN","operations","facilities","","","","","","MANAGER","","X","","","","X","","","","","","",""
"FOUNDATION MANAGER","operations","fundraising and membership","Fundraising Managers","11","11-2000","11-2030","11-2033","MANAGER","","X","","","","X","","","","","","",""
"FOUNDER","executive","general management","General and Operations Managers","11","11-1000","11-1020","11-1021","OFFICER","","X","","X","","","","","","","","",""
"FOUNDING ARTISTIC DIRECTOR","industry-specific","arts and history","Art Directors","27","27-1000","27-1010","27-1011","OFFICER","","X","","X","","","","","","","","",""
"FUND ADMINISTRATOR","operations","finance","","","","","","MANAGER","","X","","","","X","","","","","","",""
"FUNDRAISING","operations","fundraising and membership","Fundraisers","13","13-1000","13-1130","13-1131","STAFF","","X","","","","","X","","","","","",""
"GARDEN DIRECTOR","operations","administration","","","","","","MANAGER","","X","","","","X","","","","","","",""
"GENEALOGIST","industry-specific","medical","Historians","19","19-3000","19-3090","19-3093","STAFF","","X","","","","","X","","","","","",""
"GENERAL COUNSEL","operations","legal","Lawyers","23","23-1000","23-1010","23-1011","OFFICER","","X","","X","","","","","","","","",""
"GENERAL DIRECTOR","executive","general management","Chief Executives","11","11-1000","11-1010","11-1011","CEO","","X","X","X","","","","","","","","",""
"GENERAL MANAGER","operations","administration","General and Operations Managers","11","11-1000","11-1020","11-1021","MANAGER","","X","","","","X","","","","","","",""
"GIFT SHOP MANAGER","operations","marketing and communications","First-Line Supervisors of Retail Sales Workers","41","41-1000","41-1010","41-1011","MANAGER","","X","","","","X","","","","","","",""
"GOLF COURSE SUPERINTENDENT","operations","facilities","First-Line Supervisors of Landscaping, Lawn Service, and Groundskeeping Workers","37","37-1000","37-1010","37-1012","MANAGER","","X","","","","X","","","","","","",""
"GOLF PROFESSIONAL","industry-specific","recreation and sports","Coaches and Scouts","27","27-2000","27-2020","27-2022","PROFESSIONAL","","X","","","","","X","","","","","",""
"GUARD","operations","facilities","Security Guards","33","33-9000","33-9030","33-9032","STAFF","","X","","","","","X","","","","","",""
"HEAD OF DIVISION","industry-specific","education","","","","","","MANAGER","","X","","","","X","","","","","","",""
"HEAD TEACHER","industry-specific","education","","","","","","MANAGER","","X","","","","X","","","","","","",""
"HISTORIAN","industry-specific","arts and history","Historians","19","19-3000","19-3090","19-3093","PROFESSIONAL","","X","","","","","X","","","","","",""
"HOSPITALITY","operations","administration","Sales Representatives of Services, Except Advertising, Insurance, Financial Services, and Travel","41","41-3000","41-3090","41-3091","STAFF","","X","","","","","X","","","","","",""
"HUMAN RESOURCES","operations","human resources","Human Resources Specialists","13","13-1000","13-1070","13-1071","STAFF","","X","","","","","X","","","","","",""
"IMAM","industry-specific","religion","Religious Workers, All Other","21","21-2000","21-2090","21-2099","STAFF","","X","","","","","X","","","","","",""
"INDUSTRY REPRESENTATIVE","operations","administration","","","","","","STAFF","","X","","","","","X","","","","","",""
"INFORMATION OFFICER","operations","technology","Public Relations Specialists","27","27-3000","27-3030","27-3031","STAFF","","X","","","","","X","","","","","",""
"INFORMATION TECHNOLOGY MANAGER","operations","technology","Computer and Information Systems Managers","11","11-3000","11-3020","11-3021","MANAGER","","X","","","","X","","","","","","",""
"INSTRUCTOR","industry-specific","education","Teachers and Instructors, All Other","25","25-3000","25-3090","25-3099","STAFF","","X","","","","","X","","","","","",""
"INTERN","operations","administration","","","","","","STAFF","","X","","","","","X","","","","","",""
"INVESTMENT OFFICER","operations","finance","Financial and Investment Analysts","13","13-2000","13-2050","13-2051","PROFESSIONAL","","X","","","","","X","","","","","",""
"JANITOR","operations","facilities","Janitors and Cleaners, Except Maids and Housekeeping Cleaners","37","37-2000","37-2010","37-2011","STAFF","","X","","","","","X","","","","","",""
"JUDGE ADVOCATE","industry-specific","military","Lawyers","23","23-1000","23-1010","23-1011","PROFESSIONAL","","X","","","","","X","","","","","",""
"JUNIOR","non-job title","none","","","","","","","","","","","","","","","","","","",""
"JUNIOR DIRECTOR","operations","administration","","","","","","MANAGER","","X","","","","X","","","","","","",""
"JUNIOR VICE PRESIDENT","operations","administration","","","","","","MANAGER","","X","","","","X","","","","","","",""
"LAWYER","operations","legal","Lawyers","23","23-1000","23-1010","23-1011","PROFESSIONAL","","X","","","","","X","","","","","",""
"LECTURER","industry-specific","higher education","Postsecondary Teachers","25","25-1000","","","PROFESSIONAL","","X","","","","","X","","","","","",""
"LEGAL ADVISOR","operations","legal","Legal Support Workers, All Other","23","23-2000","23-2090","23-2099","PROFESSIONAL","","X","","","","","X","","","","","",""
"LEGISLATIVE","operations","legal","","","","","","STAFF","","X","","","","","X","","","","","",""
"LIAISON","operations","marketing and communications","Public Relations Specialists","27","27-3000","27-3030","27-3031","STAFF","","X","","","","","X","","","","","",""
"LIBRARIAN","industry-specific","arts and history","Librarians and Media Collections Specialists","25","25-4000","25-4020","25-4022","STAFF","","X","","","","","X","","","","","",""
"LIBRARY DIRECTOR","industry-specific","higher education","Librarians and Media Collections Specialists","25","25-4000","25-4020","25-4022","MANAGER","","X","","","","X","","","","","","",""
"LIEUTENANT","industry-specific","military","","","","","","MANAGER","","X","","","","X","","","","","","",""
"LINEMAN","industry-specific","utilities","Electrical Power-Line Installers and Repairers","49","49-9000","49-9050","49-9051","STAFF","","X","","","","","X","","","","","",""
"LOAN OFFICER","operations","finance","Loan Officers","13","13-2000","13-2070","13-2072","PROFESSIONAL","","X","","","","","X","","","","","",""
"MAINTENANCE","operations","facilities","Maintenance and Repair Workers, General","49","49-9000","49-9070","49-9071","STAFF","","X","","","","","X","","","","","",""
"MANAGER","operations","administration","Managers, All Other","11","11-9000","11-9190","11-9199","MANAGER","","X","","","","X","","","","","","",""
"MANAGER OF OPERATIONS","operations","administration","General and Operations Managers","11","11-1000","11-1020","11-1021","MANAGER","","X","","","","X","","","","","","",""
"MANAGING DIRECTOR","executive","general management","Chief Executives","11","11-1000","11-1010","11-1011","OFFICER","","X","","X","","","","","","","","",""
"MARKETING","operations","marketing and communications","Market Research Analysts and Marketing Specialists","13","13-1000","13-1160","13-1161","STAFF","","X","","","","","X","","","","","",""
"MARSHAL","industry-specific","military","","","","","","OFFICER","","X","","X","","","","","","","","",""
"MEDICAL DIRECTOR","industry-specific","medical","Medical and Health Services Managers","11","11-9000","11-9110","11-9111","MANAGER","","X","","","","X","","","","","","",""
"MEDICAL OFFICER","industry-specific","medical","Physicians","29","29-1000","29-1210","","PROFESSIONAL","","X","","","","","X","","","","","",""
"MEMBERSHIP","operations","fundraising and membership","Fundraisers","13","13-1000","13-1130","13-1131","STAFF","","X","","","","","X","","","","","",""
"MEMBERSHIP COORDINATOR","operations","fundraising and membership","Fundraisers","13","13-1000","13-1130","13-1131","STAFF","","X","","","","","X","","","","","",""
"MILITARY","industry-specific","military","","","","","","STAFF","","X","","","","","X","","","","","",""
"MISSIONARY","industry-specific","religion","Religious Workers, All Other","21","21-2000","21-2090","21-2099","STAFF","","X","","","","","X","","","","","",""
"MUSEUM DIRECTOR","industry-specific","arts and history","Chief Executives","11","11-1000","11-1010","11-1011","CEO","","X","X","X","","","","","","","","",""
"MUSEUM GUIDE","industry-specific","arts and history","Tour Guides and Escorts","39","39-7000","39-7010","39-7011","STAFF","","X","","","","","X","","","","","",""
"MUSIC DIRECTOR","industry-specific","arts and history","Music Directors and Composers","27","27-2000","27-2040","27-2041","MANAGER","","X","","","","X","","","","","","",""
"MUSICIAN","industry-specific","arts and history","Music Directors and Composers","27","27-2000","27-2040","27-2041","PROFESSIONAL","","X","","","","","X","","","","","",""
"NA","non-job title","missing","","","","","","","","","","","","","","","","","","",""
"NO TITLE","non-job title","missing","","","","","","","","","","","","","","","","","","",""
"NURSE","industry-specific","medical","Registered Nurses","29","29-1000","29-1140","29-1141","PROFESSIONAL","","X","","","","","X","","","","","",""
"OFFICE ADMINISTRATOR","operations","administration","General and Operations Managers","11","11-1000","11-1020","11-1021","MANAGER","","X","","","","X","","","","","","",""
"OFFICE MANAGER","operations","administration","First-Line Supervisors of Office and Administrative Support Workers","43","43-1000","43-1010","43-1011","MANAGER","","X","","","","X","","","","","","",""
"OFFICER MANAGER","operations","administration","General and Operations Managers","11","11-1000","11-1020","11-1021","MANAGER","","X","","","","X","","","","","","",""
"OPERATIONS","operations","administration","","","","","","STAFF","","X","","","","","X","","","","","",""
"OPERATIONS MANAGER","operations","administration","General and Operations Managers","11","11-1000","11-1020","11-1021","MANAGER","","X","","","","X","","","","","","",""
"ORGANIZATION DIRECTOR","executive","general management","Chief Executives","11","11-1000","11-1010","11-1011","OFFICER","","X","","X","","","","","","","","",""
"ORGANIZER","operations","administration","Community and Social Service Specialists, All Other","21","21-1000","21-1090","21-1099","STAFF","","X","","","","","X","","","","","",""
"OUTGOING","non-job title","none","","","","","","","","","","","","","","","","","","",""
"OUTREACH DIRECTOR","operations","programs and events","Social and Community Service Managers","11","11-9000","11-9150","11-9151","MANAGER","","X","","","","X","","","","","","",""
"OUTREACH MANAGER","operations","programs and events","Social and Community Service Managers","11","11-9000","11-9150","11-9151","MANAGER","","X","","","","X","","","","","","",""
"PARAMEDIC","industry-specific","public safety","Paramedics","29","29-2000","29-2040","29-2043","STAFF","","X","","","","","X","","","","","",""
"PASTOR","industry-specific","religion","Clergy","21","21-2000","21-2010","21-2011","CEO","","X","X","X","","","","","","","","",""
"PERFUSIONIST","industry-specific","medical","Healthcare Practitioners and Technical Workers, All Other","29","29-9000","29-9090","29-9099","PROFESSIONAL","","X","","","","","X","","","","","",""
"PHARMACIST","industry-specific","medical","Pharmacists","29","29-1000","29-1050","29-1051","PROFESSIONAL","","X","","","","","X","","","","","",""
"PHILANTHROPY","operations","fundraising and membership","Fundraisers","13","13-1000","13-1130","13-1131","STAFF","","X","","","","","X","","","","","",""
"PILOT","industry-specific","public safety","Commercial Pilots","53","53-2000","53-2010","53-2012","PROFESSIONAL","","X","","","","","X","","","","","",""
"POLITICAL DIRECTOR","operations","programs and events","","","","","","MANAGER","","X","","","","X","","","","","","",""
"POLITICIAN","non-job title","none","","","","","","","","","","","","","","","","","","",""
"POST COMMANDER","industry-specific","military","","","","","","CEO","","X","X","X","","","","","","","","",""
"PRELATE","industry-specific","religion","","","","","","STAFF","","X","","","","","X","","","","","",""
"PRESIDENT","executive","general management","Chief Executives","11","11-1000","11-1010","11-1011","CEO","","X","X","X","","","","","","","","",""
"PRESIDENT OF MEDICAL STAFF","industry-specific","medical","Physicians","29","29-1000","29-1210","","PROFESSIONAL","","X","","","","","X","","","","","",""
"PRINCIPAL","industry-specific","education","Education Administrators, Kindergarten through Secondary","11","11-9000","11-9030","11-9032","CEO","","X","X","X","","","","","","","","",""
"PRODUCER","industry-specific","arts and history","Producers and Directors","27","27-2000","27-2010","27-2012","STAFF","","X","","","","","X","","","","","",""
"PRODUCING DIRECTOR","industry-specific","arts and history","Producers and Directors","27","27-2000","27-2010","27-2012","OFFICER","","X","","X","","","","","","","","",""
"PRODUCTION","industry-specific","arts and history","Producers and Directors","27","27-2000","27-2010","27-2012","STAFF","","X","","","","","X","","","","","",""
"PRODUCTION ASSISTANT","industry-specific","arts and history","","","","","","STAFF","","X","","","","","X","","","","","",""
"PRODUCTION MANAGER","industry-specific","arts and history","Producers and Directors","27","27-2000","27-2010","27-2012","MANAGER","","X","","","","X","","","","","","",""
"PROFESSOR","industry-specific","higher education","Postsecondary Teachers","25","25-1000","","","PROFESSIONAL","","X","","","","","X","","","","","",""
"PROGRAMMING","operations","programs and events","","","","","","STAFF","","X","","","","","X","","","","","",""
"PROGRAMS","operations","programs and events","","","","","","STAFF","","X","","","","","X","","","","","",""
"PROGRAMS COORDINATOR","operations","programs and events","Community and Social Service Specialists, All Other","21","21-1000","21-1090","21-1099","STAFF","","X","","","","","X","","","","","",""
"PROGRAMS DIRECTOR","operations","programs and events","Social and Community Service Managers","11","11-9000","11-9150","11-9151","MANAGER","","X","","","","X","","","","","","",""
"PROGRAMS MANAGER","operations","programs and events","Social and Community Service Managers","11","11-9000","11-9150","11-9151","MANAGER","","X","","","","X","","","","","","",""
"PROGRAMS OFFICER","operations","programs and events","Community and Social Service Specialists, All Other","21","21-1000","21-1090","21-1099","STAFF","","X","","","","","X","","","","","",""
"PROGRAMS VICE PRESIDENT","operations","programs and events","Social and Community Service Managers","11","11-9000","11-9150","11-9151","OFFICER","","X","","X","","","","","","","","",""
"PROJECT MANAGER","operations","administration","Project Management Specialists","13","13-1000","13-1080","13-1082","MANAGER","","X","","","","X","","","","","","",""
"PROJECTS DIRECTOR","operations","administration","","","","","","MANAGER","","X","","","","X","","","","","","",""
"PROVOST","industry-specific","higher education","Education Administrators, Postsecondary","11","11-9000","11-9030","11-9033","OFFICER","","X","","X","","","","","","","","",""
"PUBLIC RELATIONS","operations","marketing and communications","Public Relations Specialists","27","27-3000","27-3030","27-3031","STAFF","","X","","","","","X","","","","","",""
"PUBLIC RELATIONS ASSOCIATE","operations","marketing and communications","Public Relations Specialists","27","27-3000","27-3030","27-3031","STAFF","","X","","","","","X","","","","","",""
"PUBLIC SAFETY","operations","facilities","","","","","","STAFF","","X","","","","","X","","","","","",""
"PUBLISHER","operations","writers and editors","Media and Communication Workers, All Other","27","27-3000","27-3090","27-3099","STAFF","","X","","","","","X","","","","","",""
"RECRUITMENT","operations","human resources","Human Resources Specialists","13","13-1000","13-1070","13-1071","STAFF","","X","","","","","X","","","","","",""
"REGIONAL DIRECTOR","operations","administration","General and Operations Managers","11","11-1000","11-1020","11-1021","MANAGER","","X","","","","X","","","","","","",""
"REGIONAL MANAGER","operations","administration","General and Operations Managers","11","11-1000","11-1020","11-1021","MANAGER","","X","","","","X","","","","","","",""
"REGIONAL VICE PRESIDENT","executive","general management","General and Operations Managers","11","11-1000","11-1020","11-1021","OFFICER","","X","","X","","","","","","","","",""
"REGISTRAR","industry-specific","higher education","Educational Instruction and Library Workers, All Other","25","25-9000","25-9090","25-9099","STAFF","","X","","","","","X","","","","","",""
"SCHOLARSHIPS","industry-specific","higher education","","","","","","STAFF","","X","","","","","X","","","","","",""
"SCIENTIST","operations","research and development","","","","","","PROFESSIONAL","","X","","","","","X","","","","","",""
"SCOUT EXECUTIVE","operations","programs and events","Chief Executives","11","11-1000","11-1010","11-1011","CEO","","X","X","X","","","","","","","","",""
"SECRETARY","operations","administration","Secretaries and Administrative Assistants","43","43-6000","43-6010","","STAFF","","X","","","","","X","","","","","",""
"SECRETARY GENERAL","executive","general management","Chief Executives","11","11-1000","11-1010","11-1011","OFFICER","","X","","X","","","","","","","","",""
"SENIOR CURATOR","industry-specific","arts and history","Curators","25","25-4000","25-4010","25-4012","PROFESSIONAL","","X","","","","","X","","","","","",""
"SENIOR DIRECTOR OF DEVELOPMENT","operations","fundraising and membership","Fundraising Managers","11","11-2000","11-2030","11-2033","MANAGER","","X","","","","X","","","","","","",""
"SENIOR DIRECTOR OF OPERATIONS","operations","administration","General and Operations Managers","11","11-1000","11-1020","11-1021","MANAGER","","X","","","","X","","","","","","",""
"SENIOR DIRECTOR OF PROGRAMS","operations","programs and events","Social and Community Service Managers","11","11-9000","11-9150","11-9151","MANAGER","","X","","","","X","","","","","","",""
"SENIOR DIRECTOR OF STRATEGY AND ENGAGEMENT","operations","business development","General and Operations Managers","11","11-1000","11-1020","11-1021","MANAGER","","X","","","","X","","","","","","",""
"SENIOR EDITOR","operations","writers and editors","Editors","27","27-3000","27-3040","27-3041","STAFF","","X","","","","","X","","","","","",""
"SENIOR EXECUTIVE VICE PRESIDENT","executive","general management","General and Operations Managers","11","11-1000","11-1020","11-1021","OFFICER","","X","","X","","","","","","","","",""
"SENIOR FELLOW","operations","research and development","","","","","","PROFESSIONAL","","X","","","","","X","","","","","",""
"SENIOR INSTRUCTOR","industry-specific","education","Teachers and Instructors, All Other","25","25-3000","25-3090","25-3099","STAFF","","X","","","","","X","","","","","",""
"SENIOR PROGRAMS OFFICER","operations","programs and events","Social and Community Service Managers","11","11-9000","11-9150","11-9151","MANAGER","","X","","","","X","","","","","","",""
"SENIOR VICE PRESIDENT","executive","general management","General and Operations Managers","11","11-1000","11-1020","11-1021","OFFICER","","X","","X","","","","","","","","",""
"SENIOR VICE PRESIDENT OF ADVANCEMENT","operations","fundraising and membership","Fundraising Managers","11","11-2000","11-2030","11-2033","OFFICER","","X","","X","","","","","","","","",""
"SENIOR VICE PRESIDENT OF BUSINESS DEVELOPMENT","operations","business development","General and Operations Managers","11","11-1000","11-1020","11-1021","OFFICER","","X","","X","","","","","","","","",""
"SENIOR VICE PRESIDENT OF FINANCE","operations","finance","Financial Managers","11","11-3000","11-3030","11-3031","OFFICER","","X","","X","","","","","","","","",""
"SENIOR VICE PRESIDENT OF FINANCE AND ADMINISTRATION","operations","finance","Financial Managers","11","11-3000","11-3030","11-3031","OFFICER","","X","","X","","","","","","","","",""
"SENIOR VICE PRESIDENT OF HOUSING OPERATIONS","industry-specific","housing","Property, Real Estate, and Community Association Managers","11","11-9000","11-9140","11-9141","OFFICER","","X","","X","","","","","","","","",""
"SENIOR VICE PRESIDENT OF OPERATIONS","executive","general management","General and Operations Managers","11","11-1000","11-1020","11-1021","OFFICER","","X","","X","","","","","","","","",""
"SENIOR VICE PRESIDENT OF PRODUCTION","industry-specific","arts and history","Producers and Directors","27","27-2000","27-2010","27-2012","OFFICER","","X","","X","","","","","","","","",""
"SOCIAL","industry-specific","social services","Counselors","21","21-1000","21-1010","","STAFF","","X","","","","","X","","","","","",""
"SOCIAL WORKER","industry-specific","social services","Counselors","21","21-1000","21-1010","","STAFF","","X","","","","","X","","","","","",""
"SPORTS","industry-specific","recreation and sports","Athletes, Coaches, Umpires, and Related Workers","27","27-2000","27-2020","","STAFF","","X","","","","","X","","","","","",""
"SPORTS DIRECTOR","industry-specific","recreation and sports","Coaches and Scouts","27","27-2000","27-2020","27-2022","MANAGER","","X","","","","X","","","","","","",""
"STAFF","operations","administration","","","","","","STAFF","","X","","","","","X","","","","","",""
"STAFF REPRESENTATIVE","operations","administration","Business Operations Specialists, All Other","13","13-1000","13-1190","13-1199","PROFESSIONAL","","X","","","","","X","","","","","",""
"STATION MANAGER","operations","administration","General and Operations Managers","11","11-1000","11-1020","11-1021","MANAGER","","X","","","","X","","","","","","",""
"STRATEGY","operations","business development","","","","","","STAFF","","X","","","","","X","","","","","",""
"STUDIO DIRECTOR","operations","facilities","","","","","","MANAGER","","X","","","","X","","","","","","",""
"SUPERINTENDENT","industry-specific","education","Education Administrators, Kindergarten through Secondary","11","11-9000","11-9030","11-9032","CEO","","X","X","X","","","","","","","","",""
"SUPERVISOR","operations","administration","","","","","","MANAGER","","X","","","","X","","","","","","",""
"SURGEON","industry-specific","medical","Surgeons","29","29-1000","29-1240","","PROFESSIONAL","","X","","","","","X","","","","","",""
"SURGEON GENERAL","industry-specific","medical","","","","","","MANAGER","","X","","","","X","","","","","","",""
"TEACHER","industry-specific","education","Preschool, Elementary, Middle, Secondary, and Special Education Teachers","25","25-2000","","","STAFF","","X","","","","","X","","","","","",""
"TEAM LEADER","operations","administration","","","","","","MANAGER","","X","","","","X","","","","","","",""
"TECHNOLOGY","operations","technology","Computer Occupations","15","15-1200","","","STAFF","","X","","","","","X","","","","","",""
"THERAPIST","industry-specific","medical","Therapists","29","29-1000","29-1120","","PROFESSIONAL","","X","","","","","X","","","","","",""
"TRAINING","operations","human resources","Training and Development Specialists","13","13-1000","13-1150","13-1151","STAFF","","X","","","","","X","","","","","",""
"TRAINING COORDINATOR","operations","human resources","Training and Development Specialists","13","13-1000","13-1150","13-1151","STAFF","","X","","","","","X","","","","","",""
"TRAINING DIRECTOR","operations","human resources","Training and Development Managers","11","11-3000","11-3130","11-3131","MANAGER","","X","","","","X","","","","","","",""
"TRAINING OFFICER","operations","human resources","Training and Development Specialists","13","13-1000","13-1150","13-1151","STAFF","","X","","","","","X","","","","","",""
"UNDERGRAD DIRECTOR","industry-specific","higher education","Education Administrators, Postsecondary","11","11-9000","11-9030","11-9033","MANAGER","","X","","","","X","","","","","","",""
"VETERINARIAN","industry-specific","medical","Veterinarians","29","29-1000","29-1130","29-1131","PROFESSIONAL","","X","","","","","X","","","","","",""
"VICE CEO","executive","general management","Chief Executives","11","11-1000","11-1010","11-1011","OFFICER","","X","","X","","","","","","","","",""
"VICE PRESIDENT","executive","general management","General and Operations Managers","11","11-1000","11-1020","11-1021","OFFICER","","X","","X","","","","","","","","",""
"VICE PRESIDENT AND CIO","operations","technology","Computer and Information Systems Managers","11","11-3000","11-3020","11-3021","OFFICER","","X","","X","","","","","","","","",""
"VICE PRESIDENT OF ACADEMICS","industry-specific","higher education","Education Administrators, Postsecondary","11","11-9000","11-9030","11-9033","OFFICER","","X","","X","","","","","","","","",""
"VICE PRESIDENT OF ACADEMICS AFFAIRS","industry-specific","higher education","Education Administrators, Postsecondary","11","11-9000","11-9030","11-9033","OFFICER","","X","","X","","","","","","","","",""
"VICE PRESIDENT OF ACQUISITIONS AND PROJECTS","operations","business development","","","","","","OFFICER","","X","","X","","","","","","","","",""
"VICE PRESIDENT OF ADMINISTRATION","operations","administration","Administrative Services Managers","11","11-3000","11-3010","11-3012","OFFICER","","X","","X","","","","","","","","",""
"VICE PRESIDENT OF ADVANCEMENT","operations","fundraising and membership","Fundraising Managers","11","11-2000","11-2030","11-2033","OFFICER","","X","","X","","","","","","","","",""
"VICE PRESIDENT OF BUSINESS DEVELOPMENT","operations","business development","General and Operations Managers","11","11-1000","11-1020","11-1021","OFFICER","","X","","X","","","","","","","","",""
"VICE PRESIDENT OF BUSINESS OPERATIONS","executive","general management","General and Operations Managers","11","11-1000","11-1020","11-1021","OFFICER","","X","","X","","","","","","","","",""
"VICE PRESIDENT OF COLLECTIONS","industry-specific","arts and history","Curators","25","25-4000","25-4010","25-4012","OFFICER","","X","","X","","","","","","","","",""
"VICE PRESIDENT OF COMMUNICATIONS","operations","marketing and communications","Advertising and Promotions Managers","11","11-2000","11-2010","11-2011","OFFICER","","X","","X","","","","","","","","",""
"VICE PRESIDENT OF COMMUNICATIONS AND OPERATIONS","executive","general management","General and Operations Managers","11","11-1000","11-1020","11-1021","OFFICER","","X","","X","","","","","","","","",""
"VICE PRESIDENT OF COMMUNITY","operations","programs and events","","","","","","OFFICER","","X","","X","","","","","","","","",""
"VICE PRESIDENT OF CORPORATE RECORDS","operations","marketing and communications","","","","","","OFFICER","","X","","X","","","","","","","","",""
"VICE PRESIDENT OF DEVELOPMENT","operations","fundraising and membership","Fundraising Managers","11","11-2000","11-2030","11-2033","OFFICER","","X","","X","","","","","","","","",""
"VICE PRESIDENT OF ECONOMIC DEVELOPMENT","operations","business development","General and Operations Managers","11","11-1000","11-1020","11-1021","OFFICER","","X","","X","","","","","","","","",""
"VICE PRESIDENT OF EDUCATION","industry-specific","education","Education Administrators, All Other","11","11-9000","11-9030","11-9039","OFFICER","","X","","X","","","","","","","","",""
"VICE PRESIDENT OF EDUCATION AND GUEST EXPERIENCE","industry-specific","education","Education Administrators, All Other","11","11-9000","11-9030","11-9039","OFFICER","","X","","X","","","","","","","","",""
"VICE PRESIDENT OF EVENTS","operations","programs and events","Meeting, Convention, and Event Planners","13","13-1000","13-1120","13-1121","OFFICER","","X","","X","","","","","","","","",""
"VICE PRESIDENT OF EXHIBITS","industry-specific","arts and history","Set and Exhibit Designers","27","27-1000","27-1020","27-1027","OFFICER","","X","","X","","","","","","","","",""
"VICE PRESIDENT OF EXTERNAL AFFAIRS","operations","marketing and communications","Public Relations Managers","11","11-2000","11-2030","11-2032","OFFICER","","X","","X","","","","","","","","",""
"VICE PRESIDENT OF FACILITIES","operations","facilities","Facilities Managers","11","11-3000","11-3010","11-3013","OFFICER","","X","","X","","","","","","","","",""
"VICE PRESIDENT OF FINANCE","operations","finance","Financial Managers","11","11-3000","11-3030","11-3031","OFFICER","","X","","X","","","","","","","","",""
"VICE PRESIDENT OF FINANCE AND ADMINISTRATION","operations","finance","Financial Managers","11","11-3000","11-3030","11-3031","OFFICER","","X","","X","","","","","","","","",""
"VICE PRESIDENT OF FINANCE AND OPERATIONS","operations","finance","Financial Managers","11","11-3000","11-3030","11-3031","OFFICER","","X","","X","","","","","","","","",""
"VICE PRESIDENT OF FUNDRAISING","operations","fundraising and membership","Fundraising Managers","11","11-2000","11-2030","11-2033","OFFICER","","X","","X","","","","","","","","",""
"VICE PRESIDENT OF GOVERNMENT AFFAIRS","operations","marketing and communications","Public Relations Managers","11","11-2000","11-2030","11-2032","OFFICER","","X","","X","","","","","","","","",""
"VICE PRESIDENT OF HEALTH","industry-specific","medical","Medical and Health Services Managers","11","11-9000","11-9110","11-9111","OFFICER","","X","","X","","","","","","","","",""
"VICE PRESIDENT OF HEALTH CARE OPERATIONS","industry-specific","medical","Medical and Health Services Managers","11","11-9000","11-9110","11-9111","OFFICER","","X","","X","","","","","","","","",""
"VICE PRESIDENT OF HOSPITALITY","industry-specific","hospitality","Lodging Managers","11","11-9000","11-9080","11-9081","OFFICER","","X","","X","","","","","","","","",""
"VICE PRESIDENT OF HOUSING","industry-specific","housing","Property, Real Estate, and Community Association Managers","11","11-9000","11-9140","11-9141","OFFICER","","X","","X","","","","","","","","",""
"VICE PRESIDENT OF HOUSING OPERATIONS","industry-specific","housing","Property, Real Estate, and Community Association Managers","11","11-9000","11-9140","11-9141","OFFICER","","X","","X","","","","","","","","",""
"VICE PRESIDENT OF HUMAN RESOURCES","operations","human resources","Human Resources Managers","11","11-3000","11-3120","11-3121","OFFICER","","X","","X","","","","","","","","",""
"VICE PRESIDENT OF INFORMATION TECHNOLOGY","operations","technology","Computer and Information Systems Managers","11","11-3000","11-3020","11-3021","OFFICER","","X","","X","","","","","","","","",""
"VICE PRESIDENT OF INSTITUTIONAL ADVANCEMENT","operations","fundraising and membership","Fundraising Managers","11","11-2000","11-2030","11-2033","OFFICER","","X","","X","","","","","","","","",""
"VICE PRESIDENT OF LEGAL","operations","legal","Lawyers","23","23-1000","23-1010","23-1011","OFFICER","","X","","X","","","","","","","","",""
"VICE PRESIDENT OF LENDING","operations","finance","Financial Managers","11","11-3000","11-3030","11-3031","OFFICER","","X","","X","","","","","","","","",""
"VICE PRESIDENT OF MARKETING","operations","marketing and communications","Marketing Managers","11","11-2000","11-2020","11-2021","OFFICER","","X","","X","","","","","","","","",""
"VICE PRESIDENT OF MARKETING AND COMMUNICATIONS","operations","marketing and communications","Marketing Managers","11","11-2000","11-2020","11-2021","OFFICER","","X","","X","","","","","","","","",""
"VICE PRESIDENT OF MARKETING AND PUBLICITY","operations","marketing and communications","Marketing Managers","11","11-2000","11-2020","11-2021","OFFICER","","X","","X","","","","","","","","",""
"VICE PRESIDENT OF MEDICAL AFFAIRS","industry-specific","medical","Medical and Health Services Managers","11","11-9000","11-9110","11-9111","OFFICER","","X","","X","","","","","","","","",""
"VICE PRESIDENT OF MEMBERSHIP","operations","fundraising and membership","Fundraising Managers","11","11-2000","11-2030","11-2033","OFFICER","","X","","X","","","","","","","","",""
"VICE PRESIDENT OF MEMBERSHIPS","operations","fundraising and membership","Fundraising Managers","11","11-2000","11-2030","11-2033","OFFICER","","X","","X","","","","","","","","",""
"VICE PRESIDENT OF MUSEUM EXPERIENCE","industry-specific","arts and history","","","","","","OFFICER","","X","","X","","","","","","","","",""
"VICE PRESIDENT OF MUSIC","industry-specific","arts and history","Music Directors and Composers","27","27-2000","27-2040","27-2041","OFFICER","","X","","X","","","","","","","","",""
"VICE PRESIDENT OF OPERATIONS","executive","general management","General and Operations Managers","11","11-1000","11-1020","11-1021","OFFICER","","X","","X","","","","","","","","",""
"VICE PRESIDENT OF PHILANTHROPY","operations","fundraising and membership","Fundraising Managers","11","11-2000","11-2030","11-2033","OFFICER","","X","","X","","","","","","","","",""
"VICE PRESIDENT OF PRODUCTION","industry-specific","arts and history","Producers and Directors","27","27-2000","27-2010","27-2012","OFFICER","","X","","X","","","","","","","","",""
"VICE PRESIDENT OF PROGRAMMING","operations","programs and events","","","","","","OFFICER","","X","","X","","","","","","","","",""
"VICE PRESIDENT OF PROGRAMS","operations","programs and events","Social and Community Service Managers","11","11-9000","11-9150","11-9151","OFFICER","","X","","X","","","","","","","","",""
"VICE PRESIDENT OF PROJECTS","operations","programs and events","","","","","","OFFICER","","X","","X","","","","","","","","",""
"VICE PRESIDENT OF PUBLIC RELATIONS","operations","marketing and communications","Public Relations Managers","11","11-2000","11-2030","11-2032","OFFICER","","X","","X","","","","","","","","",""
"VICE PRESIDENT OF PUBLICITY","operations","marketing and communications","Public Relations Managers","11","11-2000","11-2030","11-2032","OFFICER","","X","","X","","","","","","","","",""
"VICE PRESIDENT OF REAL ESTATE DEVELOPMENT","operations","business development","Property, Real Estate, and Community Association Managers","11","11-9000","11-9140","11-9141","OFFICER","","X","","X","","","","","","","","",""
"VICE PRESIDENT OF RESEARCH","operations","research and development","Life, Physical, and Social Science Occupations","19","","","","OFFICER","","X","","X","","","","","","","","",""
"VICE PRESIDENT OF RISK MANAGEMENT","operations","business development","","","","","","OFFICER","","X","","X","","","","","","","","",""
"VICE PRESIDENT OF SALES","operations","marketing and communications","Marketing Managers","11","11-2000","11-2020","11-2021","OFFICER","","X","","X","","","","","","","","",""
"VICE PRESIDENT OF SALES AND MARKETING","operations","marketing and communications","Marketing Managers","11","11-2000","11-2020","11-2021","OFFICER","","X","","X","","","","","","","","",""
"VICE PRESIDENT OF STRATEGY","operations","business development","General and Operations Managers","11","11-1000","11-1020","11-1021","OFFICER","","X","","X","","","","","","","","",""
"VICE PRESIDENT OF TECHNOLOGY","operations","technology","Computer and Information Systems Managers","11","11-3000","11-3020","11-3021","OFFICER","","X","","X","","","","","","","","",""
"VICE PRESIDENT OF UNIVERSITY ADVANCEMENT","industry-specific","higher education","Fundraising Managers","11","11-2000","11-2030","11-2033","OFFICER","","X","","X","","","","","","","","",""
"VICE PRESIDENT OF VOLUNTEERS","operations","human resources","","","","","","OFFICER","","X","","X","","","","","","","","",""
"VOLUNTEER","operations","administration","","","","","","STAFF","","X","","","","","X","","","","","",""
"VOLUNTEER COORDINATOR","operations","human resources","Human Resources Specialists","13","13-1000","13-1070","13-1071","STAFF","","X","","","","","X","","","","","",""
"VOLUNTEER DIRECTOR","operations","human resources","","","","","","MANAGER","","X","","","","X","","","","","","",""
"WARDEN","industry-specific","religion","","","","","","STAFF","","X","","","","","X","","","","","",""
"WEBMASTER","operations","technology","Web Developers","15","15-1200","15-1250","15-1254","STAFF","","X","","","","","X","","","","","",""
"WRITER","operations","writers and editors","Editors","27","27-3000","27-3040","27-3041","STAFF","","X","","","","","X","","","","","",""
"YOUTH DIRECTOR","operations","programs and events","Social and Community Service Managers","11","11-9000","11-9150","11-9151","MANAGER","","X","","","","X","","","","","","",""
