"status.variant","status.qualifier"
"AS NEEDED","AT LARGE"
"AT LARGE","AT LARGE"
"AT-LARGE","AT LARGE"
"PROXY","AT LARGE"
"AT LG","AT LARGE"
"CURRENT","CURRENT"
"EX OFFICIO","EXOFFICIO"
"EX-OFFICIO","EXOFFICIO"
"EXOFFICIO","EXOFFICIO"
"OFFICIO","EXOFFICIO"
"CEASED","FORMER"
"DECEASED","FORMER"
"EMERITUS","FORMER"
"FORMER","FORMER"
"FRMR","FORMER"
"IMMED PAST","FORMER"
"IMMEDIATE","FORMER"
"IMMEDIATE PA","FORMER"
"IMMEDIATE PAST","FORMER"
"PAST","FORMER"
"IMMED PAST","FORMER"
"PREVIOUS","FORMER"
"PRIOR","FORMER"
"RETIRED","FORMER"
"FOUNDER","FOUNDER"
"FOUNDING","FOUNDER"
"CO-FOUNDER","FOUNDER"
"CO-FOUNDING","FOUNDER"
"AFTER","FUTURE"
"BEG","FUTURE"
"BEGAN","FUTURE"
"BEGI","FUTURE"
"BEGIN","FUTURE"
"BEGINNING","FUTURE"
"EFF","FUTURE"
"EFFECTIVE","FUTURE"
"EL","FUTURE"
"ELECT","FUTURE"
"ENTER","FUTURE"
"ENTERED","FUTURE"
"FRO","FUTURE"
"FROM","FUTURE"
"FUTURE","FUTURE"
"INCOMING","FUTURE"
"NEW","FUTURE"
"SIN","FUTURE"
"START","FUTURE"
"STARTED","FUTURE"
"STARTING","FUTURE"
"TERM BEG","FUTURE"
"TERM BEGIN","FUTURE"
"TERM BEGINNING","FUTURE"
"TERM START","FUTURE"
"TERM STARTED","FUTURE"
"THEN","FUTURE"
"AS OF","FUTURE"
"SINCE","FUTURE"
"APPT","FUTURE"
"INT","INTERIM"
"INTERIM","INTERIM"
"PRESENT","INTERIM"
"ACTING","INTERIM"
"TEMP","INTERIM"
"TEMPORARY","INTERIM"
"END DATE","OUTGOING"
"END","OUTGOING"
"ENDED","OUTGOING"
"ENDING","OUTGOING"
"EX","OUTGOING"
"EXITED","OUTGOING"
"EXIT","OUTGOING"
"EXPIRE","OUTGOING"
"EXPIRED","OUTGOING"
"EXPIRING","OUTGOING"
"LEAVING","OUTGOING"
"LEFT","OUTGOING"
"OUTGOING","OUTGOING"
"OUTGO","OUTGOING"
"RESIGN","OUTGOING"
"RESIGNED","OUTGOING"
"RESIGNING","OUTGOING"
"RETIRING","OUTGOING"
"ROLLED OFF","OUTGOING"
"TERM","OUTGOING"
"TERMED","OUTGOING"
"TERM END","OUTGOING"
"TERM ENDED","OUTGOING"
"TERM EXPIRED","OUTGOING"
"TERMINATED","OUTGOING"
"THR","OUTGOING"
"THROUGH","OUTGOING"
"THRU","OUTGOING"
"TIL","OUTGOING"
"UNT","OUTGOING"
"UNTIL","OUTGOING"
"UP TO","OUTGOING"
"UP UNTIL","OUTGOING"
"PART YEAR","PARTIAL"
"PARTIAL YEAR","PARTIAL"
"PARTIAL YR","PARTIAL"
"PART YR","PARTIAL"
"YEAR","PARTIAL"
"YR","PARTIAL"
"PART-YEAR","PARTIAL"
"MONTHS","PARTIAL"
"MONTH","PARTIAL"
"MOS","PARTIAL"
"AFRICA","REGIONAL"
"ALABAMA","REGIONAL"
"ALASKA","REGIONAL"
"ALBUQUERQUE","REGIONAL"
"AMERICA","REGIONAL"
"AREA","REGIONAL"
"ARIZONA","REGIONAL"
"ARKANSAS","REGIONAL"
"ARLINGTON","REGIONAL"
"ASIA","REGIONAL"
"ATLANTA","REGIONAL"
"AUSTIN","REGIONAL"
"AUSTRALIA","REGIONAL"
"BAKERSFIELD","REGIONAL"
"BALTIMORE","REGIONAL"
"BOSTON","REGIONAL"
"CALIFORNIA","REGIONAL"
"CANADA","REGIONAL"
"CANADIAN","REGIONAL"
"CAROLINAS","REGIONAL"
"CENTRAL","REGIONAL"
"CHAPTER","REGIONAL"
"CHARLOTTE","REGIONAL"
"CHICAGO","REGIONAL"
"CHINA","REGIONAL"
"CITY","REGIONAL"
"COLORADO","REGIONAL"
"COLORADO SPRINGS","REGIONAL"
"COLUMBUS","REGIONAL"
"CONNECTICUT","REGIONAL"
"DALLAS","REGIONAL"
"DC","REGIONAL"
"DELAWAR","REGIONAL"
"DELAWARE","REGIONAL"
"DENVER","REGIONAL"
"DETROIT","REGIONAL"
"DIST","REGIONAL"
"DISTRICT","REGIONAL"
"DISTRICT I","REGIONAL"
"DISTRICT II","REGIONAL"
"DISTRICT III","REGIONAL"
"DISTRICT IV","REGIONAL"
"DISTRICT IX","REGIONAL"
"DISTRICT V","REGIONAL"
"DISTRICT VI","REGIONAL"
"DISTRICT VII","REGIONAL"
"DISTRICT VIII","REGIONAL"
"DISTRICT X","REGIONAL"
"EAST","REGIONAL"
"EASTERN","REGIONAL"
"EL PASO","REGIONAL"
"EUROPE","REGIONAL"
"FLORIDA","REGIONAL"
"FORT WORTH","REGIONAL"
"FRESNO","REGIONAL"
"GEORGIA","REGIONAL"
"GREAT LAKES","REGIONAL"
"GREATER PACIFIC","REGIONAL"
"HAWAII","REGIONAL"
"HEARTLAND","REGIONAL"
"HEARTLANDS","REGIONAL"
"HOUSTON","REGIONAL"
"IDAHO","REGIONAL"
"ILLINOIS","REGIONAL"
"INDIANA","REGIONAL"
"INDIANAPOLIS","REGIONAL"
"INTERNATIONAL","REGIONAL"
"IOWA","REGIONAL"
"JACKSONVILLE","REGIONAL"
"JAPAN","REGIONAL"
"KANSAS","REGIONAL"
"KANSAS CITY","REGIONAL"
"KENTUCKY","REGIONAL"
"LAS VEGAS","REGIONAL"
"LATIN AMERICA","REGIONAL"
"LOCAL","REGIONAL"
"LONG BEACH","REGIONAL"
"LONG ISLAND","REGIONAL"
"LOS ANGELES","REGIONAL"
"LOUISIANA","REGIONAL"
"LOUISVILLE","REGIONAL"
"MAINE","REGIONAL"
"MARYLAND","REGIONAL"
"MASSACHUSETTS","REGIONAL"
"MEMPHIS","REGIONAL"
"MESA","REGIONAL"
"METRO","REGIONAL"
"METROPOLITAN","REGIONAL"
"MEXICO","REGIONAL"
"MIAMI","REGIONAL"
"MICHIGAN","REGIONAL"
"MID ATLANTIC","REGIONAL"
"MID EASTERN","REGIONAL"
"MIDWEST","REGIONAL"
"MILWAUKEE","REGIONAL"
"MINNEAPOLIS","REGIONAL"
"MINNESOTA","REGIONAL"
"MISSISSIPPI","REGIONAL"
"MISSOURI","REGIONAL"
"MONTANA","REGIONAL"
"MW","REGIONAL"
"NASHVILLE","REGIONAL"
"NATIONAL","REGIONAL"
"NC","REGIONAL"
"NE","REGIONAL"
"NEBRASKA","REGIONAL"
"NEVADA","REGIONAL"
"NEW ENGLAND","REGIONAL"
"NEW HAMPSHIRE","REGIONAL"
"NEW JERSEY","REGIONAL"
"NEW MEXICO","REGIONAL"
"NEW YORK","REGIONAL"
"NEW YORK CITY","REGIONAL"
"NJ","REGIONAL"
"NORTH","REGIONAL"
"NORTH AMERICA","REGIONAL"
"NORTH CAROLINA","REGIONAL"
"NORTH DAKOTA","REGIONAL"
"NORTHERN","REGIONAL"
"NW","REGIONAL"
"NY","REGIONAL"
"NYC","REGIONAL"
"NZ","REGIONAL"
"OAKLAND","REGIONAL"
"OHIO","REGIONAL"
"OKLAHOMA","REGIONAL"
"OKLAHOMA CITY","REGIONAL"
"OMAHA","REGIONAL"
"OREGON","REGIONAL"
"PA","REGIONAL"
"PACIFIC NORTHWEST","REGIONAL"
"PACIFIC SOUTHWEST","REGIONAL"
"PENNSYLVANIA","REGIONAL"
"PHILADELPHIA","REGIONAL"
"PHOENIX","REGIONAL"
"PORTLAND","REGIONAL"
"RALEIGH","REGIONAL"
"REGION","REGIONAL"
"REGIONAL","REGIONAL"
"RHODE ISLAND","REGIONAL"
"ROCKY MOUNTAIN","REGIONAL"
"SACRAMENTO","REGIONAL"
"SAN ANTONIO","REGIONAL"
"SAN DIEGO","REGIONAL"
"SAN FRANCISCO","REGIONAL"
"SAN JOSE","REGIONAL"
"SC","REGIONAL"
"SE","REGIONAL"
"SEATTLE","REGIONAL"
"SOUTH","REGIONAL"
"SOUTH AMERICA","REGIONAL"
"SOUTH CAROLINA","REGIONAL"
"SOUTH CENTRAL","REGIONAL"
"SOUTH DAKOTA","REGIONAL"
"SOUTHERN","REGIONAL"
"SOUTHEAST","REGIONAL"
"SOUTHWEST","REGIONAL"
"ST LOUIS","REGIONAL"
"SUN","REGIONAL"
"SUN BELT","REGIONAL"
"SW","REGIONAL"
"TENNESSEE","REGIONAL"
"TENNESSEE VALLEY","REGIONAL"
"TEXAS","REGIONAL"
"TX","REGIONAL"
"TUCSON","REGIONAL"
"TULSA","REGIONAL"
"UK","REGIONAL"
"UTAH","REGIONAL"
"VERMONT","REGIONAL"
"VIRGINIA","REGIONAL"
"VIRGINIA BEACH","REGIONAL"
"WASHINGTON","REGIONAL"
"WASHINGTON","REGIONAL"
"WEST","REGIONAL"
"WEST VIRGINIA","REGIONAL"
"WESTERN","REGIONAL"
"WICHITA","REGIONAL"
"WISCONSIN","REGIONAL"
"WYOMING","REGIONAL"
"NORTHEAST","REGIONAL"
"NORTHWEST","REGIONAL"
"SCHED O","SCHED O"
"SCHED-O","SCHED O"
"SCHEDULE O","SCHED O"
"SCHEDULE-O","SCHED O"
"SEE","SCHED O"
